TIME;TEMP;HUM;DEV
Thu, Aug 21 2025 14:27;24.4;64.3;HT_3C71BF28FBD8
Thu, Aug 21 2025 14:37;24.5;66.5;HT_3C71BF28FBD8
Thu, Aug 21 2025 14:47;26.4;58.9;HT_3C71BF28FBD8
Thu, Aug 21 2025 14:57;27.1;53.5;HT_3C71BF28FBD8
Thu, Aug 21 2025 15:07;27.4;51.0;HT_3C71BF28FBD8
Thu, Aug 21 2025 15:17;27.5;49.7;HT_3C71BF28FBD8
Thu, Aug 21 2025 15:27;27.6;49.6;HT_3C71BF28FBD8
Thu, Aug 21 2025 15:37;27.7;49.3;HT_3C71BF28FBD8
Thu, Aug 21 2025 15:47;27.8;49.1;HT_3C71BF28FBD8
Thu, Aug 21 2025 15:57;27.9;50.1;HT_3C71BF28FBD8
Thu, Aug 21 2025 16:07;28.0;50.6;HT_3C71BF28FBD8
Thu, Aug 21 2025 16:17;28.2;52.1;HT_3C71BF28FBD8
Thu, Aug 21 2025 16:27;28.3;52.7;HT_3C71BF28FBD8
Thu, Aug 21 2025 16:37;28.4;53.3;HT_3C71BF28FBD8
Thu, Aug 21 2025 16:47;28.5;53.6;HT_3C71BF28FBD8
Thu, Aug 21 2025 16:57;28.6;53.7;HT_3C71BF28FBD8
Thu, Aug 21 2025 17:07;28.8;53.8;HT_3C71BF28FBD8
Thu, Aug 21 2025 17:17;28.8;53.7;HT_3C71BF28FBD8
Thu, Aug 21 2025 17:27;28.9;53.8;HT_3C71BF28FBD8
Thu, Aug 21 2025 17:37;29.0;53.5;HT_3C71BF28FBD8
Thu, Aug 21 2025 17:47;29.1;53.6;HT_3C71BF28FBD8
Thu, Aug 21 2025 17:57;29.1;53.7;HT_3C71BF28FBD8
Thu, Aug 21 2025 18:07;29.2;54.1;HT_3C71BF28FBD8
Thu, Aug 21 2025 18:17;29.3;54.2;HT_3C71BF28FBD8
Thu, Aug 21 2025 18:27;29.4;54.2;HT_3C71BF28FBD8
Thu, Aug 21 2025 18:37;29.4;54.1;HT_3C71BF28FBD8
Thu, Aug 21 2025 18:47;29.5;54.0;HT_3C71BF28FBD8
Thu, Aug 21 2025 18:57;29.6;53.9;HT_3C71BF28FBD8
Thu, Aug 21 2025 19:07;29.6;53.7;HT_3C71BF28FBD8
Thu, Aug 21 2025 19:17;29.7;54.0;HT_3C71BF28FBD8
Thu, Aug 21 2025 19:27;29.7;53.8;HT_3C71BF28FBD8
Thu, Aug 21 2025 19:37;29.8;53.6;HT_3C71BF28FBD8
Thu, Aug 21 2025 19:47;29.8;53.4;HT_3C71BF28FBD8
Thu, Aug 21 2025 19:57;29.9;53.1;HT_3C71BF28FBD8
Thu, Aug 21 2025 20:07;29.9;52.8;HT_3C71BF28FBD8
Thu, Aug 21 2025 20:17;29.9;52.7;HT_3C71BF28FBD8
Thu, Aug 21 2025 20:27;30.0;52.4;HT_3C71BF28FBD8
Thu, Aug 21 2025 20:37;30.0;52.6;HT_3C71BF28FBD8
Thu, Aug 21 2025 20:47;30.1;52.7;HT_3C71BF28FBD8
Thu, Aug 21 2025 20:57;30.1;52.4;HT_3C71BF28FBD8
Thu, Aug 21 2025 21:07;30.1;52.3;HT_3C71BF28FBD8
Thu, Aug 21 2025 21:17;30.1;51.9;HT_3C71BF28FBD8
Thu, Aug 21 2025 21:27;30.2;51.7;HT_3C71BF28FBD8
Thu, Aug 21 2025 21:37;30.2;51.7;HT_3C71BF28FBD8
Thu, Aug 21 2025 21:47;30.2;51.5;HT_3C71BF28FBD8
Thu, Aug 21 2025 21:57;30.2;51.5;HT_3C71BF28FBD8
Thu, Aug 21 2025 22:07;30.3;51.3;HT_3C71BF28FBD8
Thu, Aug 21 2025 22:17;30.3;51.1;HT_3C71BF28FBD8
Thu, Aug 21 2025 22:27;30.3;51.1;HT_3C71BF28FBD8
Thu, Aug 21 2025 22:37;30.3;51.0;HT_3C71BF28FBD8
Thu, Aug 21 2025 22:47;30.3;51.4;HT_3C71BF28FBD8
Thu, Aug 21 2025 22:57;30.3;51.0;HT_3C71BF28FBD8
Thu, Aug 21 2025 23:07;30.4;52.1;HT_3C71BF28FBD8
Thu, Aug 21 2025 23:17;30.4;50.9;HT_3C71BF28FBD8
Thu, Aug 21 2025 23:27;30.4;50.8;HT_3C71BF28FBD8
Thu, Aug 21 2025 23:37;30.4;52.4;HT_3C71BF28FBD8
Thu, Aug 21 2025 23:47;30.5;51.6;HT_3C71BF28FBD8
Thu, Aug 21 2025 23:57;30.4;51.2;HT_3C71BF28FBD8
Fri, Aug 22 2025 00:07;30.5;50.8;HT_3C71BF28FBD8
Fri, Aug 22 2025 00:17;30.5;51.3;HT_3C71BF28FBD8
Fri, Aug 22 2025 00:27;30.5;50.5;HT_3C71BF28FBD8
Fri, Aug 22 2025 00:37;30.5;50.6;HT_3C71BF28FBD8
Fri, Aug 22 2025 00:47;30.5;50.6;HT_3C71BF28FBD8
Fri, Aug 22 2025 00:57;30.5;51.8;HT_3C71BF28FBD8
Fri, Aug 22 2025 01:07;30.5;50.8;HT_3C71BF28FBD8
Fri, Aug 22 2025 01:17;30.5;51.0;HT_3C71BF28FBD8
Fri, Aug 22 2025 01:27;30.5;51.6;HT_3C71BF28FBD8
Fri, Aug 22 2025 01:37;30.6;53.0;HT_3C71BF28FBD8
Fri, Aug 22 2025 01:47;30.6;52.1;HT_3C71BF28FBD8
Fri, Aug 22 2025 01:57;30.6;52.6;HT_3C71BF28FBD8
Fri, Aug 22 2025 02:07;30.6;51.3;HT_3C71BF28FBD8
Fri, Aug 22 2025 02:17;30.6;50.9;HT_3C71BF28FBD8
Fri, Aug 22 2025 02:27;30.6;52.3;HT_3C71BF28FBD8
Fri, Aug 22 2025 02:37;30.6;54.7;HT_3C71BF28FBD8
Fri, Aug 22 2025 02:47;30.6;52.9;HT_3C71BF28FBD8
Fri, Aug 22 2025 02:57;30.6;53.3;HT_3C71BF28FBD8
Fri, Aug 22 2025 03:07;30.6;53.2;HT_3C71BF28FBD8
Fri, Aug 22 2025 03:17;30.6;51.8;HT_3C71BF28FBD8
Fri, Aug 22 2025 03:27;30.6;52.6;HT_3C71BF28FBD8
Fri, Aug 22 2025 03:37;30.6;52.0;HT_3C71BF28FBD8
Fri, Aug 22 2025 03:47;30.6;52.7;HT_3C71BF28FBD8
Fri, Aug 22 2025 03:57;30.6;55.0;HT_3C71BF28FBD8
Fri, Aug 22 2025 04:07;30.6;53.5;HT_3C71BF28FBD8
Fri, Aug 22 2025 04:17;30.6;53.8;HT_3C71BF28FBD8
Fri, Aug 22 2025 04:27;30.6;52.1;HT_3C71BF28FBD8
Fri, Aug 22 2025 04:37;30.6;51.7;HT_3C71BF28FBD8
Fri, Aug 22 2025 04:47;30.6;54.7;HT_3C71BF28FBD8
Fri, Aug 22 2025 04:57;30.6;52.3;HT_3C71BF28FBD8
Fri, Aug 22 2025 05:07;30.6;53.0;HT_3C71BF28FBD8
Fri, Aug 22 2025 05:17;30.6;52.2;HT_3C71BF28FBD8
Fri, Aug 22 2025 05:27;30.6;51.7;HT_3C71BF28FBD8
Fri, Aug 22 2025 05:37;30.6;53.1;HT_3C71BF28FBD8
Fri, Aug 22 2025 05:47;30.6;52.7;HT_3C71BF28FBD8
Fri, Aug 22 2025 05:57;30.6;51.8;HT_3C71BF28FBD8
Fri, Aug 22 2025 06:07;30.6;54.1;HT_3C71BF28FBD8
Fri, Aug 22 2025 06:17;30.5;52.7;HT_3C71BF28FBD8
Fri, Aug 22 2025 06:27;30.6;53.6;HT_3C71BF28FBD8
Fri, Aug 22 2025 06:37;30.6;52.6;HT_3C71BF28FBD8
Fri, Aug 22 2025 06:47;30.6;53.7;HT_3C71BF28FBD8
Fri, Aug 22 2025 06:57;30.4;55.8;HT_3C71BF28FBD8
Fri, Aug 22 2025 07:07;30.4;57.1;HT_3C71BF28FBD8
Fri, Aug 22 2025 07:17;30.5;56.0;HT_3C71BF28FBD8
Fri, Aug 22 2025 07:27;30.5;57.2;HT_3C71BF28FBD8
Fri, Aug 22 2025 07:37;30.4;58.6;HT_3C71BF28FBD8
Fri, Aug 22 2025 07:47;30.4;59.2;HT_3C71BF28FBD8
Fri, Aug 22 2025 07:57;30.4;59.3;HT_3C71BF28FBD8
Fri, Aug 22 2025 08:07;30.5;58.3;HT_3C71BF28FBD8
Fri, Aug 22 2025 08:17;30.5;59.6;HT_3C71BF28FBD8
Fri, Aug 22 2025 08:27;30.6;58.8;HT_3C71BF28FBD8
Fri, Aug 22 2025 08:37;30.7;57.4;HT_3C71BF28FBD8
Fri, Aug 22 2025 08:47;30.8;58.6;HT_3C71BF28FBD8
Fri, Aug 22 2025 08:57;30.8;53.9;HT_3C71BF28FBD8
Fri, Aug 22 2025 09:07;30.8;54.0;HT_3C71BF28FBD8
Fri, Aug 22 2025 09:17;30.8;54.8;HT_3C71BF28FBD8
Fri, Aug 22 2025 09:27;30.9;53.3;HT_3C71BF28FBD8
Fri, Aug 22 2025 09:37;30.9;53.7;HT_3C71BF28FBD8
Fri, Aug 22 2025 09:47;30.9;57.0;HT_3C71BF28FBD8
Fri, Aug 22 2025 09:57;31.0;53.8;HT_3C71BF28FBD8
Fri, Aug 22 2025 10:07;31.0;53.8;HT_3C71BF28FBD8
Fri, Aug 22 2025 10:17;31.1;53.7;HT_3C71BF28FBD8
Fri, Aug 22 2025 10:27;31.1;54.1;HT_3C71BF28FBD8
Fri, Aug 22 2025 10:37;31.1;54.8;HT_3C71BF28FBD8
Fri, Aug 22 2025 10:47;31.2;54.5;HT_3C71BF28FBD8
Fri, Aug 22 2025 10:57;31.2;54.8;HT_3C71BF28FBD8
Fri, Aug 22 2025 11:07;31.2;55.1;HT_3C71BF28FBD8
Fri, Aug 22 2025 11:17;31.3;55.2;HT_3C71BF28FBD8
Fri, Aug 22 2025 11:27;31.3;55.7;HT_3C71BF28FBD8
Fri, Aug 22 2025 11:37;31.4;55.7;HT_3C71BF28FBD8
Fri, Aug 22 2025 11:47;31.4;55.7;HT_3C71BF28FBD8
Fri, Aug 22 2025 11:57;31.4;56.1;HT_3C71BF28FBD8
Fri, Aug 22 2025 12:07;31.5;57.7;HT_3C71BF28FBD8
Fri, Aug 22 2025 12:17;31.5;56.6;HT_3C71BF28FBD8
Fri, Aug 22 2025 12:27;31.6;56.3;HT_3C71BF28FBD8
Fri, Aug 22 2025 12:37;31.6;56.0;HT_3C71BF28FBD8
Fri, Aug 22 2025 12:47;31.6;55.1;HT_3C71BF28FBD8
Fri, Aug 22 2025 12:57;31.6;54.9;HT_3C71BF28FBD8
Fri, Aug 22 2025 13:07;31.6;54.8;HT_3C71BF28FBD8
Fri, Aug 22 2025 13:17;31.7;54.7;HT_3C71BF28FBD8
Fri, Aug 22 2025 13:27;31.7;54.6;HT_3C71BF28FBD8
Fri, Aug 22 2025 13:37;31.6;54.4;HT_3C71BF28FBD8
Fri, Aug 22 2025 13:47;31.7;54.3;HT_3C71BF28FBD8
Fri, Aug 22 2025 13:57;31.7;54.3;HT_3C71BF28FBD8
Fri, Aug 22 2025 14:07;31.7;54.0;HT_3C71BF28FBD8
Fri, Aug 22 2025 14:17;31.7;53.8;HT_3C71BF28FBD8
Fri, Aug 22 2025 14:27;31.8;53.6;HT_3C71BF28FBD8
Fri, Aug 22 2025 14:37;31.8;53.6;HT_3C71BF28FBD8
Fri, Aug 22 2025 14:47;31.8;53.9;HT_3C71BF28FBD8
Fri, Aug 22 2025 14:57;31.8;53.8;HT_3C71BF28FBD8
Fri, Aug 22 2025 15:07;31.8;53.9;HT_3C71BF28FBD8
Fri, Aug 22 2025 15:17;31.9;53.5;HT_3C71BF28FBD8
Fri, Aug 22 2025 15:27;31.9;53.8;HT_3C71BF28FBD8
Fri, Aug 22 2025 15:37;31.9;53.8;HT_3C71BF28FBD8
Fri, Aug 22 2025 15:47;31.9;53.7;HT_3C71BF28FBD8
Fri, Aug 22 2025 15:57;31.9;53.8;HT_3C71BF28FBD8
Fri, Aug 22 2025 16:07;31.9;53.8;HT_3C71BF28FBD8
Fri, Aug 22 2025 16:17;31.9;54.0;HT_3C71BF28FBD8
Fri, Aug 22 2025 16:27;31.9;54.1;HT_3C71BF28FBD8
Fri, Aug 22 2025 16:37;32.0;53.9;HT_3C71BF28FBD8
Fri, Aug 22 2025 16:47;32.0;53.7;HT_3C71BF28FBD8
Fri, Aug 22 2025 16:57;32.0;53.6;HT_3C71BF28FBD8
Fri, Aug 22 2025 17:07;32.0;53.7;HT_3C71BF28FBD8
Fri, Aug 22 2025 17:17;32.0;53.4;HT_3C71BF28FBD8
Fri, Aug 22 2025 17:27;32.1;53.3;HT_3C71BF28FBD8
Fri, Aug 22 2025 17:37;32.0;53.4;HT_3C71BF28FBD8
Fri, Aug 22 2025 17:47;32.0;53.2;HT_3C71BF28FBD8
Fri, Aug 22 2025 17:57;32.1;53.1;HT_3C71BF28FBD8
Fri, Aug 22 2025 18:07;32.0;52.9;HT_3C71BF28FBD8
Fri, Aug 22 2025 18:17;32.0;52.6;HT_3C71BF28FBD8
Fri, Aug 22 2025 18:27;32.0;52.8;HT_3C71BF28FBD8
Fri, Aug 22 2025 18:37;32.0;52.9;HT_3C71BF28FBD8
Fri, Aug 22 2025 18:47;32.1;52.8;HT_3C71BF28FBD8
Fri, Aug 22 2025 18:57;32.0;52.8;HT_3C71BF28FBD8
Fri, Aug 22 2025 19:07;32.0;52.7;HT_3C71BF28FBD8
Fri, Aug 22 2025 19:17;32.1;52.5;HT_3C71BF28FBD8
Fri, Aug 22 2025 19:27;32.0;52.3;HT_3C71BF28FBD8
Fri, Aug 22 2025 19:37;32.0;52.1;HT_3C71BF28FBD8
Fri, Aug 22 2025 19:47;32.0;52.0;HT_3C71BF28FBD8
Fri, Aug 22 2025 19:57;32.0;51.7;HT_3C71BF28FBD8
Fri, Aug 22 2025 20:07;32.0;51.5;HT_3C71BF28FBD8
Fri, Aug 22 2025 20:17;32.0;51.3;HT_3C71BF28FBD8
Fri, Aug 22 2025 20:27;32.0;51.2;HT_3C71BF28FBD8
Fri, Aug 22 2025 20:37;32.0;51.1;HT_3C71BF28FBD8
Fri, Aug 22 2025 20:47;32.0;50.8;HT_3C71BF28FBD8
Fri, Aug 22 2025 20:57;32.0;50.8;HT_3C71BF28FBD8
Fri, Aug 22 2025 21:07;32.0;50.6;HT_3C71BF28FBD8
Fri, Aug 22 2025 21:17;32.0;50.7;HT_3C71BF28FBD8
Fri, Aug 22 2025 21:27;32.0;50.6;HT_3C71BF28FBD8
Fri, Aug 22 2025 21:37;32.0;50.5;HT_3C71BF28FBD8
Fri, Aug 22 2025 21:47;32.0;50.5;HT_3C71BF28FBD8
Fri, Aug 22 2025 21:57;32.0;50.4;HT_3C71BF28FBD8
Fri, Aug 22 2025 22:07;32.0;50.4;HT_3C71BF28FBD8
Fri, Aug 22 2025 22:17;32.0;50.3;HT_3C71BF28FBD8
Fri, Aug 22 2025 22:27;32.0;50.2;HT_3C71BF28FBD8
Fri, Aug 22 2025 22:37;32.0;50.1;HT_3C71BF28FBD8
Fri, Aug 22 2025 22:47;32.0;50.1;HT_3C71BF28FBD8
Fri, Aug 22 2025 22:57;32.0;50.1;HT_3C71BF28FBD8
Fri, Aug 22 2025 23:07;32.0;51.7;HT_3C71BF28FBD8
Fri, Aug 22 2025 23:17;32.0;51.8;HT_3C71BF28FBD8
Fri, Aug 22 2025 23:27;32.1;51.6;HT_3C71BF28FBD8
Fri, Aug 22 2025 23:37;32.0;51.4;HT_3C71BF28FBD8
Fri, Aug 22 2025 23:47;32.0;53.2;HT_3C71BF28FBD8
Fri, Aug 22 2025 23:57;32.1;53.6;HT_3C71BF28FBD8
Sat, Aug 23 2025 00:07;32.1;53.9;HT_3C71BF28FBD8
Sat, Aug 23 2025 00:17;32.1;51.8;HT_3C71BF28FBD8
Sat, Aug 23 2025 00:27;32.0;51.3;HT_3C71BF28FBD8
Sat, Aug 23 2025 00:37;32.0;51.8;HT_3C71BF28FBD8
Sat, Aug 23 2025 00:47;32.0;51.3;HT_3C71BF28FBD8
Sat, Aug 23 2025 00:57;32.0;50.7;HT_3C71BF28FBD8
Sat, Aug 23 2025 01:07;32.0;50.7;HT_3C71BF28FBD8
Sat, Aug 23 2025 01:17;32.0;50.5;HT_3C71BF28FBD8
Sat, Aug 23 2025 01:27;32.0;54.0;HT_3C71BF28FBD8
Sat, Aug 23 2025 01:37;32.0;52.6;HT_3C71BF28FBD8
Sat, Aug 23 2025 01:47;32.0;52.9;HT_3C71BF28FBD8
Sat, Aug 23 2025 01:57;32.0;52.0;HT_3C71BF28FBD8
Sat, Aug 23 2025 02:07;32.0;52.0;HT_3C71BF28FBD8
Sat, Aug 23 2025 02:17;31.9;53.1;HT_3C71BF28FBD8
Sat, Aug 23 2025 02:27;31.9;55.6;HT_3C71BF28FBD8
Sat, Aug 23 2025 02:37;31.9;54.9;HT_3C71BF28FBD8
Sat, Aug 23 2025 02:47;31.9;53.4;HT_3C71BF28FBD8
Sat, Aug 23 2025 02:57;31.9;52.5;HT_3C71BF28FBD8
Sat, Aug 23 2025 03:07;31.9;53.4;HT_3C71BF28FBD8
Sat, Aug 23 2025 03:17;31.9;52.5;HT_3C71BF28FBD8
Sat, Aug 23 2025 03:27;31.9;52.4;HT_3C71BF28FBD8
Sat, Aug 23 2025 03:37;31.9;51.9;HT_3C71BF28FBD8
Sat, Aug 23 2025 03:47;31.9;51.6;HT_3C71BF28FBD8
Sat, Aug 23 2025 03:57;31.9;51.2;HT_3C71BF28FBD8
Sat, Aug 23 2025 04:07;31.8;52.1;HT_3C71BF28FBD8
Sat, Aug 23 2025 04:17;31.8;52.9;HT_3C71BF28FBD8
Sat, Aug 23 2025 04:27;31.9;53.0;HT_3C71BF28FBD8
Sat, Aug 23 2025 04:37;31.9;53.6;HT_3C71BF28FBD8
Sat, Aug 23 2025 04:47;31.8;52.0;HT_3C71BF28FBD8
Sat, Aug 23 2025 04:57;31.8;52.0;HT_3C71BF28FBD8
Sat, Aug 23 2025 05:07;31.8;52.3;HT_3C71BF28FBD8
Sat, Aug 23 2025 05:17;31.8;51.6;HT_3C71BF28FBD8
Sat, Aug 23 2025 05:27;31.8;51.5;HT_3C71BF28FBD8
Sat, Aug 23 2025 05:37;31.8;51.2;HT_3C71BF28FBD8
Sat, Aug 23 2025 05:47;31.8;51.7;HT_3C71BF28FBD8
Sat, Aug 23 2025 05:57;31.7;54.1;HT_3C71BF28FBD8
Sat, Aug 23 2025 06:07;31.7;53.3;HT_3C71BF28FBD8
Sat, Aug 23 2025 06:17;31.7;53.2;HT_3C71BF28FBD8
Sat, Aug 23 2025 06:27;31.7;53.4;HT_3C71BF28FBD8
Sat, Aug 23 2025 06:37;31.7;53.3;HT_3C71BF28FBD8
Sat, Aug 23 2025 06:47;31.6;54.0;HT_3C71BF28FBD8
Sat, Aug 23 2025 06:57;31.7;54.7;HT_3C71BF28FBD8
Sat, Aug 23 2025 07:07;31.6;53.5;HT_3C71BF28FBD8
Sat, Aug 23 2025 07:17;31.6;55.6;HT_3C71BF28FBD8
Sat, Aug 23 2025 07:27;31.6;56.5;HT_3C71BF28FBD8
Sat, Aug 23 2025 07:37;31.6;55.3;HT_3C71BF28FBD8
Sat, Aug 23 2025 07:47;31.6;56.8;HT_3C71BF28FBD8
Sat, Aug 23 2025 07:57;31.6;56.9;HT_3C71BF28FBD8
Sat, Aug 23 2025 08:07;31.5;58.7;HT_3C71BF28FBD8
Sat, Aug 23 2025 08:17;31.5;56.5;HT_3C71BF28FBD8
Sat, Aug 23 2025 08:27;31.5;58.5;HT_3C71BF28FBD8
Sat, Aug 23 2025 08:37;31.6;56.0;HT_3C71BF28FBD8
Sat, Aug 23 2025 08:47;31.5;57.0;HT_3C71BF28FBD8
Sat, Aug 23 2025 08:57;31.5;57.8;HT_3C71BF28FBD8
Sat, Aug 23 2025 09:07;31.7;52.5;HT_3C71BF28FBD8
Sat, Aug 23 2025 09:17;31.7;51.5;HT_3C71BF28FBD8
Sat, Aug 23 2025 09:27;31.7;51.0;HT_3C71BF28FBD8
Sat, Aug 23 2025 09:37;31.7;51.2;HT_3C71BF28FBD8
Sat, Aug 23 2025 09:47;31.7;52.8;HT_3C71BF28FBD8
Sat, Aug 23 2025 09:57;31.8;51.4;HT_3C71BF28FBD8
Sat, Aug 23 2025 10:07;31.8;51.0;HT_3C71BF28FBD8
Sat, Aug 23 2025 10:17;31.8;55.4;HT_3C71BF28FBD8
Sat, Aug 23 2025 10:27;31.9;51.1;HT_3C71BF28FBD8
Sat, Aug 23 2025 10:37;31.9;51.5;HT_3C71BF28FBD8
Sat, Aug 23 2025 10:47;31.9;51.6;HT_3C71BF28FBD8
Sat, Aug 23 2025 10:57;31.9;52.1;HT_3C71BF28FBD8
Sat, Aug 23 2025 11:07;31.9;52.8;HT_3C71BF28FBD8
Sat, Aug 23 2025 11:17;32.0;52.6;HT_3C71BF28FBD8
Sat, Aug 23 2025 11:27;32.1;52.9;HT_3C71BF28FBD8
Sat, Aug 23 2025 11:37;32.0;53.7;HT_3C71BF28FBD8
Sat, Aug 23 2025 11:47;32.1;53.7;HT_3C71BF28FBD8
Sat, Aug 23 2025 11:57;32.1;53.6;HT_3C71BF28FBD8
Sat, Aug 23 2025 12:07;32.1;53.3;HT_3C71BF28FBD8
Sat, Aug 23 2025 12:17;32.2;53.6;HT_3C71BF28FBD8
Sat, Aug 23 2025 12:27;32.2;53.5;HT_3C71BF28FBD8
Sat, Aug 23 2025 12:37;32.2;53.6;HT_3C71BF28FBD8
Sat, Aug 23 2025 12:47;32.2;53.8;HT_3C71BF28FBD8
Sat, Aug 23 2025 12:57;32.3;54.0;HT_3C71BF28FBD8
Sat, Aug 23 2025 13:07;32.3;54.1;HT_3C71BF28FBD8
Sat, Aug 23 2025 13:17;32.3;54.0;HT_3C71BF28FBD8
Sat, Aug 23 2025 13:27;32.4;54.1;HT_3C71BF28FBD8
Sat, Aug 23 2025 13:37;32.4;54.4;HT_3C71BF28FBD8
Sat, Aug 23 2025 13:47;32.4;54.5;HT_3C71BF28FBD8
Sat, Aug 23 2025 13:57;32.5;54.5;HT_3C71BF28FBD8
Sat, Aug 23 2025 14:07;32.4;54.4;HT_3C71BF28FBD8
Sat, Aug 23 2025 14:17;32.5;54.5;HT_3C71BF28FBD8
Sat, Aug 23 2025 14:27;32.5;54.8;HT_3C71BF28FBD8
Sat, Aug 23 2025 14:37;32.5;54.8;HT_3C71BF28FBD8
Sat, Aug 23 2025 14:47;32.6;54.7;HT_3C71BF28FBD8
Sat, Aug 23 2025 14:57;32.6;55.0;HT_3C71BF28FBD8
Sat, Aug 23 2025 15:07;32.6;55.2;HT_3C71BF28FBD8
Sat, Aug 23 2025 15:17;32.7;55.2;HT_3C71BF28FBD8
Sat, Aug 23 2025 15:27;32.7;55.2;HT_3C71BF28FBD8
Sat, Aug 23 2025 15:37;32.7;55.6;HT_3C71BF28FBD8
Sat, Aug 23 2025 15:47;32.7;55.5;HT_3C71BF28FBD8
Sat, Aug 23 2025 15:57;32.8;55.8;HT_3C71BF28FBD8
Sat, Aug 23 2025 16:07;32.8;56.0;HT_3C71BF28FBD8
Sat, Aug 23 2025 16:17;32.8;55.8;HT_3C71BF28FBD8
Sat, Aug 23 2025 16:27;32.8;55.8;HT_3C71BF28FBD8
Sat, Aug 23 2025 16:37;32.9;55.6;HT_3C71BF28FBD8
Sat, Aug 23 2025 16:47;32.8;55.5;HT_3C71BF28FBD8
Sat, Aug 23 2025 16:57;32.8;55.1;HT_3C71BF28FBD8
Sat, Aug 23 2025 17:07;32.9;55.1;HT_3C71BF28FBD8
Sat, Aug 23 2025 17:17;32.9;55.1;HT_3C71BF28FBD8
Sat, Aug 23 2025 17:27;32.9;54.9;HT_3C71BF28FBD8
Sat, Aug 23 2025 17:37;32.9;54.9;HT_3C71BF28FBD8
Sat, Aug 23 2025 17:47;32.9;55.1;HT_3C71BF28FBD8
Sat, Aug 23 2025 17:57;33.0;55.1;HT_3C71BF28FBD8
Sat, Aug 23 2025 18:07;33.0;55.1;HT_3C71BF28FBD8
Sat, Aug 23 2025 18:17;33.0;54.8;HT_3C71BF28FBD8
Sat, Aug 23 2025 18:27;33.0;54.8;HT_3C71BF28FBD8
Sat, Aug 23 2025 18:37;33.0;54.5;HT_3C71BF28FBD8
Sat, Aug 23 2025 18:47;33.0;54.3;HT_3C71BF28FBD8
Sat, Aug 23 2025 18:57;33.0;54.4;HT_3C71BF28FBD8
Sat, Aug 23 2025 19:07;33.0;54.8;HT_3C71BF28FBD8
Sat, Aug 23 2025 19:17;33.0;54.5;HT_3C71BF28FBD8
Sat, Aug 23 2025 19:27;33.0;54.3;HT_3C71BF28FBD8
Sat, Aug 23 2025 19:37;33.0;54.6;HT_3C71BF28FBD8
Sat, Aug 23 2025 19:47;33.0;54.1;HT_3C71BF28FBD8
Sat, Aug 23 2025 19:57;33.0;53.8;HT_3C71BF28FBD8
Sat, Aug 23 2025 20:07;33.0;53.8;HT_3C71BF28FBD8
Sat, Aug 23 2025 20:17;33.0;53.6;HT_3C71BF28FBD8
Sat, Aug 23 2025 20:27;33.0;53.3;HT_3C71BF28FBD8
Sat, Aug 23 2025 20:37;33.0;53.2;HT_3C71BF28FBD8
Sat, Aug 23 2025 20:47;33.0;53.1;HT_3C71BF28FBD8
Sat, Aug 23 2025 20:57;33.0;53.0;HT_3C71BF28FBD8
Sat, Aug 23 2025 21:07;33.0;53.3;HT_3C71BF28FBD8
Sat, Aug 23 2025 21:17;33.0;53.4;HT_3C71BF28FBD8
Sat, Aug 23 2025 21:27;33.0;52.9;HT_3C71BF28FBD8
Sat, Aug 23 2025 21:37;32.9;52.8;HT_3C71BF28FBD8
Sat, Aug 23 2025 21:47;33.0;52.4;HT_3C71BF28FBD8
Sat, Aug 23 2025 21:57;32.9;52.5;HT_3C71BF28FBD8
Sat, Aug 23 2025 22:07;32.9;52.7;HT_3C71BF28FBD8
Sat, Aug 23 2025 22:17;33.0;52.5;HT_3C71BF28FBD8
Sat, Aug 23 2025 22:27;32.9;53.7;HT_3C71BF28FBD8
Sat, Aug 23 2025 22:37;32.9;52.2;HT_3C71BF28FBD8
Sat, Aug 23 2025 22:47;32.9;52.3;HT_3C71BF28FBD8
Sat, Aug 23 2025 22:57;32.9;52.2;HT_3C71BF28FBD8
Sat, Aug 23 2025 23:07;32.9;51.9;HT_3C71BF28FBD8
Sat, Aug 23 2025 23:17;32.9;52.1;HT_3C71BF28FBD8
Sat, Aug 23 2025 23:27;32.9;53.2;HT_3C71BF28FBD8
Sat, Aug 23 2025 23:37;32.9;53.2;HT_3C71BF28FBD8
Sat, Aug 23 2025 23:47;32.9;53.6;HT_3C71BF28FBD8
Sat, Aug 23 2025 23:57;32.9;52.6;HT_3C71BF28FBD8
Sun, Aug 24 2025 00:07;32.9;52.3;HT_3C71BF28FBD8
Sun, Aug 24 2025 00:17;32.9;52.0;HT_3C71BF28FBD8
Sun, Aug 24 2025 00:28;32.9;51.8;HT_3C71BF28FBD8
Sun, Aug 24 2025 00:38;32.9;51.4;HT_3C71BF28FBD8
Sun, Aug 24 2025 00:48;32.9;51.5;HT_3C71BF28FBD8
Sun, Aug 24 2025 00:58;32.8;52.2;HT_3C71BF28FBD8
Sun, Aug 24 2025 01:07;32.8;52.1;HT_3C71BF28FBD8
Sun, Aug 24 2025 01:18;32.8;52.0;HT_3C71BF28FBD8
Sun, Aug 24 2025 01:28;32.8;52.4;HT_3C71BF28FBD8
Sun, Aug 24 2025 01:38;32.8;51.8;HT_3C71BF28FBD8
Sun, Aug 24 2025 01:48;32.8;51.7;HT_3C71BF28FBD8
Sun, Aug 24 2025 01:58;32.8;52.1;HT_3C71BF28FBD8
Sun, Aug 24 2025 02:08;32.8;52.5;HT_3C71BF28FBD8
Sun, Aug 24 2025 02:18;32.8;52.7;HT_3C71BF28FBD8
Sun, Aug 24 2025 02:28;32.7;54.5;HT_3C71BF28FBD8
Sun, Aug 24 2025 02:38;32.7;54.0;HT_3C71BF28FBD8
Sun, Aug 24 2025 02:48;32.7;55.6;HT_3C71BF28FBD8
Sun, Aug 24 2025 02:58;32.7;55.9;HT_3C71BF28FBD8
Sun, Aug 24 2025 03:08;32.7;53.8;HT_3C71BF28FBD8
Sun, Aug 24 2025 03:18;32.6;55.8;HT_3C71BF28FBD8
Sun, Aug 24 2025 03:28;32.6;56.9;HT_3C71BF28FBD8
Sun, Aug 24 2025 03:38;32.6;53.9;HT_3C71BF28FBD8
Sun, Aug 24 2025 03:48;32.6;54.6;HT_3C71BF28FBD8
Sun, Aug 24 2025 03:58;32.5;57.4;HT_3C71BF28FBD8
Sun, Aug 24 2025 04:08;32.5;58.4;HT_3C71BF28FBD8
Sun, Aug 24 2025 04:18;32.4;58.6;HT_3C71BF28FBD8
Sun, Aug 24 2025 04:28;32.4;58.5;HT_3C71BF28FBD8
Sun, Aug 24 2025 04:38;32.5;55.8;HT_3C71BF28FBD8
Sun, Aug 24 2025 04:48;32.5;55.2;HT_3C71BF28FBD8
Sun, Aug 24 2025 04:58;32.4;55.9;HT_3C71BF28FBD8
Sun, Aug 24 2025 05:08;32.3;56.1;HT_3C71BF28FBD8
Sun, Aug 24 2025 05:18;32.2;57.6;HT_3C71BF28FBD8
Sun, Aug 24 2025 05:28;32.1;57.1;HT_3C71BF28FBD8
Sun, Aug 24 2025 05:38;32.1;56.7;HT_3C71BF28FBD8
Sun, Aug 24 2025 05:48;32.1;56.5;HT_3C71BF28FBD8
Sun, Aug 24 2025 05:58;32.1;56.7;HT_3C71BF28FBD8
Sun, Aug 24 2025 06:08;31.9;57.5;HT_3C71BF28FBD8
Sun, Aug 24 2025 06:18;31.9;56.4;HT_3C71BF28FBD8
Sun, Aug 24 2025 06:28;31.8;57.4;HT_3C71BF28FBD8
Sun, Aug 24 2025 06:38;31.9;56.3;HT_3C71BF28FBD8
Sun, Aug 24 2025 06:48;28.9;54.1;HT_3C71BF28FBD8
Sun, Aug 24 2025 06:58;26.2;55.2;HT_3C71BF28FBD8
Sun, Aug 24 2025 07:08;25.3;55.5;HT_3C71BF28FBD8
Sun, Aug 24 2025 07:11;25.9;65.5;HT_3C71BF28FBD8
Sun, Aug 24 2025 07:15;27.5;60.2;HT_3C71BF28FBD8
Sun, Aug 24 2025 07:16;27.4;57.0;HT_3C71BF28FBD8
Sun, Aug 24 2025 07:20;28.2;59.1;HT_3C71BF28FBD8
Sun, Aug 24 2025 07:21;28.3;58.8;HT_3C71BF28FBD8
Sun, Aug 24 2025 07:32;25.7;58.8;HT_3C71BF28FBD8
Sun, Aug 24 2025 07:32;25.7;58.7;HT_3C71BF28FBD8
Sun, Aug 24 2025 07:32;25.7;58.8;HT_3C71BF28FBD8
Sun, Aug 24 2025 07:33;25.7;60.9;HT_3C71BF28FBD8
Sun, Aug 24 2025 07:33;25.8;61.4;HT_3C71BF28FBD8
Sun, Aug 24 2025 07:33;25.8;62.2;HT_3C71BF28FBD8
Sun, Aug 24 2025 07:33;25.9;62.6;HT_3C71BF28FBD8
Sun, Aug 24 2025 07:33;25.9;63.1;HT_3C71BF28FBD8
Sun, Aug 24 2025 07:34;25.9;63.9;HT_3C71BF28FBD8
Sun, Aug 24 2025 07:34;26.0;64.2;HT_3C71BF28FBD8
Sun, Aug 24 2025 07:34;26.1;64.8;HT_3C71BF28FBD8
Sun, Aug 24 2025 07:34;26.1;65.0;HT_3C71BF28FBD8
Sun, Aug 24 2025 07:34;26.2;65.2;HT_3C71BF28FBD8
Sun, Aug 24 2025 07:35;26.3;65.4;HT_3C71BF28FBD8
Sun, Aug 24 2025 07:35;26.3;65.4;HT_3C71BF28FBD8
Sun, Aug 24 2025 07:35;26.6;65.9;HT_3C71BF28FBD8
Sun, Aug 24 2025 07:35;26.7;65.6;HT_3C71BF28FBD8
Sun, Aug 24 2025 07:35;26.9;64.8;HT_3C71BF28FBD8
Sun, Aug 24 2025 07:36;27.1;63.8;HT_3C71BF28FBD8
Sun, Aug 24 2025 07:36;27.2;63.1;HT_3C71BF28FBD8
Sun, Aug 24 2025 07:36;27.2;61.5;HT_3C71BF28FBD8
Sun, Aug 24 2025 07:36;27.2;61.1;HT_3C71BF28FBD8
Sun, Aug 24 2025 07:37;27.1;60.6;HT_3C71BF28FBD8
Sun, Aug 24 2025 07:37;27.1;60.1;HT_3C71BF28FBD8
Sun, Aug 24 2025 07:37;27.0;59.5;HT_3C71BF28FBD8
Sun, Aug 24 2025 07:37;27.0;58.9;HT_3C71BF28FBD8
Sun, Aug 24 2025 07:38;26.9;58.5;HT_3C71BF28FBD8
Sun, Aug 24 2025 07:38;26.8;58.1;HT_3C71BF28FBD8
Sun, Aug 24 2025 07:38;26.7;58.4;HT_3C71BF28FBD8
Sun, Aug 24 2025 07:38;26.6;57.6;HT_3C71BF28FBD8
Sun, Aug 24 2025 07:38;26.5;57.4;HT_3C71BF28FBD8
Sun, Aug 24 2025 07:39;26.3;57.3;HT_3C71BF28FBD8
Sun, Aug 24 2025 07:39;26.2;57.0;HT_3C71BF28FBD8
Sun, Aug 24 2025 07:39;26.1;57.1;HT_3C71BF28FBD8
Sun, Aug 24 2025 07:39;26.1;58.5;HT_3C71BF28FBD8
Sun, Aug 24 2025 07:40;26.2;60.2;HT_3C71BF28FBD8
Sun, Aug 24 2025 07:40;26.3;60.7;HT_3C71BF28FBD8
Sun, Aug 24 2025 07:40;26.4;60.1;HT_3C71BF28FBD8
Sun, Aug 24 2025 07:40;26.5;61.1;HT_3C71BF28FBD8
Sun, Aug 24 2025 07:41;26.8;62.4;HT_3C71BF28FBD8
Sun, Aug 24 2025 07:42;27.0;62.7;HT_3C71BF28FBD8
Sun, Aug 24 2025 07:47;26.2;59.8;HT_3C71BF28FBD8
Sun, Aug 24 2025 07:47;26.4;61.6;HT_3C71BF28FBD8
Sun, Aug 24 2025 07:49;27.3;63.6;HT_3C71BF28FBD8
Sun, Aug 24 2025 07:50;27.4;61.1;HT_3C71BF28FBD8
Sun, Aug 24 2025 07:58;27.1;58.9;HT_3C71BF28FBD8
Sun, Aug 24 2025 07:58;27.1;58.6;HT_3C71BF28FBD8
Sun, Aug 24 2025 07:58;27.0;57.9;HT_3C71BF28FBD8
Sun, Aug 24 2025 07:58;26.9;57.9;HT_3C71BF28FBD8
Sun, Aug 24 2025 07:58;26.8;57.5;HT_3C71BF28FBD8
Sun, Aug 24 2025 07:59;26.7;57.5;HT_3C71BF28FBD8
Sun, Aug 24 2025 07:59;26.6;57.4;HT_3C71BF28FBD8
Sun, Aug 24 2025 07:59;26.5;57.6;HT_3C71BF28FBD8
Sun, Aug 24 2025 07:59;26.4;57.3;HT_3C71BF28FBD8
Sun, Aug 24 2025 07:59;26.4;58.4;HT_3C71BF28FBD8
Sun, Aug 24 2025 07:59;26.4;59.1;HT_3C71BF28FBD8
Sun, Aug 24 2025 08:00;26.4;59.5;HT_3C71BF28FBD8
Sun, Aug 24 2025 08:00;26.4;60.4;HT_3C71BF28FBD8
Sun, Aug 24 2025 08:00;26.4;61.6;HT_3C71BF28FBD8
Sun, Aug 24 2025 08:00;26.4;61.9;HT_3C71BF28FBD8
Sun, Aug 24 2025 08:00;26.5;62.0;HT_3C71BF28FBD8
Sun, Aug 24 2025 08:00;26.5;62.3;HT_3C71BF28FBD8
Sun, Aug 24 2025 08:01;26.6;62.5;HT_3C71BF28FBD8
Sun, Aug 24 2025 08:01;26.6;63.5;HT_3C71BF28FBD8
Sun, Aug 24 2025 08:01;26.5;63.7;HT_3C71BF28FBD8
Sun, Aug 24 2025 08:01;26.6;64.1;HT_3C71BF28FBD8
Sun, Aug 24 2025 08:01;26.6;64.6;HT_3C71BF28FBD8
Sun, Aug 24 2025 08:01;26.6;65.2;HT_3C71BF28FBD8
Sun, Aug 24 2025 08:02;26.5;65.1;HT_3C71BF28FBD8
Sun, Aug 24 2025 08:02;26.6;65.7;HT_3C71BF28FBD8
Sun, Aug 24 2025 08:02;26.6;65.7;HT_3C71BF28FBD8
Sun, Aug 24 2025 08:02;26.6;65.2;HT_3C71BF28FBD8
Sun, Aug 24 2025 08:03;26.7;65.2;HT_3C71BF28FBD8
Sun, Aug 24 2025 08:03;26.7;64.3;HT_3C71BF28FBD8
Sun, Aug 24 2025 08:03;26.7;63.3;HT_3C71BF28FBD8
Sun, Aug 24 2025 08:03;26.7;62.2;HT_3C71BF28FBD8
Sun, Aug 24 2025 08:03;26.6;62.5;HT_3C71BF28FBD8
Sun, Aug 24 2025 08:04;26.6;60.6;HT_3C71BF28FBD8
Sun, Aug 24 2025 08:04;26.6;60.3;HT_3C71BF28FBD8
Sun, Aug 24 2025 08:04;26.6;59.5;HT_3C71BF28FBD8
Sun, Aug 24 2025 08:05;26.5;59.0;HT_3C71BF28FBD8
Sun, Aug 24 2025 08:05;26.5;58.8;HT_3C71BF28FBD8
Sun, Aug 24 2025 08:05;26.4;58.5;HT_3C71BF28FBD8
Sun, Aug 24 2025 08:05;26.2;58.3;HT_3C71BF28FBD8
Sun, Aug 24 2025 08:05;26.1;59.1;HT_3C71BF28FBD8
Sun, Aug 24 2025 08:06;26.0;60.0;HT_3C71BF28FBD8
Sun, Aug 24 2025 08:06;26.0;60.9;HT_3C71BF28FBD8
Sun, Aug 24 2025 08:06;26.1;62.6;HT_3C71BF28FBD8
Sun, Aug 24 2025 08:06;26.2;63.3;HT_3C71BF28FBD8
Sun, Aug 24 2025 08:07;26.3;63.3;HT_3C71BF28FBD8
Sun, Aug 24 2025 08:07;26.3;63.4;HT_3C71BF28FBD8
Sun, Aug 24 2025 08:07;26.3;64.2;HT_3C71BF28FBD8
Sun, Aug 24 2025 08:07;26.3;64.4;HT_3C71BF28FBD8
Sun, Aug 24 2025 08:08;26.3;64.9;HT_3C71BF28FBD8
Sun, Aug 24 2025 08:08;26.4;65.6;HT_3C71BF28FBD8
Sun, Aug 24 2025 08:08;26.4;65.8;HT_3C71BF28FBD8
Sun, Aug 24 2025 08:08;26.5;65.9;HT_3C71BF28FBD8
Sun, Aug 24 2025 08:09;26.5;66.0;HT_3C71BF28FBD8
Sun, Aug 24 2025 08:09;26.6;65.2;HT_3C71BF28FBD8
Sun, Aug 24 2025 08:09;26.6;64.6;HT_3C71BF28FBD8
Sun, Aug 24 2025 08:09;26.6;63.6;HT_3C71BF28FBD8
Sun, Aug 24 2025 08:10;26.5;64.1;HT_3C71BF28FBD8
Sun, Aug 24 2025 08:10;26.6;62.8;HT_3C71BF28FBD8
Sun, Aug 24 2025 08:10;26.5;62.4;HT_3C71BF28FBD8
Sun, Aug 24 2025 08:10;26.5;61.5;HT_3C71BF28FBD8
Sun, Aug 24 2025 08:11;26.3;61.2;HT_3C71BF28FBD8
Sun, Aug 24 2025 08:11;26.3;61.0;HT_3C71BF28FBD8
Sun, Aug 24 2025 08:11;26.3;60.7;HT_3C71BF28FBD8
Sun, Aug 24 2025 08:11;26.2;59.9;HT_3C71BF28FBD8
Sun, Aug 24 2025 08:11;26.1;60.1;HT_3C71BF28FBD8
Sun, Aug 24 2025 08:12;26.0;59.2;HT_3C71BF28FBD8
Sun, Aug 24 2025 08:12;25.9;59.3;HT_3C71BF28FBD8
Sun, Aug 24 2025 08:12;25.8;59.8;HT_3C71BF28FBD8
Sun, Aug 24 2025 08:12;25.9;60.7;HT_3C71BF28FBD8
Sun, Aug 24 2025 08:12;26.0;61.7;HT_3C71BF28FBD8
Sun, Aug 24 2025 08:13;26.1;61.9;HT_3C71BF28FBD8
Sun, Aug 24 2025 08:13;26.2;62.2;HT_3C71BF28FBD8
Sun, Aug 24 2025 08:13;26.4;62.2;HT_3C71BF28FBD8
Sun, Aug 24 2025 08:13;26.5;62.7;HT_3C71BF28FBD8
Sun, Aug 24 2025 08:14;26.6;62.6;HT_3C71BF28FBD8
Sun, Aug 24 2025 08:14;26.7;62.7;HT_3C71BF28FBD8
Sun, Aug 24 2025 08:14;26.7;64.1;HT_3C71BF28FBD8
Sun, Aug 24 2025 08:14;26.8;63.9;HT_3C71BF28FBD8
Sun, Aug 24 2025 08:14;26.9;64.0;HT_3C71BF28FBD8
Sun, Aug 24 2025 08:15;26.9;64.5;HT_3C71BF28FBD8
Sun, Aug 24 2025 08:15;26.9;64.4;HT_3C71BF28FBD8
Sun, Aug 24 2025 08:15;27.0;64.1;HT_3C71BF28FBD8
Sun, Aug 24 2025 08:15;27.0;63.7;HT_3C71BF28FBD8
Sun, Aug 24 2025 08:16;27.0;62.6;HT_3C71BF28FBD8
Sun, Aug 24 2025 08:16;27.0;62.0;HT_3C71BF28FBD8
Sun, Aug 24 2025 08:16;26.9;61.8;HT_3C71BF28FBD8
Sun, Aug 24 2025 08:16;26.9;61.4;HT_3C71BF28FBD8
Sun, Aug 24 2025 08:17;26.7;60.7;HT_3C71BF28FBD8
Sun, Aug 24 2025 08:17;26.7;60.7;HT_3C71BF28FBD8
Sun, Aug 24 2025 08:17;26.6;60.2;HT_3C71BF28FBD8
Sun, Aug 24 2025 08:17;26.6;59.2;HT_3C71BF28FBD8
Sun, Aug 24 2025 08:17;26.6;59.1;HT_3C71BF28FBD8
Sun, Aug 24 2025 08:18;26.5;58.7;HT_3C71BF28FBD8
Sun, Aug 24 2025 08:18;26.4;58.9;HT_3C71BF28FBD8
Sun, Aug 24 2025 08:18;26.2;58.8;HT_3C71BF28FBD8
Sun, Aug 24 2025 08:18;26.2;58.5;HT_3C71BF28FBD8
Sun, Aug 24 2025 08:18;26.1;57.9;HT_3C71BF28FBD8
Sun, Aug 24 2025 08:19;25.9;58.2;HT_3C71BF28FBD8
Sun, Aug 24 2025 08:19;25.9;60.1;HT_3C71BF28FBD8
Sun, Aug 24 2025 08:19;25.9;60.7;HT_3C71BF28FBD8
Sun, Aug 24 2025 08:19;26.1;61.4;HT_3C71BF28FBD8
Sun, Aug 24 2025 08:20;26.2;61.6;HT_3C71BF28FBD8
Sun, Aug 24 2025 08:20;26.4;61.7;HT_3C71BF28FBD8
Sun, Aug 24 2025 08:20;26.6;62.3;HT_3C71BF28FBD8
Sun, Aug 24 2025 08:20;26.8;62.1;HT_3C71BF28FBD8
Sun, Aug 24 2025 08:21;26.9;62.4;HT_3C71BF28FBD8
Sun, Aug 24 2025 08:21;27.0;62.3;HT_3C71BF28FBD8
Sun, Aug 24 2025 08:21;27.1;62.7;HT_3C71BF28FBD8
Sun, Aug 24 2025 08:21;27.1;62.6;HT_3C71BF28FBD8
Sun, Aug 24 2025 08:22;27.1;63.0;HT_3C71BF28FBD8
Sun, Aug 24 2025 08:22;27.1;63.4;HT_3C71BF28FBD8
Sun, Aug 24 2025 08:22;27.0;63.1;HT_3C71BF28FBD8
Sun, Aug 24 2025 08:22;26.9;62.6;HT_3C71BF28FBD8
Sun, Aug 24 2025 08:23;26.8;62.2;HT_3C71BF28FBD8
Sun, Aug 24 2025 08:23;26.8;62.0;HT_3C71BF28FBD8
Sun, Aug 24 2025 08:23;26.8;61.4;HT_3C71BF28FBD8
Sun, Aug 24 2025 08:23;26.7;60.7;HT_3C71BF28FBD8
Sun, Aug 24 2025 08:23;26.6;60.7;HT_3C71BF28FBD8
Sun, Aug 24 2025 08:24;26.5;60.4;HT_3C71BF28FBD8
Sun, Aug 24 2025 08:24;26.4;60.5;HT_3C71BF28FBD8
Sun, Aug 24 2025 08:24;26.2;60.6;HT_3C71BF28FBD8
Sun, Aug 24 2025 08:25;26.0;60.2;HT_3C71BF28FBD8
Sun, Aug 24 2025 08:25;25.9;59.8;HT_3C71BF28FBD8
Sun, Aug 24 2025 08:25;25.8;60.0;HT_3C71BF28FBD8
Sun, Aug 24 2025 08:25;25.7;59.9;HT_3C71BF28FBD8
Sun, Aug 24 2025 08:25;25.7;61.0;HT_3C71BF28FBD8
Sun, Aug 24 2025 08:26;25.7;62.5;HT_3C71BF28FBD8
Sun, Aug 24 2025 08:26;25.8;63.2;HT_3C71BF28FBD8
Sun, Aug 24 2025 08:26;25.8;64.4;HT_3C71BF28FBD8
Sun, Aug 24 2025 08:26;26.0;64.5;HT_3C71BF28FBD8
Sun, Aug 24 2025 08:27;26.0;65.3;HT_3C71BF28FBD8
Sun, Aug 24 2025 08:27;26.1;66.0;HT_3C71BF28FBD8
Sun, Aug 24 2025 08:27;26.2;65.7;HT_3C71BF28FBD8
Sun, Aug 24 2025 08:27;26.4;66.0;HT_3C71BF28FBD8
Sun, Aug 24 2025 08:27;26.4;66.0;HT_3C71BF28FBD8
Sun, Aug 24 2025 08:27;26.5;66.3;HT_3C71BF28FBD8
Sun, Aug 24 2025 08:28;26.6;66.9;HT_3C71BF28FBD8
Sun, Aug 24 2025 08:28;26.7;66.2;HT_3C71BF28FBD8
Sun, Aug 24 2025 08:28;26.8;67.0;HT_3C71BF28FBD8
Sun, Aug 24 2025 08:28;26.9;66.8;HT_3C71BF28FBD8
Sun, Aug 24 2025 08:29;26.9;65.8;HT_3C71BF28FBD8
Sun, Aug 24 2025 08:29;26.9;65.2;HT_3C71BF28FBD8
Sun, Aug 24 2025 08:29;26.9;64.8;HT_3C71BF28FBD8
Sun, Aug 24 2025 08:29;26.8;63.6;HT_3C71BF28FBD8
Sun, Aug 24 2025 08:30;26.8;63.6;HT_3C71BF28FBD8
Sun, Aug 24 2025 08:30;26.7;63.0;HT_3C71BF28FBD8
Sun, Aug 24 2025 08:30;26.6;62.9;HT_3C71BF28FBD8
Sun, Aug 24 2025 08:30;26.6;62.7;HT_3C71BF28FBD8
Sun, Aug 24 2025 08:30;26.6;62.6;HT_3C71BF28FBD8
Sun, Aug 24 2025 08:31;26.5;61.7;HT_3C71BF28FBD8
Sun, Aug 24 2025 08:31;26.4;61.9;HT_3C71BF28FBD8
Sun, Aug 24 2025 08:31;26.3;61.6;HT_3C71BF28FBD8
Sun, Aug 24 2025 08:31;26.3;61.4;HT_3C71BF28FBD8
Sun, Aug 24 2025 08:31;26.3;60.8;HT_3C71BF28FBD8
Sun, Aug 24 2025 08:31;26.1;60.7;HT_3C71BF28FBD8
Sun, Aug 24 2025 08:32;26.0;60.9;HT_3C71BF28FBD8
Sun, Aug 24 2025 08:32;25.9;61.0;HT_3C71BF28FBD8
Sun, Aug 24 2025 08:32;25.9;61.2;HT_3C71BF28FBD8
Sun, Aug 24 2025 08:32;25.8;60.5;HT_3C71BF28FBD8
Sun, Aug 24 2025 08:32;25.7;60.2;HT_3C71BF28FBD8
Sun, Aug 24 2025 08:33;25.6;60.4;HT_3C71BF28FBD8
Sun, Aug 24 2025 08:33;25.6;61.2;HT_3C71BF28FBD8
Sun, Aug 24 2025 08:33;25.6;62.1;HT_3C71BF28FBD8
Sun, Aug 24 2025 08:33;25.7;63.3;HT_3C71BF28FBD8
Sun, Aug 24 2025 08:33;25.8;63.8;HT_3C71BF28FBD8
Sun, Aug 24 2025 08:34;25.8;64.6;HT_3C71BF28FBD8
Sun, Aug 24 2025 08:34;26.0;64.8;HT_3C71BF28FBD8
Sun, Aug 24 2025 08:34;26.1;65.2;HT_3C71BF28FBD8
Sun, Aug 24 2025 08:34;26.1;65.1;HT_3C71BF28FBD8
Sun, Aug 24 2025 08:34;26.1;65.5;HT_3C71BF28FBD8
Sun, Aug 24 2025 08:34;26.2;65.6;HT_3C71BF28FBD8
Sun, Aug 24 2025 08:35;26.3;65.8;HT_3C71BF28FBD8
Sun, Aug 24 2025 08:35;26.4;66.0;HT_3C71BF28FBD8
Sun, Aug 24 2025 08:35;26.5;66.1;HT_3C71BF28FBD8
Sun, Aug 24 2025 08:35;26.5;65.9;HT_3C71BF28FBD8
Sun, Aug 24 2025 08:35;26.5;66.3;HT_3C71BF28FBD8
Sun, Aug 24 2025 09:02;27.0;63.1;HT_3C71BF28FBD8
Sun, Aug 24 2025 09:12;27.5;63.2;HT_3C71BF28FBD8
Sun, Aug 24 2025 09:14;27.1;58.5;HT_3C71BF28FBD8
Sun, Aug 24 2025 09:24;25.1;53.6;HT_3C71BF28FBD8
Sun, Aug 24 2025 09:32;24.5;54.0;HT_3C71BF28FBD8
Sun, Aug 24 2025 09:42;24.5;55.0;HT_3C71BF28FBD8
Sun, Aug 24 2025 09:45;24.5;55.5;HT_3C71BF28FBD8
Sun, Aug 24 2025 09:47;24.5;56.2;HT_3C71BF28FBD8
Sun, Aug 24 2025 09:47;24.5;56.4;HT_3C71BF28FBD8
Sun, Aug 24 2025 09:48;24.5;56.3;HT_3C71BF28FBD8
Sun, Aug 24 2025 09:48;24.5;56.9;HT_3C71BF28FBD8
Sun, Aug 24 2025 09:48;24.5;56.7;HT_3C71BF28FBD8
Sun, Aug 24 2025 09:48;24.4;56.8;HT_3C71BF28FBD8
Sun, Aug 24 2025 09:49;24.3;57.2;HT_3C71BF28FBD8
Sun, Aug 24 2025 09:49;24.3;57.4;HT_3C71BF28FBD8
Sun, Aug 24 2025 09:49;24.3;57.1;HT_3C71BF28FBD8
Sun, Aug 24 2025 09:49;24.3;57.5;HT_3C71BF28FBD8
Sun, Aug 24 2025 09:50;24.3;57.1;HT_3C71BF28FBD8
Sun, Aug 24 2025 09:50;24.2;56.9;HT_3C71BF28FBD8
Sun, Aug 24 2025 09:50;24.2;57.2;HT_3C71BF28FBD8
Sun, Aug 24 2025 09:50;24.2;56.7;HT_3C71BF28FBD8
Sun, Aug 24 2025 09:50;24.2;57.0;HT_3C71BF28FBD8
Sun, Aug 24 2025 09:50;24.2;56.8;HT_3C71BF28FBD8
Sun, Aug 24 2025 09:51;24.2;57.3;HT_3C71BF28FBD8
Sun, Aug 24 2025 09:51;24.2;57.1;HT_3C71BF28FBD8
Sun, Aug 24 2025 09:51;24.2;56.8;HT_3C71BF28FBD8
Sun, Aug 24 2025 09:51;24.2;56.7;HT_3C71BF28FBD8
Sun, Aug 24 2025 09:51;24.2;57.6;HT_3C71BF28FBD8
Sun, Aug 24 2025 09:52;24.2;57.2;HT_3C71BF28FBD8
Sun, Aug 24 2025 09:52;24.2;57.3;HT_3C71BF28FBD8
Sun, Aug 24 2025 09:52;24.2;57.3;HT_3C71BF28FBD8
Sun, Aug 24 2025 09:52;24.3;57.9;HT_3C71BF28FBD8
Sun, Aug 24 2025 09:52;24.3;57.5;HT_3C71BF28FBD8
Sun, Aug 24 2025 09:52;24.3;57.4;HT_3C71BF28FBD8
Sun, Aug 24 2025 09:53;24.3;57.7;HT_3C71BF28FBD8
Sun, Aug 24 2025 09:53;24.3;57.5;HT_3C71BF28FBD8
Sun, Aug 24 2025 09:53;24.3;58.2;HT_3C71BF28FBD8
Sun, Aug 24 2025 09:53;24.3;58.7;HT_3C71BF28FBD8
Sun, Aug 24 2025 09:53;24.3;58.5;HT_3C71BF28FBD8
Sun, Aug 24 2025 09:53;24.3;58.2;HT_3C71BF28FBD8
Sun, Aug 24 2025 09:54;24.3;57.9;HT_3C71BF28FBD8
Sun, Aug 24 2025 09:54;24.2;58.0;HT_3C71BF28FBD8
Sun, Aug 24 2025 09:54;24.2;57.9;HT_3C71BF28FBD8
Sun, Aug 24 2025 09:54;24.2;57.7;HT_3C71BF28FBD8
Sun, Aug 24 2025 09:54;24.2;57.6;HT_3C71BF28FBD8
Sun, Aug 24 2025 09:55;24.2;57.3;HT_3C71BF28FBD8
Sun, Aug 24 2025 09:55;24.2;57.4;HT_3C71BF28FBD8
Sun, Aug 24 2025 09:55;24.2;57.6;HT_3C71BF28FBD8
Sun, Aug 24 2025 09:55;24.2;57.2;HT_3C71BF28FBD8
Sun, Aug 24 2025 09:55;24.2;57.2;HT_3C71BF28FBD8
Sun, Aug 24 2025 09:55;24.2;57.4;HT_3C71BF28FBD8
Sun, Aug 24 2025 09:56;24.3;57.6;HT_3C71BF28FBD8
Sun, Aug 24 2025 09:56;24.3;57.1;HT_3C71BF28FBD8
Sun, Aug 24 2025 09:56;24.3;56.8;HT_3C71BF28FBD8
Sun, Aug 24 2025 09:56;24.4;56.9;HT_3C71BF28FBD8
Sun, Aug 24 2025 09:56;24.4;56.5;HT_3C71BF28FBD8
Sun, Aug 24 2025 09:57;24.4;56.5;HT_3C71BF28FBD8
Sun, Aug 24 2025 09:57;24.4;56.3;HT_3C71BF28FBD8
Sun, Aug 24 2025 09:57;24.5;56.1;HT_3C71BF28FBD8
Sun, Aug 24 2025 09:57;24.5;55.9;HT_3C71BF28FBD8
Sun, Aug 24 2025 09:57;24.4;56.1;HT_3C71BF28FBD8
Sun, Aug 24 2025 09:57;24.4;55.8;HT_3C71BF28FBD8
Sun, Aug 24 2025 09:58;24.5;55.6;HT_3C71BF28FBD8
Sun, Aug 24 2025 09:58;24.5;55.4;HT_3C71BF28FBD8
Sun, Aug 24 2025 09:58;24.5;55.4;HT_3C71BF28FBD8
Sun, Aug 24 2025 09:58;24.5;55.3;HT_3C71BF28FBD8
Sun, Aug 24 2025 09:58;24.4;55.6;HT_3C71BF28FBD8
Sun, Aug 24 2025 09:59;24.3;55.6;HT_3C71BF28FBD8
Sun, Aug 24 2025 09:59;24.3;55.3;HT_3C71BF28FBD8
Sun, Aug 24 2025 09:59;24.3;55.4;HT_3C71BF28FBD8
Sun, Aug 24 2025 09:59;24.3;55.4;HT_3C71BF28FBD8
Sun, Aug 24 2025 09:59;24.3;55.0;HT_3C71BF28FBD8
Sun, Aug 24 2025 10:00;24.3;54.4;HT_3C71BF28FBD8
Sun, Aug 24 2025 10:00;24.4;54.1;HT_3C71BF28FBD8
Sun, Aug 24 2025 10:00;24.3;53.8;HT_3C71BF28FBD8
Sun, Aug 24 2025 10:00;24.3;53.7;HT_3C71BF28FBD8
Sun, Aug 24 2025 10:00;24.3;53.3;HT_3C71BF28FBD8
Sun, Aug 24 2025 10:00;24.3;52.8;HT_3C71BF28FBD8
Sun, Aug 24 2025 10:01;24.3;52.8;HT_3C71BF28FBD8
Sun, Aug 24 2025 10:01;24.3;53.0;HT_3C71BF28FBD8
Sun, Aug 24 2025 10:01;24.3;53.3;HT_3C71BF28FBD8
Sun, Aug 24 2025 10:01;24.3;53.5;HT_3C71BF28FBD8
Sun, Aug 24 2025 10:01;24.2;54.1;HT_3C71BF28FBD8
Sun, Aug 24 2025 10:02;24.2;53.8;HT_3C71BF28FBD8
Sun, Aug 24 2025 10:02;24.2;53.8;HT_3C71BF28FBD8
Sun, Aug 24 2025 10:02;24.2;53.7;HT_3C71BF28FBD8
Sun, Aug 24 2025 10:02;24.2;53.3;HT_3C71BF28FBD8
Sun, Aug 24 2025 10:02;24.2;53.1;HT_3C71BF28FBD8
Sun, Aug 24 2025 10:03;24.2;52.9;HT_3C71BF28FBD8
Sun, Aug 24 2025 10:03;24.3;52.5;HT_3C71BF28FBD8
Sun, Aug 24 2025 10:03;24.3;52.4;HT_3C71BF28FBD8
Sun, Aug 24 2025 10:03;24.3;52.4;HT_3C71BF28FBD8
Sun, Aug 24 2025 10:03;24.3;52.1;HT_3C71BF28FBD8
Sun, Aug 24 2025 10:04;24.3;52.3;HT_3C71BF28FBD8
Sun, Aug 24 2025 10:04;24.3;52.0;HT_3C71BF28FBD8
Sun, Aug 24 2025 10:04;24.4;52.5;HT_3C71BF28FBD8
Sun, Aug 24 2025 10:04;24.4;51.7;HT_3C71BF28FBD8
Sun, Aug 24 2025 10:04;24.5;51.7;HT_3C71BF28FBD8
Sun, Aug 24 2025 10:05;24.5;51.7;HT_3C71BF28FBD8
Sun, Aug 24 2025 10:05;24.5;51.5;HT_3C71BF28FBD8
Sun, Aug 24 2025 10:05;24.5;52.0;HT_3C71BF28FBD8
Sun, Aug 24 2025 10:05;24.5;51.5;HT_3C71BF28FBD8
Sun, Aug 24 2025 10:05;24.5;52.0;HT_3C71BF28FBD8
Sun, Aug 24 2025 10:05;24.5;52.8;HT_3C71BF28FBD8
Sun, Aug 24 2025 10:06;24.5;52.9;HT_3C71BF28FBD8
Sun, Aug 24 2025 10:06;24.5;53.4;HT_3C71BF28FBD8
Sun, Aug 24 2025 10:06;24.5;53.7;HT_3C71BF28FBD8
Sun, Aug 24 2025 10:06;24.5;53.4;HT_3C71BF28FBD8
Sun, Aug 24 2025 10:06;24.5;53.6;HT_3C71BF28FBD8
Sun, Aug 24 2025 10:06;24.4;54.3;HT_3C71BF28FBD8
Sun, Aug 24 2025 10:07;24.4;54.3;HT_3C71BF28FBD8
Sun, Aug 24 2025 10:07;24.4;54.4;HT_3C71BF28FBD8
Sun, Aug 24 2025 10:07;24.4;54.1;HT_3C71BF28FBD8
Sun, Aug 24 2025 10:07;24.5;54.0;HT_3C71BF28FBD8
Sun, Aug 24 2025 10:07;24.4;53.6;HT_3C71BF28FBD8
Sun, Aug 24 2025 10:08;24.5;54.3;HT_3C71BF28FBD8
Sun, Aug 24 2025 10:08;24.5;53.7;HT_3C71BF28FBD8
Sun, Aug 24 2025 10:08;24.5;53.8;HT_3C71BF28FBD8
Sun, Aug 24 2025 10:08;24.4;53.4;HT_3C71BF28FBD8
Sun, Aug 24 2025 10:08;24.4;53.9;HT_3C71BF28FBD8
Sun, Aug 24 2025 10:08;24.4;53.3;HT_3C71BF28FBD8
Sun, Aug 24 2025 10:09;24.4;53.6;HT_3C71BF28FBD8
Sun, Aug 24 2025 10:09;24.3;53.6;HT_3C71BF28FBD8
Sun, Aug 24 2025 10:09;24.4;53.9;HT_3C71BF28FBD8
Sun, Aug 24 2025 10:09;24.3;53.9;HT_3C71BF28FBD8
Sun, Aug 24 2025 10:09;24.3;54.1;HT_3C71BF28FBD8
Sun, Aug 24 2025 10:09;24.3;54.0;HT_3C71BF28FBD8
Sun, Aug 24 2025 10:10;24.3;54.1;HT_3C71BF28FBD8
Sun, Aug 24 2025 10:10;24.2;54.4;HT_3C71BF28FBD8
Sun, Aug 24 2025 10:10;24.2;54.7;HT_3C71BF28FBD8
Sun, Aug 24 2025 10:10;24.2;54.7;HT_3C71BF28FBD8
Sun, Aug 24 2025 10:10;24.2;54.8;HT_3C71BF28FBD8
Sun, Aug 24 2025 10:10;24.2;55.1;HT_3C71BF28FBD8
Sun, Aug 24 2025 10:11;24.2;55.0;HT_3C71BF28FBD8
Sun, Aug 24 2025 10:11;24.2;55.7;HT_3C71BF28FBD8
Sun, Aug 24 2025 10:11;24.2;55.1;HT_3C71BF28FBD8
Sun, Aug 24 2025 10:11;24.1;55.5;HT_3C71BF28FBD8
Sun, Aug 24 2025 10:11;24.1;55.6;HT_3C71BF28FBD8
Sun, Aug 24 2025 10:11;24.1;55.4;HT_3C71BF28FBD8
Sun, Aug 24 2025 10:12;24.1;55.3;HT_3C71BF28FBD8
Sun, Aug 24 2025 10:12;24.2;56.1;HT_3C71BF28FBD8
Sun, Aug 24 2025 10:22;24.7;58.5;HT_3C71BF28FBD8
Sun, Aug 24 2025 10:31;24.1;56.2;HT_3C71BF28FBD8
Sun, Aug 24 2025 10:37;24.0;51.3;HT_3C71BF28FBD8
Sun, Aug 24 2025 10:40;23.8;54.2;HT_3C71BF28FBD8
Sun, Aug 24 2025 10:47;23.9;58.6;HT_3C71BF28FBD8
Sun, Aug 24 2025 10:57;24.0;51.4;HT_3C71BF28FBD8
Sun, Aug 24 2025 11:13;24.3;60.1;HT_3C71BF28FBD8
Sun, Aug 24 2025 11:21;24.0;55.4;HT_3C71BF28FBD8
Sun, Aug 24 2025 11:29;24.2;58.6;HT_3C71BF28FBD8
Sun, Aug 24 2025 11:33;24.1;55.6;HT_3C71BF28FBD8
Sun, Aug 24 2025 11:34;24.2;57.4;HT_3C71BF28FBD8
Sun, Aug 24 2025 11:35;24.2;55.8;HT_3C71BF28FBD8
Sun, Aug 24 2025 11:40;24.7;57.9;HT_3C71BF28FBD8
Sun, Aug 24 2025 11:50;24.5;56.3;HT_3C71BF28FBD8
Sun, Aug 24 2025 12:00;24.3;54.7;HT_3C71BF28FBD8
Sun, Aug 24 2025 12:10;24.3;61.3;HT_3C71BF28FBD8
Sun, Aug 24 2025 12:20;24.2;60.9;HT_3C71BF28FBD8
Sun, Aug 24 2025 12:30;24.1;60.7;HT_3C71BF28FBD8
Sun, Aug 24 2025 12:40;24.2;57.7;HT_3C71BF28FBD8
Sun, Aug 24 2025 12:44;24.3;62.1;HT_3C71BF28FBD8
Sun, Aug 24 2025 12:47;24.3;58.8;HT_3C71BF28FBD8
Sun, Aug 24 2025 12:55;24.4;63.0;HT_3C71BF28FBD8
Sun, Aug 24 2025 12:55;24.4;62.1;HT_3C71BF28FBD8
Sun, Aug 24 2025 12:57;24.3;57.8;HT_3C71BF28FBD8
Sun, Aug 24 2025 12:58;24.3;56.7;HT_3C71BF28FBD8
Sun, Aug 24 2025 12:58;24.2;56.0;HT_3C71BF28FBD8
Sun, Aug 24 2025 13:03;24.3;60.3;HT_3C71BF28FBD8
Sun, Aug 24 2025 13:13;24.1;60.2;HT_3C71BF28FBD8
Sun, Aug 24 2025 13:16;24.0;54.9;HT_3C71BF28FBD8
Sun, Aug 24 2025 13:17;24.0;58.5;HT_3C71BF28FBD8
Sun, Aug 24 2025 13:17;24.1;59.9;HT_3C71BF28FBD8
Sun, Aug 24 2025 13:27;23.8;59.5;HT_3C71BF28FBD8
Sun, Aug 24 2025 13:37;23.9;60.6;HT_3C71BF28FBD8
Sun, Aug 24 2025 13:47;23.6;60.9;HT_3C71BF28FBD8
Sun, Aug 24 2025 13:57;23.6;60.9;HT_3C71BF28FBD8
Sun, Aug 24 2025 14:06;24.7;62.1;HT_3C71BF28FBD8
Sun, Aug 24 2025 14:07;25.7;54.8;HT_3C71BF28FBD8
Sun, Aug 24 2025 14:08;25.9;55.0;HT_3C71BF28FBD8
Sun, Aug 24 2025 14:18;24.7;58.0;HT_3C71BF28FBD8
Sun, Aug 24 2025 14:24;24.4;55.1;HT_3C71BF28FBD8
Sun, Aug 24 2025 14:34;24.4;58.1;HT_3C71BF28FBD8
Sun, Aug 24 2025 14:44;24.2;61.5;HT_3C71BF28FBD8
Sun, Aug 24 2025 14:54;24.3;61.9;HT_3C71BF28FBD8
Sun, Aug 24 2025 15:04;24.1;58.0;HT_3C71BF28FBD8
Sun, Aug 24 2025 15:05;24.2;56.4;HT_3C71BF28FBD8
Sun, Aug 24 2025 15:15;24.4;61.1;HT_3C71BF28FBD8
Sun, Aug 24 2025 15:25;23.8;56.8;HT_3C71BF28FBD8
Sun, Aug 24 2025 15:35;24.1;61.2;HT_3C71BF28FBD8
Sun, Aug 24 2025 15:40;23.9;58.5;HT_3C71BF28FBD8
Sun, Aug 24 2025 15:40;23.9;58.1;HT_3C71BF28FBD8
Sun, Aug 24 2025 15:40;23.9;58.0;HT_3C71BF28FBD8
Sun, Aug 24 2025 15:41;23.9;57.8;HT_3C71BF28FBD8
Sun, Aug 24 2025 15:41;23.9;57.9;HT_3C71BF28FBD8
Sun, Aug 24 2025 15:41;23.9;57.6;HT_3C71BF28FBD8
Sun, Aug 24 2025 15:41;23.8;57.6;HT_3C71BF28FBD8
Sun, Aug 24 2025 15:41;23.8;57.5;HT_3C71BF28FBD8
Sun, Aug 24 2025 15:42;23.8;57.5;HT_3C71BF28FBD8
Sun, Aug 24 2025 15:42;23.8;56.9;HT_3C71BF28FBD8
Sun, Aug 24 2025 15:42;23.8;56.8;HT_3C71BF28FBD8
Sun, Aug 24 2025 15:43;23.8;56.9;HT_3C71BF28FBD8
Sun, Aug 24 2025 15:43;23.8;57.1;HT_3C71BF28FBD8
Sun, Aug 24 2025 15:43;23.8;57.6;HT_3C71BF28FBD8
Sun, Aug 24 2025 15:43;23.8;58.1;HT_3C71BF28FBD8
Sun, Aug 24 2025 15:43;23.9;59.0;HT_3C71BF28FBD8
Sun, Aug 24 2025 15:44;23.9;59.3;HT_3C71BF28FBD8
Sun, Aug 24 2025 15:44;23.9;59.5;HT_3C71BF28FBD8
Sun, Aug 24 2025 15:44;23.9;60.1;HT_3C71BF28FBD8
Sun, Aug 24 2025 15:44;23.9;60.1;HT_3C71BF28FBD8
Sun, Aug 24 2025 15:45;23.9;60.1;HT_3C71BF28FBD8
Sun, Aug 24 2025 15:45;23.9;60.6;HT_3C71BF28FBD8
Sun, Aug 24 2025 15:45;23.9;61.0;HT_3C71BF28FBD8
Sun, Aug 24 2025 15:45;24.0;61.0;HT_3C71BF28FBD8
Sun, Aug 24 2025 15:45;24.0;61.2;HT_3C71BF28FBD8
Sun, Aug 24 2025 15:46;24.0;61.3;HT_3C71BF28FBD8
Sun, Aug 24 2025 15:46;24.0;61.2;HT_3C71BF28FBD8
Sun, Aug 24 2025 15:46;24.0;61.3;HT_3C71BF28FBD8
Sun, Aug 24 2025 15:46;24.0;61.1;HT_3C71BF28FBD8
Sun, Aug 24 2025 15:46;24.0;60.9;HT_3C71BF28FBD8
Sun, Aug 24 2025 15:47;23.9;60.5;HT_3C71BF28FBD8
Sun, Aug 24 2025 15:47;24.0;60.2;HT_3C71BF28FBD8
Sun, Aug 24 2025 15:47;23.9;60.3;HT_3C71BF28FBD8
Sun, Aug 24 2025 15:47;23.9;59.8;HT_3C71BF28FBD8
Sun, Aug 24 2025 15:47;23.9;59.3;HT_3C71BF28FBD8
Sun, Aug 24 2025 15:48;23.9;59.0;HT_3C71BF28FBD8
Sun, Aug 24 2025 15:48;23.9;58.8;HT_3C71BF28FBD8
Sun, Aug 24 2025 15:48;23.9;58.7;HT_3C71BF28FBD8
Sun, Aug 24 2025 15:48;23.8;58.5;HT_3C71BF28FBD8
Sun, Aug 24 2025 15:49;23.8;58.5;HT_3C71BF28FBD8
Sun, Aug 24 2025 15:49;23.8;58.0;HT_3C71BF28FBD8
Sun, Aug 24 2025 15:49;23.8;58.2;HT_3C71BF28FBD8
Sun, Aug 24 2025 15:49;23.8;57.4;HT_3C71BF28FBD8
Sun, Aug 24 2025 15:49;23.8;57.0;HT_3C71BF28FBD8
Sun, Aug 24 2025 15:50;23.8;57.3;HT_3C71BF28FBD8
Sun, Aug 24 2025 15:50;23.8;57.7;HT_3C71BF28FBD8
Sun, Aug 24 2025 15:50;23.8;57.9;HT_3C71BF28FBD8
Sun, Aug 24 2025 15:50;23.8;58.5;HT_3C71BF28FBD8
Sun, Aug 24 2025 15:50;23.8;59.2;HT_3C71BF28FBD8
Sun, Aug 24 2025 15:51;23.8;59.5;HT_3C71BF28FBD8
Sun, Aug 24 2025 15:51;23.8;60.1;HT_3C71BF28FBD8
Sun, Aug 24 2025 15:51;23.9;60.5;HT_3C71BF28FBD8
Sun, Aug 24 2025 15:51;23.9;60.7;HT_3C71BF28FBD8
Sun, Aug 24 2025 15:52;23.9;61.1;HT_3C71BF28FBD8
Sun, Aug 24 2025 15:54;24.0;61.4;HT_3C71BF28FBD8
Sun, Aug 24 2025 15:57;23.9;58.6;HT_3C71BF28FBD8
Sun, Aug 24 2025 15:58;24.1;58.8;HT_3C71BF28FBD8
Sun, Aug 24 2025 16:02;24.2;61.4;HT_3C71BF28FBD8
Sun, Aug 24 2025 16:05;23.9;55.9;HT_3C71BF28FBD8
Sun, Aug 24 2025 16:08;24.0;60.1;HT_3C71BF28FBD8
Sun, Aug 24 2025 16:08;23.9;59.7;HT_3C71BF28FBD8
Sun, Aug 24 2025 16:11;23.8;56.8;HT_3C71BF28FBD8
Sun, Aug 24 2025 16:14;23.9;61.6;HT_3C71BF28FBD8
Sun, Aug 24 2025 16:17;24.1;58.7;HT_3C71BF28FBD8
Sun, Aug 24 2025 16:17;24.1;57.3;HT_3C71BF28FBD8
Sun, Aug 24 2025 16:27;24.3;53.7;HT_3C71BF28FBD8
Sun, Aug 24 2025 16:37;24.5;55.1;HT_3C71BF28FBD8
Sun, Aug 24 2025 16:47;24.7;56.4;HT_3C71BF28FBD8
Sun, Aug 24 2025 16:57;25.0;57.6;HT_3C71BF28FBD8
Sun, Aug 24 2025 17:07;25.2;59.2;HT_3C71BF28FBD8
Sun, Aug 24 2025 17:17;25.4;60.3;HT_3C71BF28FBD8
Sun, Aug 24 2025 17:27;25.7;60.9;HT_3C71BF28FBD8
Sun, Aug 24 2025 17:37;25.9;61.3;HT_3C71BF28FBD8
Sun, Aug 24 2025 17:47;26.1;62.0;HT_3C71BF28FBD8
Sun, Aug 24 2025 17:57;26.3;62.9;HT_3C71BF28FBD8
Sun, Aug 24 2025 18:07;26.4;63.9;HT_3C71BF28FBD8
Sun, Aug 24 2025 18:17;26.6;64.5;HT_3C71BF28FBD8
Sun, Aug 24 2025 18:27;26.7;65.1;HT_3C71BF28FBD8
Sun, Aug 24 2025 18:37;26.9;65.2;HT_3C71BF28FBD8
Sun, Aug 24 2025 18:47;27.0;65.3;HT_3C71BF28FBD8
Sun, Aug 24 2025 18:57;27.1;65.8;HT_3C71BF28FBD8
Sun, Aug 24 2025 19:07;27.3;65.7;HT_3C71BF28FBD8
Sun, Aug 24 2025 19:17;27.4;65.9;HT_3C71BF28FBD8
Sun, Aug 24 2025 19:27;27.4;65.9;HT_3C71BF28FBD8
Sun, Aug 24 2025 19:37;27.5;65.6;HT_3C71BF28FBD8
Sun, Aug 24 2025 19:47;27.6;65.4;HT_3C71BF28FBD8
Sun, Aug 24 2025 19:57;27.7;65.4;HT_3C71BF28FBD8
Sun, Aug 24 2025 20:07;27.8;65.2;HT_3C71BF28FBD8
Sun, Aug 24 2025 20:17;27.8;65.2;HT_3C71BF28FBD8
Sun, Aug 24 2025 20:27;27.9;65.0;HT_3C71BF28FBD8
Sun, Aug 24 2025 20:37;28.0;64.9;HT_3C71BF28FBD8
Sun, Aug 24 2025 20:47;28.1;64.9;HT_3C71BF28FBD8
Sun, Aug 24 2025 20:57;28.1;64.9;HT_3C71BF28FBD8
Sun, Aug 24 2025 21:07;28.2;64.5;HT_3C71BF28FBD8
Sun, Aug 24 2025 21:17;28.2;64.4;HT_3C71BF28FBD8
Sun, Aug 24 2025 21:27;28.2;64.3;HT_3C71BF28FBD8
Sun, Aug 24 2025 21:37;28.3;64.1;HT_3C71BF28FBD8
Sun, Aug 24 2025 21:47;28.3;63.9;HT_3C71BF28FBD8
Sun, Aug 24 2025 21:57;28.4;63.7;HT_3C71BF28FBD8
Sun, Aug 24 2025 22:07;28.4;63.4;HT_3C71BF28FBD8
Sun, Aug 24 2025 22:17;28.4;63.4;HT_3C71BF28FBD8
Sun, Aug 24 2025 22:27;28.5;63.3;HT_3C71BF28FBD8
Sun, Aug 24 2025 22:37;28.5;63.3;HT_3C71BF28FBD8
Sun, Aug 24 2025 22:47;28.5;63.2;HT_3C71BF28FBD8
Sun, Aug 24 2025 22:57;28.5;63.0;HT_3C71BF28FBD8
Sun, Aug 24 2025 23:07;28.5;62.9;HT_3C71BF28FBD8
Sun, Aug 24 2025 23:17;28.6;62.9;HT_3C71BF28FBD8
Sun, Aug 24 2025 23:27;28.6;62.7;HT_3C71BF28FBD8
Sun, Aug 24 2025 23:37;28.6;62.8;HT_3C71BF28FBD8
Sun, Aug 24 2025 23:47;28.6;62.4;HT_3C71BF28FBD8
Sun, Aug 24 2025 23:57;28.7;62.7;HT_3C71BF28FBD8
Mon, Aug 25 2025 00:07;28.7;62.6;HT_3C71BF28FBD8
Mon, Aug 25 2025 00:17;28.7;62.5;HT_3C71BF28FBD8
Mon, Aug 25 2025 00:27;28.7;62.6;HT_3C71BF28FBD8
Mon, Aug 25 2025 00:37;28.7;62.5;HT_3C71BF28FBD8
Mon, Aug 25 2025 00:47;28.7;62.3;HT_3C71BF28FBD8
Mon, Aug 25 2025 00:57;28.7;62.2;HT_3C71BF28FBD8
Mon, Aug 25 2025 01:07;28.8;62.4;HT_3C71BF28FBD8
Mon, Aug 25 2025 01:17;28.8;62.4;HT_3C71BF28FBD8
Mon, Aug 25 2025 01:27;28.8;62.1;HT_3C71BF28FBD8
Mon, Aug 25 2025 01:37;28.8;61.8;HT_3C71BF28FBD8
Mon, Aug 25 2025 01:47;28.8;61.8;HT_3C71BF28FBD8
Mon, Aug 25 2025 01:57;28.8;61.6;HT_3C71BF28FBD8
Mon, Aug 25 2025 02:07;28.8;61.6;HT_3C71BF28FBD8
Mon, Aug 25 2025 02:17;28.8;62.0;HT_3C71BF28FBD8
Mon, Aug 25 2025 02:27;28.8;61.9;HT_3C71BF28FBD8
Mon, Aug 25 2025 02:37;28.8;61.5;HT_3C71BF28FBD8
Mon, Aug 25 2025 02:47;28.8;61.4;HT_3C71BF28FBD8
Mon, Aug 25 2025 02:57;28.8;61.6;HT_3C71BF28FBD8
Mon, Aug 25 2025 03:07;28.8;61.6;HT_3C71BF28FBD8
Mon, Aug 25 2025 03:17;28.8;61.5;HT_3C71BF28FBD8
Mon, Aug 25 2025 03:27;28.8;61.3;HT_3C71BF28FBD8
Mon, Aug 25 2025 03:37;28.8;61.1;HT_3C71BF28FBD8
Mon, Aug 25 2025 03:47;28.8;61.0;HT_3C71BF28FBD8
Mon, Aug 25 2025 03:57;28.9;61.3;HT_3C71BF28FBD8
Mon, Aug 25 2025 04:07;28.9;61.1;HT_3C71BF28FBD8
Mon, Aug 25 2025 04:17;28.8;61.4;HT_3C71BF28FBD8
Mon, Aug 25 2025 04:27;28.8;61.3;HT_3C71BF28FBD8
Mon, Aug 25 2025 04:37;28.9;61.3;HT_3C71BF28FBD8
Mon, Aug 25 2025 04:47;28.8;60.8;HT_3C71BF28FBD8
Mon, Aug 25 2025 04:57;28.8;60.6;HT_3C71BF28FBD8
Mon, Aug 25 2025 05:07;28.8;60.4;HT_3C71BF28FBD8
Mon, Aug 25 2025 05:17;28.8;60.0;HT_3C71BF28FBD8
Mon, Aug 25 2025 05:27;28.8;60.7;HT_3C71BF28FBD8
Mon, Aug 25 2025 05:37;28.8;60.1;HT_3C71BF28FBD8
Mon, Aug 25 2025 05:47;28.7;60.2;HT_3C71BF28FBD8
Mon, Aug 25 2025 05:57;28.7;60.4;HT_3C71BF28FBD8
Mon, Aug 25 2025 06:07;28.7;59.3;HT_3C71BF28FBD8
Mon, Aug 25 2025 06:17;28.7;59.3;HT_3C71BF28FBD8
Mon, Aug 25 2025 06:27;28.7;59.4;HT_3C71BF28FBD8
Mon, Aug 25 2025 06:37;28.6;60.0;HT_3C71BF28FBD8
Mon, Aug 25 2025 06:47;28.2;59.2;HT_3C71BF28FBD8
Mon, Aug 25 2025 06:57;27.1;52.7;HT_3C71BF28FBD8
Mon, Aug 25 2025 07:07;26.5;50.4;HT_3C71BF28FBD8
Mon, Aug 25 2025 07:17;26.1;49.2;HT_3C71BF28FBD8
Mon, Aug 25 2025 07:27;25.7;49.3;HT_3C71BF28FBD8
Mon, Aug 25 2025 07:33;25.6;49.5;HT_3C71BF28FBD8
Mon, Aug 25 2025 07:36;25.4;49.9;HT_3C71BF28FBD8
Mon, Aug 25 2025 07:39;25.3;49.6;HT_3C71BF28FBD8
Mon, Aug 25 2025 07:42;25.4;50.6;HT_3C71BF28FBD8
Mon, Aug 25 2025 07:52;25.1;51.0;HT_3C71BF28FBD8
Mon, Aug 25 2025 08:02;25.2;53.1;HT_3C71BF28FBD8
Mon, Aug 25 2025 08:08;24.9;52.1;HT_3C71BF28FBD8
Mon, Aug 25 2025 08:26;31.0;44.9;HT_3C71BF28FBD8
Mon, Aug 25 2025 08:36;23.7;53.3;HT_3C71BF28FBD8
Mon, Aug 25 2025 08:46;23.5;59.5;HT_3C71BF28FBD8
Mon, Aug 25 2025 08:56;23.7;59.2;HT_3C71BF28FBD8
Mon, Aug 25 2025 09:06;23.4;56.5;HT_3C71BF28FBD8
Mon, Aug 25 2025 09:16;23.5;64.5;HT_3C71BF28FBD8
Mon, Aug 25 2025 09:26;23.6;60.4;HT_3C71BF28FBD8
Mon, Aug 25 2025 09:36;23.5;63.7;HT_3C71BF28FBD8
Mon, Aug 25 2025 09:46;23.3;62.7;HT_3C71BF28FBD8
Mon, Aug 25 2025 09:56;23.3;64.1;HT_3C71BF28FBD8
Mon, Aug 25 2025 10:06;23.3;58.9;HT_3C71BF28FBD8
Mon, Aug 25 2025 10:16;23.7;59.2;HT_3C71BF28FBD8
Mon, Aug 25 2025 10:26;23.4;56.5;HT_3C71BF28FBD8
Mon, Aug 25 2025 10:36;23.8;65.4;HT_3C71BF28FBD8
Mon, Aug 25 2025 10:46;24.1;61.6;HT_3C71BF28FBD8
Mon, Aug 25 2025 10:56;23.9;57.9;HT_3C71BF28FBD8
Mon, Aug 25 2025 11:06;23.8;65.2;HT_3C71BF28FBD8
Mon, Aug 25 2025 11:16;24.0;60.7;HT_3C71BF28FBD8
Mon, Aug 25 2025 11:26;23.8;59.8;HT_3C71BF28FBD8
Mon, Aug 25 2025 11:36;23.3;55.6;HT_3C71BF28FBD8
Mon, Aug 25 2025 11:46;23.9;64.6;HT_3C71BF28FBD8
Mon, Aug 25 2025 11:56;23.7;58.8;HT_3C71BF28FBD8
Mon, Aug 25 2025 12:06;23.5;62.3;HT_3C71BF28FBD8
Mon, Aug 25 2025 12:16;23.7;60.4;HT_3C71BF28FBD8
Mon, Aug 25 2025 12:26;23.6;63.0;HT_3C71BF28FBD8
Mon, Aug 25 2025 12:36;23.8;60.2;HT_3C71BF28FBD8
Mon, Aug 25 2025 12:46;23.5;60.1;HT_3C71BF28FBD8
Mon, Aug 25 2025 12:56;23.7;64.8;HT_3C71BF28FBD8
Mon, Aug 25 2025 13:06;23.5;57.0;HT_3C71BF28FBD8
Mon, Aug 25 2025 13:16;23.7;65.6;HT_3C71BF28FBD8
Mon, Aug 25 2025 13:26;23.6;59.2;HT_3C71BF28FBD8
Mon, Aug 25 2025 13:36;23.7;64.3;HT_3C71BF28FBD8
Mon, Aug 25 2025 13:46;23.8;60.1;HT_3C71BF28FBD8
Mon, Aug 25 2025 13:56;23.5;56.2;HT_3C71BF28FBD8
Mon, Aug 25 2025 14:06;23.8;64.2;HT_3C71BF28FBD8
Mon, Aug 25 2025 14:16;23.6;58.3;HT_3C71BF28FBD8
Mon, Aug 25 2025 14:26;23.7;63.7;HT_3C71BF28FBD8
Mon, Aug 25 2025 14:36;23.9;62.2;HT_3C71BF28FBD8
Mon, Aug 25 2025 14:46;23.8;59.7;HT_3C71BF28FBD8
Mon, Aug 25 2025 14:56;23.8;61.1;HT_3C71BF28FBD8
Mon, Aug 25 2025 15:06;23.7;59.3;HT_3C71BF28FBD8
Mon, Aug 25 2025 15:16;23.4;57.1;HT_3C71BF28FBD8
Mon, Aug 25 2025 15:26;23.5;63.9;HT_3C71BF28FBD8
Mon, Aug 25 2025 15:36;23.7;60.9;HT_3C71BF28FBD8
Mon, Aug 25 2025 15:46;23.4;56.1;HT_3C71BF28FBD8
Mon, Aug 25 2025 15:56;23.8;65.7;HT_3C71BF28FBD8
Mon, Aug 25 2025 16:06;23.6;59.9;HT_3C71BF28FBD8
Mon, Aug 25 2025 16:16;23.5;57.3;HT_3C71BF28FBD8
Mon, Aug 25 2025 16:26;25.2;58.7;HT_3C71BF28FBD8
Mon, Aug 25 2025 16:36;26.9;53.4;HT_3C71BF28FBD8
Mon, Aug 25 2025 16:46;27.7;50.5;HT_3C71BF28FBD8
Mon, Aug 25 2025 16:56;28.1;52.0;HT_3C71BF28FBD8
Mon, Aug 25 2025 17:06;28.3;51.6;HT_3C71BF28FBD8
Mon, Aug 25 2025 17:16;28.6;51.3;HT_3C71BF28FBD8
Mon, Aug 25 2025 17:26;28.9;50.8;HT_3C71BF28FBD8
Mon, Aug 25 2025 17:36;28.9;51.6;HT_3C71BF28FBD8
Mon, Aug 25 2025 17:46;29.3;52.0;HT_3C71BF28FBD8
Mon, Aug 25 2025 17:56;29.4;52.5;HT_3C71BF28FBD8
Mon, Aug 25 2025 18:06;29.6;52.9;HT_3C71BF28FBD8
Mon, Aug 25 2025 18:16;29.7;53.5;HT_3C71BF28FBD8
Mon, Aug 25 2025 18:26;29.9;54.2;HT_3C71BF28FBD8
Mon, Aug 25 2025 18:36;30.0;53.8;HT_3C71BF28FBD8
Mon, Aug 25 2025 18:46;30.2;54.6;HT_3C71BF28FBD8
Mon, Aug 25 2025 18:56;30.3;54.5;HT_3C71BF28FBD8
Mon, Aug 25 2025 19:06;30.4;54.4;HT_3C71BF28FBD8
Mon, Aug 25 2025 19:16;30.6;54.1;HT_3C71BF28FBD8
Mon, Aug 25 2025 19:26;30.6;54.0;HT_3C71BF28FBD8
Mon, Aug 25 2025 19:36;30.7;54.6;HT_3C71BF28FBD8
Mon, Aug 25 2025 19:46;30.8;54.2;HT_3C71BF28FBD8
Mon, Aug 25 2025 19:56;30.8;54.2;HT_3C71BF28FBD8
Mon, Aug 25 2025 20:06;30.9;54.1;HT_3C71BF28FBD8
Mon, Aug 25 2025 20:16;31.1;53.5;HT_3C71BF28FBD8
Mon, Aug 25 2025 20:26;31.1;53.8;HT_3C71BF28FBD8
Mon, Aug 25 2025 20:36;31.1;52.9;HT_3C71BF28FBD8
Mon, Aug 25 2025 20:46;31.3;52.2;HT_3C71BF28FBD8
Mon, Aug 25 2025 20:56;31.3;52.6;HT_3C71BF28FBD8
Mon, Aug 25 2025 21:06;31.3;51.9;HT_3C71BF28FBD8
Mon, Aug 25 2025 21:16;31.3;52.5;HT_3C71BF28FBD8
Mon, Aug 25 2025 21:26;31.4;51.8;HT_3C71BF28FBD8
Mon, Aug 25 2025 21:36;31.3;53.5;HT_3C71BF28FBD8
Mon, Aug 25 2025 21:46;31.3;53.1;HT_3C71BF28FBD8
Mon, Aug 25 2025 21:56;31.4;52.3;HT_3C71BF28FBD8
Mon, Aug 25 2025 22:06;31.2;54.5;HT_3C71BF28FBD8
Mon, Aug 25 2025 22:16;31.4;52.5;HT_3C71BF28FBD8
Mon, Aug 25 2025 22:26;31.5;51.4;HT_3C71BF28FBD8
Mon, Aug 25 2025 22:36;31.4;52.4;HT_3C71BF28FBD8
Mon, Aug 25 2025 22:46;31.3;53.8;HT_3C71BF28FBD8
Mon, Aug 25 2025 22:56;31.5;51.7;HT_3C71BF28FBD8
Mon, Aug 25 2025 23:06;31.4;53.4;HT_3C71BF28FBD8
Mon, Aug 25 2025 23:16;31.4;52.0;HT_3C71BF28FBD8
Mon, Aug 25 2025 23:26;31.5;51.6;HT_3C71BF28FBD8
Mon, Aug 25 2025 23:36;31.5;52.6;HT_3C71BF28FBD8
Mon, Aug 25 2025 23:46;31.6;51.2;HT_3C71BF28FBD8
Mon, Aug 25 2025 23:56;31.5;51.6;HT_3C71BF28FBD8
Tue, Aug 26 2025 00:06;31.5;52.3;HT_3C71BF28FBD8
Tue, Aug 26 2025 00:16;31.3;53.4;HT_3C71BF28FBD8
Tue, Aug 26 2025 00:26;31.4;52.8;HT_3C71BF28FBD8
Tue, Aug 26 2025 00:36;31.4;51.8;HT_3C71BF28FBD8
Tue, Aug 26 2025 00:46;31.1;55.0;HT_3C71BF28FBD8
Tue, Aug 26 2025 00:56;31.4;53.8;HT_3C71BF28FBD8
Tue, Aug 26 2025 01:06;31.6;50.6;HT_3C71BF28FBD8
Tue, Aug 26 2025 01:16;31.6;50.2;HT_3C71BF28FBD8
Tue, Aug 26 2025 01:26;31.5;50.2;HT_3C71BF28FBD8
Tue, Aug 26 2025 01:36;31.4;52.2;HT_3C71BF28FBD8
Tue, Aug 26 2025 01:46;31.5;51.4;HT_3C71BF28FBD8
Tue, Aug 26 2025 01:56;31.5;51.2;HT_3C71BF28FBD8
Tue, Aug 26 2025 02:06;31.6;51.1;HT_3C71BF28FBD8
Tue, Aug 26 2025 02:16;31.7;49.4;HT_3C71BF28FBD8
Tue, Aug 26 2025 02:26;31.6;49.7;HT_3C71BF28FBD8
Tue, Aug 26 2025 02:36;31.6;49.8;HT_3C71BF28FBD8
Tue, Aug 26 2025 02:46;31.5;51.0;HT_3C71BF28FBD8
Tue, Aug 26 2025 02:56;31.6;50.8;HT_3C71BF28FBD8
Tue, Aug 26 2025 03:06;31.4;51.9;HT_3C71BF28FBD8
Tue, Aug 26 2025 03:16;31.6;50.4;HT_3C71BF28FBD8
Tue, Aug 26 2025 03:26;31.6;50.0;HT_3C71BF28FBD8
Tue, Aug 26 2025 03:36;31.6;49.9;HT_3C71BF28FBD8
Tue, Aug 26 2025 03:46;31.6;50.4;HT_3C71BF28FBD8
Tue, Aug 26 2025 03:56;31.5;50.3;HT_3C71BF28FBD8
Tue, Aug 26 2025 04:06;31.4;52.2;HT_3C71BF28FBD8
Tue, Aug 26 2025 04:16;31.6;50.7;HT_3C71BF28FBD8
Tue, Aug 26 2025 04:26;31.5;51.2;HT_3C71BF28FBD8
Tue, Aug 26 2025 04:36;31.5;51.0;HT_3C71BF28FBD8
Tue, Aug 26 2025 04:46;31.6;51.5;HT_3C71BF28FBD8
Tue, Aug 26 2025 04:56;31.8;51.8;HT_3C71BF28FBD8
Tue, Aug 26 2025 05:06;31.9;49.7;HT_3C71BF28FBD8
Tue, Aug 26 2025 05:16;31.9;50.2;HT_3C71BF28FBD8
Tue, Aug 26 2025 05:26;31.8;50.8;HT_3C71BF28FBD8
Tue, Aug 26 2025 05:36;31.8;47.5;HT_3C71BF28FBD8
Tue, Aug 26 2025 05:46;31.8;49.7;HT_3C71BF28FBD8
Tue, Aug 26 2025 05:56;31.8;47.1;HT_3C71BF28FBD8
Tue, Aug 26 2025 06:06;31.7;49.3;HT_3C71BF28FBD8
Tue, Aug 26 2025 06:16;31.6;49.6;HT_3C71BF28FBD8
Tue, Aug 26 2025 06:26;31.6;50.8;HT_3C71BF28FBD8
Tue, Aug 26 2025 06:36;31.5;50.8;HT_3C71BF28FBD8
Tue, Aug 26 2025 06:46;26.9;51.2;HT_3C71BF28FBD8
Tue, Aug 26 2025 06:56;24.3;50.1;HT_3C71BF28FBD8
Tue, Aug 26 2025 07:06;23.4;51.1;HT_3C71BF28FBD8
Tue, Aug 26 2025 07:16;24.2;57.7;HT_3C71BF28FBD8
Tue, Aug 26 2025 07:26;24.3;60.8;HT_3C71BF28FBD8
Tue, Aug 26 2025 07:36;24.2;63.2;HT_3C71BF28FBD8
Tue, Aug 26 2025 07:46;24.2;63.5;HT_3C71BF28FBD8
Tue, Aug 26 2025 07:56;24.0;57.8;HT_3C71BF28FBD8
Tue, Aug 26 2025 08:06;23.7;56.1;HT_3C71BF28FBD8
Tue, Aug 26 2025 08:16;24.0;62.7;HT_3C71BF28FBD8
Tue, Aug 26 2025 08:26;23.7;54.5;HT_3C71BF28FBD8
Tue, Aug 26 2025 08:36;23.7;63.1;HT_3C71BF28FBD8
Tue, Aug 26 2025 08:46;23.4;59.1;HT_3C71BF28FBD8
Tue, Aug 26 2025 08:56;23.8;64.4;HT_3C71BF28FBD8
Tue, Aug 26 2025 09:06;23.5;59.0;HT_3C71BF28FBD8
Tue, Aug 26 2025 09:16;23.8;59.4;HT_3C71BF28FBD8
Tue, Aug 26 2025 09:26;23.6;61.7;HT_3C71BF28FBD8
Tue, Aug 26 2025 09:36;23.6;58.0;HT_3C71BF28FBD8
Tue, Aug 26 2025 09:46;23.7;64.1;HT_3C71BF28FBD8
Tue, Aug 26 2025 09:56;23.5;56.8;HT_3C71BF28FBD8
Tue, Aug 26 2025 10:06;23.6;61.3;HT_3C71BF28FBD8
Tue, Aug 26 2025 10:16;23.6;58.9;HT_3C71BF28FBD8
Tue, Aug 26 2025 10:26;23.5;61.9;HT_3C71BF28FBD8
Tue, Aug 26 2025 10:36;23.3;56.3;HT_3C71BF28FBD8
Tue, Aug 26 2025 10:46;23.7;63.8;HT_3C71BF28FBD8
Tue, Aug 26 2025 10:56;23.5;58.2;HT_3C71BF28FBD8
Tue, Aug 26 2025 11:06;23.3;61.7;HT_3C71BF28FBD8
Tue, Aug 26 2025 11:16;23.6;62.7;HT_3C71BF28FBD8
Tue, Aug 26 2025 11:26;23.4;59.3;HT_3C71BF28FBD8
Tue, Aug 26 2025 11:36;23.7;61.3;HT_3C71BF28FBD8
Tue, Aug 26 2025 11:46;23.7;64.2;HT_3C71BF28FBD8
Tue, Aug 26 2025 11:56;23.7;58.4;HT_3C71BF28FBD8
Tue, Aug 26 2025 12:06;23.7;64.9;HT_3C71BF28FBD8
Tue, Aug 26 2025 12:16;23.8;60.2;HT_3C71BF28FBD8
Tue, Aug 26 2025 12:26;23.6;57.9;HT_3C71BF28FBD8
Tue, Aug 26 2025 12:36;24.0;68.0;HT_3C71BF28FBD8
Tue, Aug 26 2025 12:46;23.9;65.8;HT_3C71BF28FBD8
Tue, Aug 26 2025 12:56;23.6;65.8;HT_3C71BF28FBD8
Tue, Aug 26 2025 13:06;23.9;63.3;HT_3C71BF28FBD8
Tue, Aug 26 2025 13:16;23.5;59.2;HT_3C71BF28FBD8
Tue, Aug 26 2025 13:26;23.6;65.2;HT_3C71BF28FBD8
Tue, Aug 26 2025 13:36;23.2;58.8;HT_3C71BF28FBD8
Tue, Aug 26 2025 13:46;23.6;60.6;HT_3C71BF28FBD8
Tue, Aug 26 2025 13:56;23.4;60.3;HT_3C71BF28FBD8
Tue, Aug 26 2025 14:06;23.9;63.3;HT_3C71BF28FBD8
Tue, Aug 26 2025 14:16;23.6;59.1;HT_3C71BF28FBD8
Tue, Aug 26 2025 14:26;23.7;64.6;HT_3C71BF28FBD8
Tue, Aug 26 2025 14:36;23.6;62.7;HT_3C71BF28FBD8
Tue, Aug 26 2025 14:46;23.7;62.4;HT_3C71BF28FBD8
Tue, Aug 26 2025 14:56;23.4;61.4;HT_3C71BF28FBD8
Tue, Aug 26 2025 15:06;23.8;64.5;HT_3C71BF28FBD8
Tue, Aug 26 2025 15:16;23.4;59.4;HT_3C71BF28FBD8
Tue, Aug 26 2025 15:26;23.8;67.7;HT_3C71BF28FBD8
Tue, Aug 26 2025 15:36;23.7;60.3;HT_3C71BF28FBD8
Tue, Aug 26 2025 15:46;23.6;64.6;HT_3C71BF28FBD8
Tue, Aug 26 2025 15:56;23.8;65.7;HT_3C71BF28FBD8
Tue, Aug 26 2025 16:06;23.4;58.0;HT_3C71BF28FBD8
Tue, Aug 26 2025 16:16;23.8;65.3;HT_3C71BF28FBD8
Tue, Aug 26 2025 16:26;25.0;59.4;HT_3C71BF28FBD8
Tue, Aug 26 2025 16:36;27.0;52.4;HT_3C71BF28FBD8
Tue, Aug 26 2025 16:46;27.5;51.3;HT_3C71BF28FBD8
Tue, Aug 26 2025 16:56;27.9;53.1;HT_3C71BF28FBD8
Tue, Aug 26 2025 17:06;28.3;52.6;HT_3C71BF28FBD8
Tue, Aug 26 2025 17:16;28.4;52.4;HT_3C71BF28FBD8
Tue, Aug 26 2025 17:26;28.7;52.0;HT_3C71BF28FBD8
Tue, Aug 26 2025 17:36;28.9;51.9;HT_3C71BF28FBD8
Tue, Aug 26 2025 17:46;29.1;52.2;HT_3C71BF28FBD8
Tue, Aug 26 2025 17:56;29.2;52.4;HT_3C71BF28FBD8
Tue, Aug 26 2025 18:06;29.5;52.4;HT_3C71BF28FBD8
Tue, Aug 26 2025 18:16;29.5;53.0;HT_3C71BF28FBD8
Tue, Aug 26 2025 18:26;29.8;52.5;HT_3C71BF28FBD8
Tue, Aug 26 2025 18:36;30.0;52.3;HT_3C71BF28FBD8
Tue, Aug 26 2025 18:46;30.0;52.4;HT_3C71BF28FBD8
Tue, Aug 26 2025 18:56;30.1;52.6;HT_3C71BF28FBD8
Tue, Aug 26 2025 19:06;30.2;52.6;HT_3C71BF28FBD8
Tue, Aug 26 2025 19:16;30.3;52.6;HT_3C71BF28FBD8
Tue, Aug 26 2025 19:26;30.4;52.4;HT_3C71BF28FBD8
Tue, Aug 26 2025 19:36;30.5;51.8;HT_3C71BF28FBD8
Tue, Aug 26 2025 19:46;30.6;51.5;HT_3C71BF28FBD8
Tue, Aug 26 2025 19:56;30.6;52.0;HT_3C71BF28FBD8
Tue, Aug 26 2025 20:06;30.7;51.8;HT_3C71BF28FBD8
Tue, Aug 26 2025 20:16;30.8;51.7;HT_3C71BF28FBD8
Tue, Aug 26 2025 20:26;30.8;51.3;HT_3C71BF28FBD8
Tue, Aug 26 2025 20:36;30.8;51.7;HT_3C71BF28FBD8
Tue, Aug 26 2025 20:46;30.9;51.4;HT_3C71BF28FBD8
Tue, Aug 26 2025 20:56;30.9;51.6;HT_3C71BF28FBD8
Tue, Aug 26 2025 21:06;31.0;51.4;HT_3C71BF28FBD8
Tue, Aug 26 2025 21:16;31.0;51.2;HT_3C71BF28FBD8
Tue, Aug 26 2025 21:26;31.0;52.1;HT_3C71BF28FBD8
Tue, Aug 26 2025 21:36;31.1;51.4;HT_3C71BF28FBD8
Tue, Aug 26 2025 21:46;31.0;51.9;HT_3C71BF28FBD8
Tue, Aug 26 2025 21:56;31.1;51.8;HT_3C71BF28FBD8
Tue, Aug 26 2025 22:06;31.1;51.8;HT_3C71BF28FBD8
Tue, Aug 26 2025 22:16;31.1;51.7;HT_3C71BF28FBD8
Tue, Aug 26 2025 22:26;31.2;51.1;HT_3C71BF28FBD8
Tue, Aug 26 2025 22:36;31.1;51.3;HT_3C71BF28FBD8
Tue, Aug 26 2025 22:46;31.2;51.1;HT_3C71BF28FBD8
Tue, Aug 26 2025 22:56;31.1;51.0;HT_3C71BF28FBD8
Tue, Aug 26 2025 23:06;31.2;51.1;HT_3C71BF28FBD8
Tue, Aug 26 2025 23:16;31.2;51.1;HT_3C71BF28FBD8
Tue, Aug 26 2025 23:26;31.2;50.9;HT_3C71BF28FBD8
Tue, Aug 26 2025 23:36;31.3;51.5;HT_3C71BF28FBD8
Tue, Aug 26 2025 23:46;31.3;51.5;HT_3C71BF28FBD8
Tue, Aug 26 2025 23:56;31.1;51.9;HT_3C71BF28FBD8
Wed, Aug 27 2025 00:06;31.3;51.0;HT_3C71BF28FBD8
Wed, Aug 27 2025 00:16;31.3;51.8;HT_3C71BF28FBD8
Wed, Aug 27 2025 00:26;31.3;51.1;HT_3C71BF28FBD8
Wed, Aug 27 2025 00:36;31.3;51.9;HT_3C71BF28FBD8
Wed, Aug 27 2025 00:46;31.3;50.7;HT_3C71BF28FBD8
Wed, Aug 27 2025 00:56;31.3;50.6;HT_3C71BF28FBD8
Wed, Aug 27 2025 01:06;31.3;50.5;HT_3C71BF28FBD8
Wed, Aug 27 2025 01:16;31.3;50.2;HT_3C71BF28FBD8
Wed, Aug 27 2025 01:26;31.3;50.2;HT_3C71BF28FBD8
Wed, Aug 27 2025 01:36;31.4;49.8;HT_3C71BF28FBD8
Wed, Aug 27 2025 01:46;31.3;50.1;HT_3C71BF28FBD8
Wed, Aug 27 2025 01:56;31.3;49.8;HT_3C71BF28FBD8
Wed, Aug 27 2025 02:06;31.3;50.2;HT_3C71BF28FBD8
Wed, Aug 27 2025 02:16;31.4;50.1;HT_3C71BF28FBD8
Wed, Aug 27 2025 02:26;31.3;50.1;HT_3C71BF28FBD8
Wed, Aug 27 2025 02:36;31.4;50.1;HT_3C71BF28FBD8
Wed, Aug 27 2025 02:46;31.4;50.0;HT_3C71BF28FBD8
Wed, Aug 27 2025 02:56;31.3;50.2;HT_3C71BF28FBD8
Wed, Aug 27 2025 03:06;31.4;49.4;HT_3C71BF28FBD8
Wed, Aug 27 2025 03:16;31.4;49.4;HT_3C71BF28FBD8
Wed, Aug 27 2025 03:26;31.3;52.0;HT_3C71BF28FBD8
Wed, Aug 27 2025 03:36;31.4;50.7;HT_3C71BF28FBD8
Wed, Aug 27 2025 03:46;31.3;52.1;HT_3C71BF28FBD8
Wed, Aug 27 2025 03:56;31.2;53.1;HT_3C71BF28FBD8
Wed, Aug 27 2025 04:06;31.5;50.4;HT_3C71BF28FBD8
Wed, Aug 27 2025 04:16;31.4;50.9;HT_3C71BF28FBD8
Wed, Aug 27 2025 04:26;31.3;52.5;HT_3C71BF28FBD8
Wed, Aug 27 2025 04:36;31.4;52.2;HT_3C71BF28FBD8
Wed, Aug 27 2025 04:46;31.6;50.0;HT_3C71BF28FBD8
Wed, Aug 27 2025 04:56;31.6;49.8;HT_3C71BF28FBD8
Wed, Aug 27 2025 05:06;31.6;49.1;HT_3C71BF28FBD8
Wed, Aug 27 2025 05:16;31.5;52.3;HT_3C71BF28FBD8
Wed, Aug 27 2025 05:26;31.4;53.2;HT_3C71BF28FBD8
Wed, Aug 27 2025 05:36;31.4;53.2;HT_3C71BF28FBD8
Wed, Aug 27 2025 05:46;31.5;49.9;HT_3C71BF28FBD8
Wed, Aug 27 2025 05:56;31.2;52.4;HT_3C71BF28FBD8
Wed, Aug 27 2025 06:06;31.4;51.0;HT_3C71BF28FBD8
Wed, Aug 27 2025 06:16;31.5;50.2;HT_3C71BF28FBD8
Wed, Aug 27 2025 06:26;31.5;51.5;HT_3C71BF28FBD8
Wed, Aug 27 2025 06:36;31.4;52.2;HT_3C71BF28FBD8
Wed, Aug 27 2025 06:46;30.4;52.6;HT_3C71BF28FBD8
Wed, Aug 27 2025 06:56;25.6;50.8;HT_3C71BF28FBD8
Wed, Aug 27 2025 07:06;24.1;51.0;HT_3C71BF28FBD8
Wed, Aug 27 2025 07:16;24.4;55.3;HT_3C71BF28FBD8
Wed, Aug 27 2025 07:26;24.5;59.1;HT_3C71BF28FBD8
Wed, Aug 27 2025 07:36;24.3;57.0;HT_3C71BF28FBD8
Wed, Aug 27 2025 07:46;23.8;58.1;HT_3C71BF28FBD8
Wed, Aug 27 2025 07:56;23.4;58.4;HT_3C71BF28FBD8
Wed, Aug 27 2025 08:06;23.8;67.1;HT_3C71BF28FBD8
Wed, Aug 27 2025 08:16;24.0;66.2;HT_3C71BF28FBD8
Wed, Aug 27 2025 08:26;23.6;58.4;HT_3C71BF28FBD8
Wed, Aug 27 2025 08:36;23.5;66.9;HT_3C71BF28FBD8
Wed, Aug 27 2025 08:46;23.5;69.0;HT_3C71BF28FBD8
Wed, Aug 27 2025 08:56;23.8;66.4;HT_3C71BF28FBD8
Wed, Aug 27 2025 09:06;23.8;61.7;HT_3C71BF28FBD8
Wed, Aug 27 2025 09:16;23.6;65.7;HT_3C71BF28FBD8
Wed, Aug 27 2025 09:26;23.8;61.8;HT_3C71BF28FBD8
Wed, Aug 27 2025 09:36;23.4;62.1;HT_3C71BF28FBD8
Wed, Aug 27 2025 09:46;23.7;62.7;HT_3C71BF28FBD8
Wed, Aug 27 2025 09:56;23.6;65.0;HT_3C71BF28FBD8
Wed, Aug 27 2025 10:06;23.6;61.7;HT_3C71BF28FBD8
Wed, Aug 27 2025 10:16;23.2;58.1;HT_3C71BF28FBD8
Wed, Aug 27 2025 10:26;23.7;64.9;HT_3C71BF28FBD8
Wed, Aug 27 2025 10:36;23.2;58.9;HT_3C71BF28FBD8
Wed, Aug 27 2025 10:46;23.8;64.7;HT_3C71BF28FBD8
Wed, Aug 27 2025 10:56;23.3;65.2;HT_3C71BF28FBD8
Wed, Aug 27 2025 11:06;23.5;62.5;HT_3C71BF28FBD8
Wed, Aug 27 2025 11:16;23.6;68.5;HT_3C71BF28FBD8
Wed, Aug 27 2025 11:26;23.6;64.0;HT_3C71BF28FBD8
Wed, Aug 27 2025 11:36;23.1;61.6;HT_3C71BF28FBD8
Wed, Aug 27 2025 11:46;23.6;62.6;HT_3C71BF28FBD8
Wed, Aug 27 2025 11:56;23.3;66.7;HT_3C71BF28FBD8
Wed, Aug 27 2025 12:06;23.5;60.9;HT_3C71BF28FBD8
Wed, Aug 27 2025 12:16;23.5;66.1;HT_3C71BF28FBD8
Wed, Aug 27 2025 12:26;23.5;60.3;HT_3C71BF28FBD8
Wed, Aug 27 2025 12:36;23.5;65.2;HT_3C71BF28FBD8
Wed, Aug 27 2025 12:46;23.2;58.9;HT_3C71BF28FBD8
Wed, Aug 27 2025 12:56;23.5;66.8;HT_3C71BF28FBD8
Wed, Aug 27 2025 13:06;23.1;62.8;HT_3C71BF28FBD8
Wed, Aug 27 2025 13:16;23.5;66.5;HT_3C71BF28FBD8
Wed, Aug 27 2025 13:26;23.2;62.6;HT_3C71BF28FBD8
Wed, Aug 27 2025 13:36;23.4;62.9;HT_3C71BF28FBD8
Wed, Aug 27 2025 13:46;23.2;64.9;HT_3C71BF28FBD8
Wed, Aug 27 2025 13:56;23.2;60.5;HT_3C71BF28FBD8
Wed, Aug 27 2025 14:06;23.2;66.7;HT_3C71BF28FBD8
Wed, Aug 27 2025 14:16;23.1;58.7;HT_3C71BF28FBD8
Wed, Aug 27 2025 14:26;23.5;65.4;HT_3C71BF28FBD8
Wed, Aug 27 2025 14:36;23.2;64.2;HT_3C71BF28FBD8
Wed, Aug 27 2025 14:46;23.2;60.0;HT_3C71BF28FBD8
Wed, Aug 27 2025 14:56;23.4;66.3;HT_3C71BF28FBD8
Wed, Aug 27 2025 15:06;23.2;64.7;HT_3C71BF28FBD8
Wed, Aug 27 2025 15:16;23.2;62.3;HT_3C71BF28FBD8
Wed, Aug 27 2025 15:26;23.3;67.3;HT_3C71BF28FBD8
Wed, Aug 27 2025 15:36;23.1;61.4;HT_3C71BF28FBD8
Wed, Aug 27 2025 15:46;23.4;63.8;HT_3C71BF28FBD8
Wed, Aug 27 2025 15:56;23.1;64.8;HT_3C71BF28FBD8
Wed, Aug 27 2025 16:06;23.0;59.8;HT_3C71BF28FBD8
Wed, Aug 27 2025 16:16;23.1;66.8;HT_3C71BF28FBD8
Wed, Aug 27 2025 16:26;23.0;64.8;HT_3C71BF28FBD8
Wed, Aug 27 2025 16:36;24.7;59.4;HT_3C71BF28FBD8
Wed, Aug 27 2025 16:46;25.7;55.4;HT_3C71BF28FBD8
Wed, Aug 27 2025 16:56;26.2;56.6;HT_3C71BF28FBD8
Wed, Aug 27 2025 17:06;26.6;57.3;HT_3C71BF28FBD8
Wed, Aug 27 2025 17:16;26.8;56.6;HT_3C71BF28FBD8
Wed, Aug 27 2025 17:26;27.1;56.7;HT_3C71BF28FBD8
Wed, Aug 27 2025 17:36;27.3;57.2;HT_3C71BF28FBD8
Wed, Aug 27 2025 17:46;27.4;56.4;HT_3C71BF28FBD8
Wed, Aug 27 2025 17:56;27.6;55.8;HT_3C71BF28FBD8
Wed, Aug 27 2025 18:06;27.8;57.0;HT_3C71BF28FBD8
Wed, Aug 27 2025 18:16;27.9;56.5;HT_3C71BF28FBD8
Wed, Aug 27 2025 18:26;28.1;57.0;HT_3C71BF28FBD8
Wed, Aug 27 2025 18:36;28.2;56.6;HT_3C71BF28FBD8
Wed, Aug 27 2025 18:46;28.3;56.5;HT_3C71BF28FBD8
Wed, Aug 27 2025 18:56;28.4;56.5;HT_3C71BF28FBD8
Wed, Aug 27 2025 19:06;28.6;56.5;HT_3C71BF28FBD8
Wed, Aug 27 2025 19:16;28.7;56.0;HT_3C71BF28FBD8
Wed, Aug 27 2025 19:26;28.7;55.2;HT_3C71BF28FBD8
Wed, Aug 27 2025 19:36;28.8;55.1;HT_3C71BF28FBD8
Wed, Aug 27 2025 19:46;28.9;55.2;HT_3C71BF28FBD8
Wed, Aug 27 2025 19:56;29.0;54.8;HT_3C71BF28FBD8
Wed, Aug 27 2025 20:06;29.0;54.5;HT_3C71BF28FBD8
Wed, Aug 27 2025 20:16;29.1;54.4;HT_3C71BF28FBD8
Wed, Aug 27 2025 20:26;29.2;54.4;HT_3C71BF28FBD8
Wed, Aug 27 2025 20:36;29.3;54.3;HT_3C71BF28FBD8
Wed, Aug 27 2025 20:46;29.3;54.3;HT_3C71BF28FBD8
Wed, Aug 27 2025 20:56;29.4;53.9;HT_3C71BF28FBD8
Wed, Aug 27 2025 21:06;29.5;54.5;HT_3C71BF28FBD8
Wed, Aug 27 2025 21:16;29.5;53.9;HT_3C71BF28FBD8
Wed, Aug 27 2025 21:26;29.6;53.3;HT_3C71BF28FBD8
Wed, Aug 27 2025 21:36;29.6;53.3;HT_3C71BF28FBD8
Wed, Aug 27 2025 21:46;29.7;52.9;HT_3C71BF28FBD8
Wed, Aug 27 2025 21:56;29.7;52.5;HT_3C71BF28FBD8
Wed, Aug 27 2025 22:06;29.8;52.4;HT_3C71BF28FBD8
Wed, Aug 27 2025 22:16;29.8;52.5;HT_3C71BF28FBD8
Wed, Aug 27 2025 22:26;29.9;52.8;HT_3C71BF28FBD8
Wed, Aug 27 2025 22:36;29.8;52.4;HT_3C71BF28FBD8
Wed, Aug 27 2025 22:46;29.9;52.2;HT_3C71BF28FBD8
Wed, Aug 27 2025 22:56;29.9;52.0;HT_3C71BF28FBD8
Wed, Aug 27 2025 23:06;30.0;51.9;HT_3C71BF28FBD8
Wed, Aug 27 2025 23:16;30.0;51.7;HT_3C71BF28FBD8
Wed, Aug 27 2025 23:26;30.0;51.6;HT_3C71BF28FBD8
Wed, Aug 27 2025 23:36;30.0;52.2;HT_3C71BF28FBD8
Wed, Aug 27 2025 23:46;30.1;51.6;HT_3C71BF28FBD8
Wed, Aug 27 2025 23:56;30.1;51.1;HT_3C71BF28FBD8
Thu, Aug 28 2025 00:06;30.1;51.0;HT_3C71BF28FBD8
Thu, Aug 28 2025 00:16;30.2;50.7;HT_3C71BF28FBD8
Thu, Aug 28 2025 00:26;30.1;51.0;HT_3C71BF28FBD8
Thu, Aug 28 2025 00:36;30.2;51.0;HT_3C71BF28FBD8
Thu, Aug 28 2025 00:46;30.2;50.9;HT_3C71BF28FBD8
Thu, Aug 28 2025 00:56;30.2;51.6;HT_3C71BF28FBD8
Thu, Aug 28 2025 01:06;30.2;51.2;HT_3C71BF28FBD8
Thu, Aug 28 2025 01:16;30.3;51.0;HT_3C71BF28FBD8
Thu, Aug 28 2025 01:26;30.2;51.1;HT_3C71BF28FBD8
Thu, Aug 28 2025 01:36;30.3;51.0;HT_3C71BF28FBD8
Thu, Aug 28 2025 01:46;30.3;50.7;HT_3C71BF28FBD8
Thu, Aug 28 2025 01:56;30.3;50.9;HT_3C71BF28FBD8
Thu, Aug 28 2025 02:06;30.3;50.6;HT_3C71BF28FBD8
Thu, Aug 28 2025 02:16;30.3;51.8;HT_3C71BF28FBD8
Thu, Aug 28 2025 02:26;30.3;52.4;HT_3C71BF28FBD8
Thu, Aug 28 2025 02:36;30.4;50.8;HT_3C71BF28FBD8
Thu, Aug 28 2025 02:46;30.4;50.5;HT_3C71BF28FBD8
Thu, Aug 28 2025 02:56;30.4;50.5;HT_3C71BF28FBD8
Thu, Aug 28 2025 03:06;30.4;50.4;HT_3C71BF28FBD8
Thu, Aug 28 2025 03:16;30.4;50.7;HT_3C71BF28FBD8
Thu, Aug 28 2025 03:26;30.4;50.4;HT_3C71BF28FBD8
Thu, Aug 28 2025 03:36;30.4;50.0;HT_3C71BF28FBD8
Thu, Aug 28 2025 03:46;30.4;50.3;HT_3C71BF28FBD8
Thu, Aug 28 2025 03:56;30.4;50.4;HT_3C71BF28FBD8
Thu, Aug 28 2025 04:06;30.4;49.6;HT_3C71BF28FBD8
Thu, Aug 28 2025 04:16;30.5;49.3;HT_3C71BF28FBD8
Thu, Aug 28 2025 04:27;30.4;49.7;HT_3C71BF28FBD8
Thu, Aug 28 2025 04:37;30.4;49.7;HT_3C71BF28FBD8
Thu, Aug 28 2025 04:47;30.4;49.1;HT_3C71BF28FBD8
Thu, Aug 28 2025 04:57;30.4;48.8;HT_3C71BF28FBD8
Thu, Aug 28 2025 05:07;30.4;49.3;HT_3C71BF28FBD8
Thu, Aug 28 2025 05:17;30.3;51.9;HT_3C71BF28FBD8
Thu, Aug 28 2025 05:27;30.3;50.6;HT_3C71BF28FBD8
Thu, Aug 28 2025 05:37;30.4;48.1;HT_3C71BF28FBD8
Thu, Aug 28 2025 05:47;30.2;48.8;HT_3C71BF28FBD8
Thu, Aug 28 2025 05:57;30.3;47.9;HT_3C71BF28FBD8
Thu, Aug 28 2025 06:07;30.3;47.8;HT_3C71BF28FBD8
Thu, Aug 28 2025 06:17;30.2;47.7;HT_3C71BF28FBD8
Thu, Aug 28 2025 06:27;30.2;50.1;HT_3C71BF28FBD8
Thu, Aug 28 2025 06:37;30.2;47.9;HT_3C71BF28FBD8
Thu, Aug 28 2025 06:47;29.2;50.0;HT_3C71BF28FBD8
Thu, Aug 28 2025 06:57;24.4;49.1;HT_3C71BF28FBD8
Thu, Aug 28 2025 07:07;23.6;57.3;HT_3C71BF28FBD8
Thu, Aug 28 2025 07:17;24.2;60.8;HT_3C71BF28FBD8
Thu, Aug 28 2025 07:27;23.9;56.8;HT_3C71BF28FBD8
Thu, Aug 28 2025 07:37;23.8;60.9;HT_3C71BF28FBD8
Thu, Aug 28 2025 07:47;23.9;59.1;HT_3C71BF28FBD8
Thu, Aug 28 2025 07:57;23.6;60.9;HT_3C71BF28FBD8
Thu, Aug 28 2025 08:07;23.8;60.1;HT_3C71BF28FBD8
Thu, Aug 28 2025 08:17;23.4;61.1;HT_3C71BF28FBD8
Thu, Aug 28 2025 08:27;23.8;61.3;HT_3C71BF28FBD8
Thu, Aug 28 2025 08:37;23.6;64.9;HT_3C71BF28FBD8
Thu, Aug 28 2025 08:47;23.8;61.9;HT_3C71BF28FBD8
Thu, Aug 28 2025 08:57;23.6;63.8;HT_3C71BF28FBD8
Thu, Aug 28 2025 09:07;23.6;59.4;HT_3C71BF28FBD8
Thu, Aug 28 2025 09:17;23.7;64.6;HT_3C71BF28FBD8
Thu, Aug 28 2025 09:27;23.2;60.4;HT_3C71BF28FBD8
Thu, Aug 28 2025 09:37;23.5;59.1;HT_3C71BF28FBD8
Thu, Aug 28 2025 09:47;23.6;65.2;HT_3C71BF28FBD8
Thu, Aug 28 2025 09:57;23.3;58.8;HT_3C71BF28FBD8
Thu, Aug 28 2025 10:07;23.5;60.6;HT_3C71BF28FBD8
Thu, Aug 28 2025 10:17;23.5;64.0;HT_3C71BF28FBD8
Thu, Aug 28 2025 10:27;23.1;58.9;HT_3C71BF28FBD8
Thu, Aug 28 2025 10:37;23.3;61.8;HT_3C71BF28FBD8
Thu, Aug 28 2025 10:47;23.4;65.5;HT_3C71BF28FBD8
Thu, Aug 28 2025 10:57;23.2;58.4;HT_3C71BF28FBD8
Thu, Aug 28 2025 11:07;23.4;61.8;HT_3C71BF28FBD8
Thu, Aug 28 2025 11:17;23.1;62.6;HT_3C71BF28FBD8
Thu, Aug 28 2025 11:27;22.8;56.7;HT_3C71BF28FBD8
Thu, Aug 28 2025 11:37;23.2;61.8;HT_3C71BF28FBD8
Thu, Aug 28 2025 11:47;23.0;63.4;HT_3C71BF28FBD8
Thu, Aug 28 2025 11:57;22.7;56.1;HT_3C71BF28FBD8
Thu, Aug 28 2025 12:07;23.3;63.3;HT_3C71BF28FBD8
Thu, Aug 28 2025 12:17;23.0;61.9;HT_3C71BF28FBD8
Thu, Aug 28 2025 12:27;22.7;55.9;HT_3C71BF28FBD8
Thu, Aug 28 2025 12:37;23.1;62.4;HT_3C71BF28FBD8
Thu, Aug 28 2025 12:47;22.8;62.1;HT_3C71BF28FBD8
Thu, Aug 28 2025 12:57;22.8;57.6;HT_3C71BF28FBD8
Thu, Aug 28 2025 13:07;23.1;63.4;HT_3C71BF28FBD8
Thu, Aug 28 2025 13:17;22.7;64.1;HT_3C71BF28FBD8
Thu, Aug 28 2025 13:27;22.5;57.7;HT_3C71BF28FBD8
Thu, Aug 28 2025 13:37;22.8;64.9;HT_3C71BF28FBD8
Thu, Aug 28 2025 13:47;22.7;64.3;HT_3C71BF28FBD8
Thu, Aug 28 2025 13:57;22.9;59.5;HT_3C71BF28FBD8
Thu, Aug 28 2025 14:07;23.1;64.0;HT_3C71BF28FBD8
Thu, Aug 28 2025 14:17;22.7;61.8;HT_3C71BF28FBD8
Thu, Aug 28 2025 14:27;22.6;56.7;HT_3C71BF28FBD8
Thu, Aug 28 2025 14:37;22.8;62.1;HT_3C71BF28FBD8
Thu, Aug 28 2025 14:47;24.5;52.9;HT_3C71BF28FBD8
Thu, Aug 28 2025 14:57;25.7;48.9;HT_3C71BF28FBD8
Thu, Aug 28 2025 15:07;26.2;47.0;HT_3C71BF28FBD8
Thu, Aug 28 2025 15:17;26.5;46.2;HT_3C71BF28FBD8
Thu, Aug 28 2025 15:27;26.7;45.8;HT_3C71BF28FBD8
Thu, Aug 28 2025 15:37;26.8;45.3;HT_3C71BF28FBD8
Thu, Aug 28 2025 15:47;26.9;45.8;HT_3C71BF28FBD8
Thu, Aug 28 2025 15:57;27.0;45.4;HT_3C71BF28FBD8
Thu, Aug 28 2025 16:07;27.1;45.5;HT_3C71BF28FBD8
Thu, Aug 28 2025 16:17;27.2;47.2;HT_3C71BF28FBD8
Thu, Aug 28 2025 16:27;27.4;48.6;HT_3C71BF28FBD8
Thu, Aug 28 2025 16:37;27.5;49.5;HT_3C71BF28FBD8
Thu, Aug 28 2025 16:47;27.6;49.7;HT_3C71BF28FBD8
Thu, Aug 28 2025 16:57;27.8;49.8;HT_3C71BF28FBD8
Thu, Aug 28 2025 17:07;27.9;50.1;HT_3C71BF28FBD8
Thu, Aug 28 2025 17:17;28.1;50.1;HT_3C71BF28FBD8
Thu, Aug 28 2025 17:27;28.2;50.1;HT_3C71BF28FBD8
Thu, Aug 28 2025 17:37;28.3;50.1;HT_3C71BF28FBD8
Thu, Aug 28 2025 17:47;28.4;50.2;HT_3C71BF28FBD8
Thu, Aug 28 2025 17:57;28.5;50.4;HT_3C71BF28FBD8
Thu, Aug 28 2025 18:07;28.6;50.3;HT_3C71BF28FBD8
Thu, Aug 28 2025 18:17;28.7;50.3;HT_3C71BF28FBD8
Thu, Aug 28 2025 18:27;28.7;50.2;HT_3C71BF28FBD8
Thu, Aug 28 2025 18:37;28.8;49.9;HT_3C71BF28FBD8
Thu, Aug 28 2025 18:47;28.9;49.8;HT_3C71BF28FBD8
Thu, Aug 28 2025 18:57;29.0;49.8;HT_3C71BF28FBD8
Thu, Aug 28 2025 19:07;29.0;49.9;HT_3C71BF28FBD8
Thu, Aug 28 2025 19:17;29.1;49.8;HT_3C71BF28FBD8
Thu, Aug 28 2025 19:27;29.2;49.6;HT_3C71BF28FBD8
Thu, Aug 28 2025 19:37;29.2;49.4;HT_3C71BF28FBD8
Thu, Aug 28 2025 19:47;29.3;49.1;HT_3C71BF28FBD8
Thu, Aug 28 2025 19:57;29.4;49.0;HT_3C71BF28FBD8
Thu, Aug 28 2025 20:07;29.4;48.8;HT_3C71BF28FBD8
Thu, Aug 28 2025 20:17;29.5;48.4;HT_3C71BF28FBD8
Thu, Aug 28 2025 20:27;29.5;48.3;HT_3C71BF28FBD8
Thu, Aug 28 2025 20:37;29.6;48.1;HT_3C71BF28FBD8
Thu, Aug 28 2025 20:47;29.6;47.9;HT_3C71BF28FBD8
Thu, Aug 28 2025 20:57;29.7;47.7;HT_3C71BF28FBD8
Thu, Aug 28 2025 21:07;29.7;47.5;HT_3C71BF28FBD8
Thu, Aug 28 2025 21:17;29.7;47.3;HT_3C71BF28FBD8
Thu, Aug 28 2025 21:27;29.7;47.2;HT_3C71BF28FBD8
Thu, Aug 28 2025 21:37;29.8;47.0;HT_3C71BF28FBD8
Thu, Aug 28 2025 21:47;29.8;46.9;HT_3C71BF28FBD8
Thu, Aug 28 2025 21:57;29.9;46.7;HT_3C71BF28FBD8
Thu, Aug 28 2025 22:07;29.9;46.6;HT_3C71BF28FBD8
Thu, Aug 28 2025 22:17;29.9;46.4;HT_3C71BF28FBD8
Thu, Aug 28 2025 22:27;29.9;46.4;HT_3C71BF28FBD8
Thu, Aug 28 2025 22:37;30.0;46.3;HT_3C71BF28FBD8
Thu, Aug 28 2025 22:47;30.0;46.2;HT_3C71BF28FBD8
Thu, Aug 28 2025 22:57;30.0;46.1;HT_3C71BF28FBD8
Thu, Aug 28 2025 23:07;30.0;45.9;HT_3C71BF28FBD8
Thu, Aug 28 2025 23:17;30.0;45.8;HT_3C71BF28FBD8
Thu, Aug 28 2025 23:27;30.0;45.8;HT_3C71BF28FBD8
Thu, Aug 28 2025 23:37;30.0;45.6;HT_3C71BF28FBD8
Thu, Aug 28 2025 23:47;30.0;45.6;HT_3C71BF28FBD8
Thu, Aug 28 2025 23:57;30.1;45.4;HT_3C71BF28FBD8
Fri, Aug 29 2025 00:07;30.1;45.4;HT_3C71BF28FBD8
Fri, Aug 29 2025 00:17;30.1;45.5;HT_3C71BF28FBD8
Fri, Aug 29 2025 00:27;30.1;45.4;HT_3C71BF28FBD8
Fri, Aug 29 2025 00:37;30.1;45.4;HT_3C71BF28FBD8
Fri, Aug 29 2025 00:47;30.1;45.3;HT_3C71BF28FBD8
Fri, Aug 29 2025 00:57;30.1;45.3;HT_3C71BF28FBD8
Fri, Aug 29 2025 01:07;30.1;45.2;HT_3C71BF28FBD8
Fri, Aug 29 2025 01:17;30.1;45.2;HT_3C71BF28FBD8
Fri, Aug 29 2025 01:27;30.1;45.3;HT_3C71BF28FBD8
Fri, Aug 29 2025 01:37;30.1;45.1;HT_3C71BF28FBD8
Fri, Aug 29 2025 01:47;30.1;45.1;HT_3C71BF28FBD8
Fri, Aug 29 2025 01:57;30.1;45.4;HT_3C71BF28FBD8
Fri, Aug 29 2025 02:07;30.1;45.3;HT_3C71BF28FBD8
Fri, Aug 29 2025 02:17;30.1;45.2;HT_3C71BF28FBD8
Fri, Aug 29 2025 02:27;30.1;45.1;HT_3C71BF28FBD8
Fri, Aug 29 2025 02:37;30.1;44.9;HT_3C71BF28FBD8
Fri, Aug 29 2025 02:47;30.1;45.4;HT_3C71BF28FBD8
Fri, Aug 29 2025 02:57;30.1;45.2;HT_3C71BF28FBD8
Fri, Aug 29 2025 03:07;30.1;45.3;HT_3C71BF28FBD8
Fri, Aug 29 2025 03:17;30.1;45.2;HT_3C71BF28FBD8
Fri, Aug 29 2025 03:27;30.1;45.2;HT_3C71BF28FBD8
Fri, Aug 29 2025 03:37;30.1;45.1;HT_3C71BF28FBD8
Fri, Aug 29 2025 03:47;30.1;45.5;HT_3C71BF28FBD8
Fri, Aug 29 2025 03:57;30.2;45.8;HT_3C71BF28FBD8
Fri, Aug 29 2025 04:07;30.1;45.9;HT_3C71BF28FBD8
Fri, Aug 29 2025 04:17;30.1;45.7;HT_3C71BF28FBD8
Fri, Aug 29 2025 04:27;30.1;45.1;HT_3C71BF28FBD8
Fri, Aug 29 2025 04:37;30.1;44.9;HT_3C71BF28FBD8
Fri, Aug 29 2025 04:47;30.1;44.7;HT_3C71BF28FBD8
Fri, Aug 29 2025 04:57;30.1;44.6;HT_3C71BF28FBD8
Fri, Aug 29 2025 05:07;30.0;44.6;HT_3C71BF28FBD8
Fri, Aug 29 2025 05:17;30.1;44.9;HT_3C71BF28FBD8
Fri, Aug 29 2025 05:27;30.1;45.2;HT_3C71BF28FBD8
Fri, Aug 29 2025 05:37;30.1;45.8;HT_3C71BF28FBD8
Fri, Aug 29 2025 05:47;30.1;45.8;HT_3C71BF28FBD8
Fri, Aug 29 2025 05:57;30.0;45.4;HT_3C71BF28FBD8
Fri, Aug 29 2025 06:07;30.0;45.8;HT_3C71BF28FBD8
Fri, Aug 29 2025 06:17;30.1;45.7;HT_3C71BF28FBD8
Fri, Aug 29 2025 06:27;30.1;45.2;HT_3C71BF28FBD8
Fri, Aug 29 2025 06:37;30.0;45.6;HT_3C71BF28FBD8
Fri, Aug 29 2025 06:47;30.0;45.4;HT_3C71BF28FBD8
Fri, Aug 29 2025 06:57;30.1;44.9;HT_3C71BF28FBD8
Fri, Aug 29 2025 07:07;30.0;46.1;HT_3C71BF28FBD8
Fri, Aug 29 2025 07:17;30.1;46.9;HT_3C71BF28FBD8
Fri, Aug 29 2025 07:27;30.1;46.9;HT_3C71BF28FBD8
Fri, Aug 29 2025 07:37;30.1;46.3;HT_3C71BF28FBD8
Fri, Aug 29 2025 07:47;30.1;47.1;HT_3C71BF28FBD8
Fri, Aug 29 2025 07:57;30.1;46.5;HT_3C71BF28FBD8
Fri, Aug 29 2025 08:07;30.2;46.2;HT_3C71BF28FBD8
Fri, Aug 29 2025 08:17;30.2;47.8;HT_3C71BF28FBD8
Fri, Aug 29 2025 08:27;30.3;48.4;HT_3C71BF28FBD8
Fri, Aug 29 2025 08:37;30.2;47.5;HT_3C71BF28FBD8
Fri, Aug 29 2025 08:47;30.3;46.4;HT_3C71BF28FBD8
Fri, Aug 29 2025 08:57;30.3;46.2;HT_3C71BF28FBD8
Fri, Aug 29 2025 09:07;30.3;46.2;HT_3C71BF28FBD8
Fri, Aug 29 2025 09:17;30.4;46.0;HT_3C71BF28FBD8
Fri, Aug 29 2025 09:27;30.4;46.0;HT_3C71BF28FBD8
Fri, Aug 29 2025 09:37;30.5;46.7;HT_3C71BF28FBD8
Fri, Aug 29 2025 09:47;30.5;46.3;HT_3C71BF28FBD8
Fri, Aug 29 2025 09:57;30.5;46.3;HT_3C71BF28FBD8
Fri, Aug 29 2025 10:07;30.6;46.7;HT_3C71BF28FBD8
Fri, Aug 29 2025 10:17;30.5;47.1;HT_3C71BF28FBD8
Fri, Aug 29 2025 10:27;30.6;47.2;HT_3C71BF28FBD8
Fri, Aug 29 2025 10:37;30.6;47.1;HT_3C71BF28FBD8
Fri, Aug 29 2025 10:47;30.6;47.0;HT_3C71BF28FBD8
Fri, Aug 29 2025 10:57;30.7;47.1;HT_3C71BF28FBD8
Fri, Aug 29 2025 11:07;30.7;47.4;HT_3C71BF28FBD8
Fri, Aug 29 2025 11:17;30.8;47.9;HT_3C71BF28FBD8
Fri, Aug 29 2025 11:27;30.8;47.9;HT_3C71BF28FBD8
Fri, Aug 29 2025 11:37;30.8;48.0;HT_3C71BF28FBD8
Fri, Aug 29 2025 11:47;30.8;48.2;HT_3C71BF28FBD8
Fri, Aug 29 2025 11:57;30.8;48.6;HT_3C71BF28FBD8
Fri, Aug 29 2025 12:07;30.9;48.7;HT_3C71BF28FBD8
Fri, Aug 29 2025 12:17;30.9;48.6;HT_3C71BF28FBD8
Fri, Aug 29 2025 12:27;30.9;48.5;HT_3C71BF28FBD8
Fri, Aug 29 2025 12:37;30.9;48.4;HT_3C71BF28FBD8
Fri, Aug 29 2025 12:47;30.9;47.9;HT_3C71BF28FBD8
Fri, Aug 29 2025 12:57;31.0;47.7;HT_3C71BF28FBD8
Fri, Aug 29 2025 13:07;31.0;47.7;HT_3C71BF28FBD8
Fri, Aug 29 2025 13:17;31.0;47.8;HT_3C71BF28FBD8
Fri, Aug 29 2025 13:27;31.1;47.8;HT_3C71BF28FBD8
Fri, Aug 29 2025 13:37;31.1;47.7;HT_3C71BF28FBD8
Fri, Aug 29 2025 13:47;31.1;47.5;HT_3C71BF28FBD8
Fri, Aug 29 2025 13:57;31.1;47.6;HT_3C71BF28FBD8
Fri, Aug 29 2025 14:07;31.1;47.4;HT_3C71BF28FBD8
Fri, Aug 29 2025 14:17;31.1;47.6;HT_3C71BF28FBD8
Fri, Aug 29 2025 14:27;31.2;47.7;HT_3C71BF28FBD8
Fri, Aug 29 2025 14:37;31.2;47.6;HT_3C71BF28FBD8
Fri, Aug 29 2025 14:47;31.2;47.6;HT_3C71BF28FBD8
Fri, Aug 29 2025 14:57;31.2;47.5;HT_3C71BF28FBD8
Fri, Aug 29 2025 15:07;31.2;47.4;HT_3C71BF28FBD8
Fri, Aug 29 2025 15:17;31.2;47.6;HT_3C71BF28FBD8
Fri, Aug 29 2025 15:27;31.3;47.4;HT_3C71BF28FBD8
Fri, Aug 29 2025 15:37;31.3;47.4;HT_3C71BF28FBD8
Fri, Aug 29 2025 15:47;31.3;47.6;HT_3C71BF28FBD8
Fri, Aug 29 2025 15:57;31.3;47.4;HT_3C71BF28FBD8
Fri, Aug 29 2025 16:07;31.3;47.3;HT_3C71BF28FBD8
Fri, Aug 29 2025 16:17;31.3;47.3;HT_3C71BF28FBD8
Fri, Aug 29 2025 16:27;31.4;47.1;HT_3C71BF28FBD8
Fri, Aug 29 2025 16:37;31.4;47.3;HT_3C71BF28FBD8
Fri, Aug 29 2025 16:47;31.4;47.1;HT_3C71BF28FBD8
Fri, Aug 29 2025 16:57;31.4;47.0;HT_3C71BF28FBD8
Fri, Aug 29 2025 17:07;31.4;46.9;HT_3C71BF28FBD8
Fri, Aug 29 2025 17:17;31.4;46.8;HT_3C71BF28FBD8
Fri, Aug 29 2025 17:27;31.4;46.6;HT_3C71BF28FBD8
Fri, Aug 29 2025 17:37;31.5;46.4;HT_3C71BF28FBD8
Fri, Aug 29 2025 17:47;31.4;46.4;HT_3C71BF28FBD8
Fri, Aug 29 2025 17:57;31.5;46.3;HT_3C71BF28FBD8
Fri, Aug 29 2025 18:07;31.5;46.3;HT_3C71BF28FBD8
Fri, Aug 29 2025 18:17;31.5;46.2;HT_3C71BF28FBD8
Fri, Aug 29 2025 18:27;31.5;46.1;HT_3C71BF28FBD8
Fri, Aug 29 2025 18:37;31.5;46.2;HT_3C71BF28FBD8
Fri, Aug 29 2025 18:47;31.5;46.1;HT_3C71BF28FBD8
Fri, Aug 29 2025 18:57;31.5;46.1;HT_3C71BF28FBD8
Fri, Aug 29 2025 19:07;31.5;46.0;HT_3C71BF28FBD8
Fri, Aug 29 2025 19:17;31.5;45.9;HT_3C71BF28FBD8
Fri, Aug 29 2025 19:27;31.5;45.7;HT_3C71BF28FBD8
Fri, Aug 29 2025 19:37;31.5;45.6;HT_3C71BF28FBD8
Fri, Aug 29 2025 19:47;31.5;45.5;HT_3C71BF28FBD8
Fri, Aug 29 2025 19:57;31.5;45.4;HT_3C71BF28FBD8
Fri, Aug 29 2025 20:07;31.5;45.3;HT_3C71BF28FBD8
Fri, Aug 29 2025 20:17;31.5;45.2;HT_3C71BF28FBD8
Fri, Aug 29 2025 20:27;31.5;45.0;HT_3C71BF28FBD8
Fri, Aug 29 2025 20:37;31.5;45.0;HT_3C71BF28FBD8
Fri, Aug 29 2025 20:47;31.5;44.8;HT_3C71BF28FBD8
Fri, Aug 29 2025 20:57;31.5;44.8;HT_3C71BF28FBD8
Fri, Aug 29 2025 21:07;31.5;44.7;HT_3C71BF28FBD8
Fri, Aug 29 2025 21:17;31.5;44.6;HT_3C71BF28FBD8
Fri, Aug 29 2025 21:27;31.5;44.4;HT_3C71BF28FBD8
Fri, Aug 29 2025 21:37;31.5;44.4;HT_3C71BF28FBD8
Fri, Aug 29 2025 21:47;31.5;44.2;HT_3C71BF28FBD8
Fri, Aug 29 2025 21:57;31.5;44.1;HT_3C71BF28FBD8
Fri, Aug 29 2025 22:07;31.5;44.0;HT_3C71BF28FBD8
Fri, Aug 29 2025 22:17;31.5;44.0;HT_3C71BF28FBD8
Fri, Aug 29 2025 22:27;31.5;43.9;HT_3C71BF28FBD8
Fri, Aug 29 2025 22:37;31.5;43.9;HT_3C71BF28FBD8
Fri, Aug 29 2025 22:47;31.4;43.8;HT_3C71BF28FBD8
Fri, Aug 29 2025 22:57;31.4;43.7;HT_3C71BF28FBD8
Fri, Aug 29 2025 23:07;31.4;43.6;HT_3C71BF28FBD8
Fri, Aug 29 2025 23:17;31.4;43.5;HT_3C71BF28FBD8
Fri, Aug 29 2025 23:27;31.4;43.4;HT_3C71BF28FBD8
Fri, Aug 29 2025 23:37;31.4;43.2;HT_3C71BF28FBD8
Fri, Aug 29 2025 23:47;31.4;43.3;HT_3C71BF28FBD8
Fri, Aug 29 2025 23:57;31.4;43.2;HT_3C71BF28FBD8
Sat, Aug 30 2025 00:07;31.4;43.0;HT_3C71BF28FBD8
Sat, Aug 30 2025 00:17;31.3;43.0;HT_3C71BF28FBD8
Sat, Aug 30 2025 00:27;31.3;42.8;HT_3C71BF28FBD8
Sat, Aug 30 2025 00:37;31.3;42.9;HT_3C71BF28FBD8
Sat, Aug 30 2025 00:47;31.3;43.0;HT_3C71BF28FBD8
Sat, Aug 30 2025 00:57;31.3;43.0;HT_3C71BF28FBD8
Sat, Aug 30 2025 01:07;31.3;42.9;HT_3C71BF28FBD8
Sat, Aug 30 2025 01:17;31.3;42.7;HT_3C71BF28FBD8
Sat, Aug 30 2025 01:27;31.3;42.5;HT_3C71BF28FBD8
Sat, Aug 30 2025 01:37;31.3;42.4;HT_3C71BF28FBD8
Sat, Aug 30 2025 01:47;31.3;42.3;HT_3C71BF28FBD8
Sat, Aug 30 2025 01:57;31.3;42.2;HT_3C71BF28FBD8
Sat, Aug 30 2025 02:07;31.2;42.2;HT_3C71BF28FBD8
Sat, Aug 30 2025 02:17;31.2;42.0;HT_3C71BF28FBD8
Sat, Aug 30 2025 02:27;31.2;42.0;HT_3C71BF28FBD8
Sat, Aug 30 2025 02:37;31.2;42.0;HT_3C71BF28FBD8
Sat, Aug 30 2025 02:47;31.2;41.9;HT_3C71BF28FBD8
Sat, Aug 30 2025 02:57;31.2;41.9;HT_3C71BF28FBD8
Sat, Aug 30 2025 03:07;31.2;41.7;HT_3C71BF28FBD8
Sat, Aug 30 2025 03:17;31.2;41.9;HT_3C71BF28FBD8
Sat, Aug 30 2025 03:27;31.2;41.8;HT_3C71BF28FBD8
Sat, Aug 30 2025 03:37;31.2;41.8;HT_3C71BF28FBD8
Sat, Aug 30 2025 03:47;31.1;41.6;HT_3C71BF28FBD8
Sat, Aug 30 2025 03:57;31.2;41.6;HT_3C71BF28FBD8
Sat, Aug 30 2025 04:07;31.1;41.5;HT_3C71BF28FBD8
Sat, Aug 30 2025 04:17;31.1;41.4;HT_3C71BF28FBD8
Sat, Aug 30 2025 04:27;31.1;41.5;HT_3C71BF28FBD8
Sat, Aug 30 2025 04:37;31.2;41.3;HT_3C71BF28FBD8
Sat, Aug 30 2025 04:47;31.1;41.4;HT_3C71BF28FBD8
Sat, Aug 30 2025 04:57;31.1;41.3;HT_3C71BF28FBD8
Sat, Aug 30 2025 05:07;31.1;41.2;HT_3C71BF28FBD8
Sat, Aug 30 2025 05:17;31.1;41.1;HT_3C71BF28FBD8
Sat, Aug 30 2025 05:27;31.1;41.1;HT_3C71BF28FBD8
Sat, Aug 30 2025 05:37;31.1;41.0;HT_3C71BF28FBD8
Sat, Aug 30 2025 05:47;31.1;41.1;HT_3C71BF28FBD8
Sat, Aug 30 2025 05:57;31.1;40.9;HT_3C71BF28FBD8
Sat, Aug 30 2025 06:07;31.1;41.1;HT_3C71BF28FBD8
Sat, Aug 30 2025 06:17;31.0;41.1;HT_3C71BF28FBD8
Sat, Aug 30 2025 06:27;31.0;40.9;HT_3C71BF28FBD8
Sat, Aug 30 2025 06:37;31.0;40.8;HT_3C71BF28FBD8
Sat, Aug 30 2025 06:47;31.0;40.7;HT_3C71BF28FBD8
Sat, Aug 30 2025 06:57;31.0;40.6;HT_3C71BF28FBD8
Sat, Aug 30 2025 07:07;31.0;40.6;HT_3C71BF28FBD8
Sat, Aug 30 2025 07:17;31.0;40.5;HT_3C71BF28FBD8
Sat, Aug 30 2025 07:27;31.0;40.6;HT_3C71BF28FBD8
Sat, Aug 30 2025 07:37;31.0;40.6;HT_3C71BF28FBD8
Sat, Aug 30 2025 07:47;31.0;40.6;HT_3C71BF28FBD8
Sat, Aug 30 2025 07:57;31.0;40.8;HT_3C71BF28FBD8
Sat, Aug 30 2025 08:07;31.0;40.6;HT_3C71BF28FBD8
Sat, Aug 30 2025 08:17;31.0;40.6;HT_3C71BF28FBD8
Sat, Aug 30 2025 08:27;31.0;40.5;HT_3C71BF28FBD8
Sat, Aug 30 2025 08:37;31.0;40.8;HT_3C71BF28FBD8
Sat, Aug 30 2025 08:47;31.0;41.4;HT_3C71BF28FBD8
Sat, Aug 30 2025 08:57;31.0;41.2;HT_3C71BF28FBD8
Sat, Aug 30 2025 09:07;31.0;41.1;HT_3C71BF28FBD8
Sat, Aug 30 2025 09:17;31.1;43.2;HT_3C71BF28FBD8
Sat, Aug 30 2025 09:27;31.1;41.9;HT_3C71BF28FBD8
Sat, Aug 30 2025 09:37;31.0;41.6;HT_3C71BF28FBD8
Sat, Aug 30 2025 09:47;31.1;41.5;HT_3C71BF28FBD8
Sat, Aug 30 2025 09:57;31.1;41.7;HT_3C71BF28FBD8
Sat, Aug 30 2025 10:07;31.1;41.7;HT_3C71BF28FBD8
Sat, Aug 30 2025 10:17;31.1;41.9;HT_3C71BF28FBD8
Sat, Aug 30 2025 10:27;31.1;41.7;HT_3C71BF28FBD8
Sat, Aug 30 2025 10:37;31.2;41.6;HT_3C71BF28FBD8
Sat, Aug 30 2025 10:47;31.2;41.6;HT_3C71BF28FBD8
Sat, Aug 30 2025 10:57;31.2;41.7;HT_3C71BF28FBD8
Sat, Aug 30 2025 11:07;31.2;42.1;HT_3C71BF28FBD8
Sat, Aug 30 2025 11:17;31.3;42.7;HT_3C71BF28FBD8
Sat, Aug 30 2025 11:27;31.2;42.7;HT_3C71BF28FBD8
Sat, Aug 30 2025 11:37;31.3;42.9;HT_3C71BF28FBD8
Sat, Aug 30 2025 11:47;31.3;42.9;HT_3C71BF28FBD8
Sat, Aug 30 2025 11:57;31.4;43.0;HT_3C71BF28FBD8
Sat, Aug 30 2025 12:07;31.4;43.1;HT_3C71BF28FBD8
Sat, Aug 30 2025 12:17;31.4;43.2;HT_3C71BF28FBD8
Sat, Aug 30 2025 12:27;31.4;43.2;HT_3C71BF28FBD8
Sat, Aug 30 2025 12:37;31.4;43.3;HT_3C71BF28FBD8
Sat, Aug 30 2025 12:47;31.4;43.3;HT_3C71BF28FBD8
Sat, Aug 30 2025 12:57;31.5;43.7;HT_3C71BF28FBD8
Sat, Aug 30 2025 13:07;31.5;43.7;HT_3C71BF28FBD8
Sat, Aug 30 2025 13:17;31.5;43.6;HT_3C71BF28FBD8
Sat, Aug 30 2025 13:27;31.5;43.5;HT_3C71BF28FBD8
Sat, Aug 30 2025 13:37;31.6;43.6;HT_3C71BF28FBD8
Sat, Aug 30 2025 13:47;31.6;43.5;HT_3C71BF28FBD8
Sat, Aug 30 2025 13:57;31.6;43.4;HT_3C71BF28FBD8
Sat, Aug 30 2025 14:07;31.6;43.6;HT_3C71BF28FBD8
Sat, Aug 30 2025 14:17;31.6;43.7;HT_3C71BF28FBD8
Sat, Aug 30 2025 14:27;31.7;43.9;HT_3C71BF28FBD8
Sat, Aug 30 2025 14:37;31.7;44.0;HT_3C71BF28FBD8
Sat, Aug 30 2025 14:47;31.7;44.0;HT_3C71BF28FBD8
Sat, Aug 30 2025 14:57;31.7;44.0;HT_3C71BF28FBD8
Sat, Aug 30 2025 15:07;31.8;44.1;HT_3C71BF28FBD8
Sat, Aug 30 2025 15:17;31.8;44.1;HT_3C71BF28FBD8
Sat, Aug 30 2025 15:27;31.8;44.3;HT_3C71BF28FBD8
Sat, Aug 30 2025 15:37;31.8;44.6;HT_3C71BF28FBD8
Sat, Aug 30 2025 15:47;31.9;44.5;HT_3C71BF28FBD8
Sat, Aug 30 2025 15:57;31.9;44.5;HT_3C71BF28FBD8
Sat, Aug 30 2025 16:07;31.9;44.6;HT_3C71BF28FBD8
Sat, Aug 30 2025 16:17;32.0;44.9;HT_3C71BF28FBD8
Sat, Aug 30 2025 16:27;32.0;45.2;HT_3C71BF28FBD8
Sat, Aug 30 2025 16:37;32.0;45.3;HT_3C71BF28FBD8
Sat, Aug 30 2025 16:47;32.0;45.3;HT_3C71BF28FBD8
Sat, Aug 30 2025 16:57;32.0;45.4;HT_3C71BF28FBD8
Sat, Aug 30 2025 17:07;32.1;45.4;HT_3C71BF28FBD8
Sat, Aug 30 2025 17:17;32.1;45.4;HT_3C71BF28FBD8
Sat, Aug 30 2025 17:27;32.1;45.5;HT_3C71BF28FBD8
Sat, Aug 30 2025 17:37;32.1;45.4;HT_3C71BF28FBD8
Sat, Aug 30 2025 17:47;32.1;45.4;HT_3C71BF28FBD8
Sat, Aug 30 2025 17:57;32.1;45.4;HT_3C71BF28FBD8
Sat, Aug 30 2025 18:07;32.1;45.2;HT_3C71BF28FBD8
Sat, Aug 30 2025 18:17;32.1;45.2;HT_3C71BF28FBD8
Sat, Aug 30 2025 18:27;32.2;45.2;HT_3C71BF28FBD8
Sat, Aug 30 2025 18:37;32.1;45.0;HT_3C71BF28FBD8
Sat, Aug 30 2025 18:47;32.2;44.9;HT_3C71BF28FBD8
Sat, Aug 30 2025 18:57;32.2;44.7;HT_3C71BF28FBD8
Sat, Aug 30 2025 19:07;32.2;44.6;HT_3C71BF28FBD8
Sat, Aug 30 2025 19:17;32.2;44.6;HT_3C71BF28FBD8
Sat, Aug 30 2025 19:27;32.2;44.6;HT_3C71BF28FBD8
Sat, Aug 30 2025 19:37;32.2;44.6;HT_3C71BF28FBD8
Sat, Aug 30 2025 19:47;32.2;44.5;HT_3C71BF28FBD8
Sat, Aug 30 2025 19:57;32.2;44.5;HT_3C71BF28FBD8
Sat, Aug 30 2025 20:07;32.2;44.3;HT_3C71BF28FBD8
Sat, Aug 30 2025 20:17;32.2;44.3;HT_3C71BF28FBD8
Sat, Aug 30 2025 20:27;32.2;44.2;HT_3C71BF28FBD8
Sat, Aug 30 2025 20:37;32.2;44.2;HT_3C71BF28FBD8
Sat, Aug 30 2025 20:47;32.2;44.1;HT_3C71BF28FBD8
Sat, Aug 30 2025 20:57;32.2;44.1;HT_3C71BF28FBD8
Sat, Aug 30 2025 21:07;32.2;44.1;HT_3C71BF28FBD8
Sat, Aug 30 2025 21:17;32.2;44.0;HT_3C71BF28FBD8
Sat, Aug 30 2025 21:27;32.2;43.8;HT_3C71BF28FBD8
Sat, Aug 30 2025 21:37;32.2;43.7;HT_3C71BF28FBD8
Sat, Aug 30 2025 21:47;32.2;43.6;HT_3C71BF28FBD8
Sat, Aug 30 2025 21:57;32.2;43.4;HT_3C71BF28FBD8
Sat, Aug 30 2025 22:07;32.1;43.3;HT_3C71BF28FBD8
Sat, Aug 30 2025 22:17;32.1;43.2;HT_3C71BF28FBD8
Sat, Aug 30 2025 22:27;32.1;43.1;HT_3C71BF28FBD8
Sat, Aug 30 2025 22:37;32.1;42.9;HT_3C71BF28FBD8
Sat, Aug 30 2025 22:47;32.1;42.9;HT_3C71BF28FBD8
Sat, Aug 30 2025 22:57;32.1;42.7;HT_3C71BF28FBD8
Sat, Aug 30 2025 23:07;32.1;42.7;HT_3C71BF28FBD8
Sat, Aug 30 2025 23:17;32.1;42.6;HT_3C71BF28FBD8
Sat, Aug 30 2025 23:27;32.1;42.5;HT_3C71BF28FBD8
Sat, Aug 30 2025 23:37;32.0;42.4;HT_3C71BF28FBD8
Sat, Aug 30 2025 23:47;32.1;42.4;HT_3C71BF28FBD8
Sat, Aug 30 2025 23:57;32.0;42.3;HT_3C71BF28FBD8
Sun, Aug 31 2025 00:07;32.0;42.3;HT_3C71BF28FBD8
Sun, Aug 31 2025 00:17;32.0;42.2;HT_3C71BF28FBD8
Sun, Aug 31 2025 00:27;32.0;42.3;HT_3C71BF28FBD8
Sun, Aug 31 2025 00:37;32.0;42.3;HT_3C71BF28FBD8
Sun, Aug 31 2025 00:47;32.0;42.5;HT_3C71BF28FBD8
Sun, Aug 31 2025 00:57;32.0;42.7;HT_3C71BF28FBD8
Sun, Aug 31 2025 01:07;32.0;42.5;HT_3C71BF28FBD8
Sun, Aug 31 2025 01:18;31.9;42.4;HT_3C71BF28FBD8
Sun, Aug 31 2025 01:28;31.9;42.3;HT_3C71BF28FBD8
Sun, Aug 31 2025 01:38;31.9;42.3;HT_3C71BF28FBD8
Sun, Aug 31 2025 01:48;31.9;42.4;HT_3C71BF28FBD8
Sun, Aug 31 2025 01:58;31.9;42.3;HT_3C71BF28FBD8
Sun, Aug 31 2025 02:08;31.9;42.3;HT_3C71BF28FBD8
Sun, Aug 31 2025 02:18;31.9;42.1;HT_3C71BF28FBD8
Sun, Aug 31 2025 02:28;31.8;42.3;HT_3C71BF28FBD8
Sun, Aug 31 2025 02:38;31.8;42.1;HT_3C71BF28FBD8
Sun, Aug 31 2025 02:48;31.8;42.0;HT_3C71BF28FBD8
Sun, Aug 31 2025 02:58;31.9;42.1;HT_3C71BF28FBD8
Sun, Aug 31 2025 03:08;31.9;42.4;HT_3C71BF28FBD8
Sun, Aug 31 2025 03:18;31.8;42.4;HT_3C71BF28FBD8
Sun, Aug 31 2025 03:28;31.8;42.3;HT_3C71BF28FBD8
Sun, Aug 31 2025 03:38;31.8;42.2;HT_3C71BF28FBD8
Sun, Aug 31 2025 03:48;31.8;42.4;HT_3C71BF28FBD8
Sun, Aug 31 2025 03:58;31.8;42.6;HT_3C71BF28FBD8
Sun, Aug 31 2025 04:08;31.8;44.5;HT_3C71BF28FBD8
Sun, Aug 31 2025 04:18;31.8;44.3;HT_3C71BF28FBD8
Sun, Aug 31 2025 04:28;31.7;45.4;HT_3C71BF28FBD8
Sun, Aug 31 2025 04:38;31.7;45.9;HT_3C71BF28FBD8
Sun, Aug 31 2025 04:48;31.7;44.3;HT_3C71BF28FBD8
Sun, Aug 31 2025 04:58;31.7;42.4;HT_3C71BF28FBD8
Sun, Aug 31 2025 05:08;31.6;43.8;HT_3C71BF28FBD8
Sun, Aug 31 2025 05:18;31.6;45.5;HT_3C71BF28FBD8
Sun, Aug 31 2025 05:28;31.6;43.6;HT_3C71BF28FBD8
Sun, Aug 31 2025 05:38;31.6;42.3;HT_3C71BF28FBD8
Sun, Aug 31 2025 05:48;31.5;44.0;HT_3C71BF28FBD8
Sun, Aug 31 2025 05:58;31.5;43.2;HT_3C71BF28FBD8
Sun, Aug 31 2025 06:08;31.5;42.2;HT_3C71BF28FBD8
Sun, Aug 31 2025 06:18;31.4;42.6;HT_3C71BF28FBD8
Sun, Aug 31 2025 06:28;31.4;44.6;HT_3C71BF28FBD8
Sun, Aug 31 2025 06:38;31.4;44.4;HT_3C71BF28FBD8
Sun, Aug 31 2025 06:48;28.8;42.9;HT_3C71BF28FBD8
Sun, Aug 31 2025 06:58;24.8;43.3;HT_3C71BF28FBD8
Sun, Aug 31 2025 07:08;23.7;45.6;HT_3C71BF28FBD8
Sun, Aug 31 2025 07:18;23.1;47.6;HT_3C71BF28FBD8
Sun, Aug 31 2025 07:28;23.8;51.9;HT_3C71BF28FBD8
Sun, Aug 31 2025 07:38;23.7;52.5;HT_3C71BF28FBD8
Sun, Aug 31 2025 07:48;23.7;54.2;HT_3C71BF28FBD8
Sun, Aug 31 2025 07:58;24.0;59.6;HT_3C71BF28FBD8
Sun, Aug 31 2025 08:08;24.0;55.4;HT_3C71BF28FBD8
Sun, Aug 31 2025 08:18;23.7;55.0;HT_3C71BF28FBD8
Sun, Aug 31 2025 08:28;24.3;60.1;HT_3C71BF28FBD8
Sun, Aug 31 2025 08:38;23.8;55.7;HT_3C71BF28FBD8
Sun, Aug 31 2025 08:48;23.5;56.4;HT_3C71BF28FBD8
Sun, Aug 31 2025 08:58;24.0;63.7;HT_3C71BF28FBD8
Sun, Aug 31 2025 09:08;23.8;56.7;HT_3C71BF28FBD8
Sun, Aug 31 2025 09:18;23.3;55.1;HT_3C71BF28FBD8
Sun, Aug 31 2025 09:28;23.8;59.3;HT_3C71BF28FBD8
Sun, Aug 31 2025 09:38;23.4;60.3;HT_3C71BF28FBD8
Sun, Aug 31 2025 09:48;23.6;56.5;HT_3C71BF28FBD8
Sun, Aug 31 2025 09:58;23.5;62.7;HT_3C71BF28FBD8
Sun, Aug 31 2025 10:08;23.4;56.8;HT_3C71BF28FBD8
Sun, Aug 31 2025 10:18;23.7;65.1;HT_3C71BF28FBD8
Sun, Aug 31 2025 10:28;23.3;57.6;HT_3C71BF28FBD8
Sun, Aug 31 2025 10:38;23.6;63.9;HT_3C71BF28FBD8
Sun, Aug 31 2025 10:48;23.2;62.5;HT_3C71BF28FBD8
Sun, Aug 31 2025 10:58;23.3;58.8;HT_3C71BF28FBD8
Sun, Aug 31 2025 11:08;23.5;64.5;HT_3C71BF28FBD8
Sun, Aug 31 2025 11:18;23.2;61.8;HT_3C71BF28FBD8
Sun, Aug 31 2025 11:28;23.2;59.1;HT_3C71BF28FBD8
Sun, Aug 31 2025 11:38;23.3;65.4;HT_3C71BF28FBD8
Sun, Aug 31 2025 11:48;23.0;60.0;HT_3C71BF28FBD8
Sun, Aug 31 2025 11:58;23.1;58.3;HT_3C71BF28FBD8
Sun, Aug 31 2025 12:08;23.2;63.4;HT_3C71BF28FBD8
Sun, Aug 31 2025 12:18;23.0;61.0;HT_3C71BF28FBD8
Sun, Aug 31 2025 12:28;23.1;58.7;HT_3C71BF28FBD8
Sun, Aug 31 2025 12:38;23.2;65.8;HT_3C71BF28FBD8
Sun, Aug 31 2025 12:48;22.7;58.0;HT_3C71BF28FBD8
Sun, Aug 31 2025 12:58;23.1;61.4;HT_3C71BF28FBD8
Sun, Aug 31 2025 13:08;23.0;64.9;HT_3C71BF28FBD8
Sun, Aug 31 2025 13:18;22.7;58.2;HT_3C71BF28FBD8
Sun, Aug 31 2025 13:28;22.9;59.5;HT_3C71BF28FBD8
Sun, Aug 31 2025 13:38;23.0;63.2;HT_3C71BF28FBD8
Sun, Aug 31 2025 13:48;22.7;56.1;HT_3C71BF28FBD8
Sun, Aug 31 2025 13:58;23.4;61.4;HT_3C71BF28FBD8
Sun, Aug 31 2025 14:08;23.1;62.3;HT_3C71BF28FBD8
Sun, Aug 31 2025 14:18;22.9;55.2;HT_3C71BF28FBD8
Sun, Aug 31 2025 14:28;23.4;62.0;HT_3C71BF28FBD8
Sun, Aug 31 2025 14:38;23.2;61.6;HT_3C71BF28FBD8
Sun, Aug 31 2025 14:48;23.0;55.8;HT_3C71BF28FBD8
Sun, Aug 31 2025 14:58;23.3;60.6;HT_3C71BF28FBD8
Sun, Aug 31 2025 15:08;23.1;60.9;HT_3C71BF28FBD8
Sun, Aug 31 2025 15:18;23.2;57.8;HT_3C71BF28FBD8
Sun, Aug 31 2025 15:28;23.3;62.9;HT_3C71BF28FBD8
Sun, Aug 31 2025 15:38;23.0;57.8;HT_3C71BF28FBD8
Sun, Aug 31 2025 15:48;23.2;57.6;HT_3C71BF28FBD8
Sun, Aug 31 2025 15:58;23.2;62.7;HT_3C71BF28FBD8
Sun, Aug 31 2025 16:08;22.9;57.9;HT_3C71BF28FBD8
Sun, Aug 31 2025 16:18;23.2;58.6;HT_3C71BF28FBD8
Sun, Aug 31 2025 16:28;25.2;55.0;HT_3C71BF28FBD8
Sun, Aug 31 2025 16:38;26.3;54.4;HT_3C71BF28FBD8
Sun, Aug 31 2025 16:48;26.8;54.5;HT_3C71BF28FBD8
Sun, Aug 31 2025 16:58;27.1;55.0;HT_3C71BF28FBD8
Sun, Aug 31 2025 17:08;27.3;54.5;HT_3C71BF28FBD8
Sun, Aug 31 2025 17:18;27.5;53.6;HT_3C71BF28FBD8
Sun, Aug 31 2025 17:28;27.7;52.7;HT_3C71BF28FBD8
Sun, Aug 31 2025 17:38;27.9;52.3;HT_3C71BF28FBD8
Sun, Aug 31 2025 17:48;28.1;52.0;HT_3C71BF28FBD8
Sun, Aug 31 2025 17:58;28.2;51.7;HT_3C71BF28FBD8
Sun, Aug 31 2025 18:08;28.3;51.0;HT_3C71BF28FBD8
Sun, Aug 31 2025 18:18;28.4;50.8;HT_3C71BF28FBD8
Sun, Aug 31 2025 18:28;28.6;50.9;HT_3C71BF28FBD8
Sun, Aug 31 2025 18:38;28.7;51.1;HT_3C71BF28FBD8
Sun, Aug 31 2025 18:48;28.8;51.2;HT_3C71BF28FBD8
Sun, Aug 31 2025 18:58;28.9;51.3;HT_3C71BF28FBD8
Sun, Aug 31 2025 19:08;29.0;51.2;HT_3C71BF28FBD8
Sun, Aug 31 2025 19:18;29.1;51.4;HT_3C71BF28FBD8
Sun, Aug 31 2025 19:28;29.2;51.2;HT_3C71BF28FBD8
Sun, Aug 31 2025 19:38;29.3;50.5;HT_3C71BF28FBD8
Sun, Aug 31 2025 19:48;29.3;50.2;HT_3C71BF28FBD8
Sun, Aug 31 2025 19:58;29.4;50.1;HT_3C71BF28FBD8
Sun, Aug 31 2025 20:08;29.5;50.2;HT_3C71BF28FBD8
Sun, Aug 31 2025 20:18;29.5;49.6;HT_3C71BF28FBD8
Sun, Aug 31 2025 20:28;29.6;49.3;HT_3C71BF28FBD8
Sun, Aug 31 2025 20:38;29.7;49.1;HT_3C71BF28FBD8
Sun, Aug 31 2025 20:48;29.7;48.9;HT_3C71BF28FBD8
Sun, Aug 31 2025 20:58;29.8;48.8;HT_3C71BF28FBD8
Sun, Aug 31 2025 21:08;29.8;48.7;HT_3C71BF28FBD8
Sun, Aug 31 2025 21:18;29.9;48.7;HT_3C71BF28FBD8
Sun, Aug 31 2025 21:28;29.9;48.6;HT_3C71BF28FBD8
Sun, Aug 31 2025 21:38;30.0;48.8;HT_3C71BF28FBD8
Sun, Aug 31 2025 21:48;30.1;48.6;HT_3C71BF28FBD8
Sun, Aug 31 2025 21:58;30.1;48.6;HT_3C71BF28FBD8
Sun, Aug 31 2025 22:08;30.1;48.5;HT_3C71BF28FBD8
Sun, Aug 31 2025 22:18;30.2;48.5;HT_3C71BF28FBD8
Sun, Aug 31 2025 22:28;30.2;48.5;HT_3C71BF28FBD8
Sun, Aug 31 2025 22:38;30.3;48.2;HT_3C71BF28FBD8
Sun, Aug 31 2025 22:48;30.3;49.1;HT_3C71BF28FBD8
Sun, Aug 31 2025 22:58;30.4;48.1;HT_3C71BF28FBD8
Sun, Aug 31 2025 23:08;30.4;48.3;HT_3C71BF28FBD8
Sun, Aug 31 2025 23:18;30.5;48.5;HT_3C71BF28FBD8
Sun, Aug 31 2025 23:28;30.4;48.2;HT_3C71BF28FBD8
Sun, Aug 31 2025 23:38;30.5;49.6;HT_3C71BF28FBD8
Sun, Aug 31 2025 23:48;30.5;48.8;HT_3C71BF28FBD8
Sun, Aug 31 2025 23:58;30.5;48.8;HT_3C71BF28FBD8
Mon, Sep 01 2025 00:08;30.5;50.2;HT_3C71BF28FBD8
Mon, Sep 01 2025 00:18;30.5;48.5;HT_3C71BF28FBD8
Mon, Sep 01 2025 00:28;30.5;48.8;HT_3C71BF28FBD8
Mon, Sep 01 2025 00:38;30.6;49.5;HT_3C71BF28FBD8
Mon, Sep 01 2025 00:48;30.6;49.0;HT_3C71BF28FBD8
Mon, Sep 01 2025 00:58;30.6;50.0;HT_3C71BF28FBD8
Mon, Sep 01 2025 01:08;30.6;50.0;HT_3C71BF28FBD8
Mon, Sep 01 2025 01:18;30.6;48.8;HT_3C71BF28FBD8
Mon, Sep 01 2025 01:28;30.6;48.9;HT_3C71BF28FBD8
Mon, Sep 01 2025 01:38;30.6;49.2;HT_3C71BF28FBD8
Mon, Sep 01 2025 01:48;30.6;50.0;HT_3C71BF28FBD8
Mon, Sep 01 2025 01:58;30.5;49.3;HT_3C71BF28FBD8
Mon, Sep 01 2025 02:08;30.6;50.4;HT_3C71BF28FBD8
Mon, Sep 01 2025 02:18;30.6;49.0;HT_3C71BF28FBD8
Mon, Sep 01 2025 02:28;30.6;48.4;HT_3C71BF28FBD8
Mon, Sep 01 2025 02:38;30.6;49.4;HT_3C71BF28FBD8
Mon, Sep 01 2025 02:48;30.6;49.1;HT_3C71BF28FBD8
Mon, Sep 01 2025 02:58;30.6;49.1;HT_3C71BF28FBD8
Mon, Sep 01 2025 03:08;30.6;49.3;HT_3C71BF28FBD8
Mon, Sep 01 2025 03:18;30.5;51.1;HT_3C71BF28FBD8
Mon, Sep 01 2025 03:28;30.5;49.5;HT_3C71BF28FBD8
Mon, Sep 01 2025 03:38;30.6;48.7;HT_3C71BF28FBD8
Mon, Sep 01 2025 03:48;30.6;48.2;HT_3C71BF28FBD8
Mon, Sep 01 2025 03:58;30.5;47.8;HT_3C71BF28FBD8
Mon, Sep 01 2025 04:08;30.6;47.5;HT_3C71BF28FBD8
Mon, Sep 01 2025 04:18;30.5;47.9;HT_3C71BF28FBD8
Mon, Sep 01 2025 04:28;30.5;48.1;HT_3C71BF28FBD8
Mon, Sep 01 2025 04:38;30.5;48.4;HT_3C71BF28FBD8
Mon, Sep 01 2025 04:48;30.5;50.3;HT_3C71BF28FBD8
Mon, Sep 01 2025 04:58;30.5;47.6;HT_3C71BF28FBD8
Mon, Sep 01 2025 05:08;30.4;51.0;HT_3C71BF28FBD8
Mon, Sep 01 2025 05:18;30.4;49.5;HT_3C71BF28FBD8
Mon, Sep 01 2025 05:28;30.4;47.8;HT_3C71BF28FBD8
Mon, Sep 01 2025 05:38;30.4;50.0;HT_3C71BF28FBD8
Mon, Sep 01 2025 05:48;30.4;49.4;HT_3C71BF28FBD8
Mon, Sep 01 2025 05:58;30.3;48.3;HT_3C71BF28FBD8
Mon, Sep 01 2025 06:08;30.3;51.4;HT_3C71BF28FBD8
Mon, Sep 01 2025 06:18;30.2;52.1;HT_3C71BF28FBD8
Mon, Sep 01 2025 06:28;30.3;50.7;HT_3C71BF28FBD8
Mon, Sep 01 2025 06:38;30.2;51.6;HT_3C71BF28FBD8
Mon, Sep 01 2025 06:48;25.8;49.5;HT_3C71BF28FBD8
Mon, Sep 01 2025 06:58;24.3;60.1;HT_3C71BF28FBD8
Mon, Sep 01 2025 07:08;24.5;59.1;HT_3C71BF28FBD8
Mon, Sep 01 2025 07:18;24.1;56.7;HT_3C71BF28FBD8
Mon, Sep 01 2025 07:28;23.9;61.0;HT_3C71BF28FBD8
Mon, Sep 01 2025 07:38;24.2;63.0;HT_3C71BF28FBD8
Mon, Sep 01 2025 07:48;23.9;59.3;HT_3C71BF28FBD8
Mon, Sep 01 2025 07:58;23.8;62.6;HT_3C71BF28FBD8
Mon, Sep 01 2025 08:08;24.0;64.3;HT_3C71BF28FBD8
Mon, Sep 01 2025 08:18;23.6;57.2;HT_3C71BF28FBD8
Mon, Sep 01 2025 08:28;24.0;65.5;HT_3C71BF28FBD8
Mon, Sep 01 2025 08:38;23.5;60.3;HT_3C71BF28FBD8
Mon, Sep 01 2025 08:48;23.9;66.2;HT_3C71BF28FBD8
Mon, Sep 01 2025 08:58;23.4;63.6;HT_3C71BF28FBD8
Mon, Sep 01 2025 09:08;23.7;69.9;HT_3C71BF28FBD8
Mon, Sep 01 2025 09:18;23.3;60.9;HT_3C71BF28FBD8
Mon, Sep 01 2025 09:28;23.7;68.8;HT_3C71BF28FBD8
Mon, Sep 01 2025 09:38;23.3;65.3;HT_3C71BF28FBD8
Mon, Sep 01 2025 09:48;23.2;60.5;HT_3C71BF28FBD8
Mon, Sep 01 2025 09:58;23.3;65.3;HT_3C71BF28FBD8
Mon, Sep 01 2025 10:08;23.1;65.3;HT_3C71BF28FBD8
Mon, Sep 01 2025 10:18;23.1;60.8;HT_3C71BF28FBD8
Mon, Sep 01 2025 10:28;23.4;67.7;HT_3C71BF28FBD8
Mon, Sep 01 2025 10:38;22.9;61.2;HT_3C71BF28FBD8
Mon, Sep 01 2025 10:48;23.7;69.6;HT_3C71BF28FBD8
Mon, Sep 01 2025 10:58;23.4;64.8;HT_3C71BF28FBD8
Mon, Sep 01 2025 11:08;23.2;65.6;HT_3C71BF28FBD8
Mon, Sep 01 2025 11:18;23.0;58.4;HT_3C71BF28FBD8
Mon, Sep 01 2025 11:28;23.3;64.0;HT_3C71BF28FBD8
Mon, Sep 01 2025 11:38;23.2;65.9;HT_3C71BF28FBD8
Mon, Sep 01 2025 11:48;23.2;59.2;HT_3C71BF28FBD8
Mon, Sep 01 2025 11:58;23.4;64.0;HT_3C71BF28FBD8
Mon, Sep 01 2025 12:08;23.1;65.0;HT_3C71BF28FBD8
Mon, Sep 01 2025 12:18;23.1;59.6;HT_3C71BF28FBD8
Mon, Sep 01 2025 12:28;23.2;64.0;HT_3C71BF28FBD8
Mon, Sep 01 2025 12:38;22.9;63.4;HT_3C71BF28FBD8
Mon, Sep 01 2025 12:48;22.9;60.3;HT_3C71BF28FBD8
Mon, Sep 01 2025 12:58;23.0;66.0;HT_3C71BF28FBD8
Mon, Sep 01 2025 13:08;22.6;63.2;HT_3C71BF28FBD8
Mon, Sep 01 2025 13:18;22.7;60.5;HT_3C71BF28FBD8
Mon, Sep 01 2025 13:28;22.8;67.8;HT_3C71BF28FBD8
Mon, Sep 01 2025 13:38;22.6;63.8;HT_3C71BF28FBD8
Mon, Sep 01 2025 13:48;22.6;59.8;HT_3C71BF28FBD8
Mon, Sep 01 2025 13:58;22.7;67.3;HT_3C71BF28FBD8
Mon, Sep 01 2025 14:08;22.6;65.7;HT_3C71BF28FBD8
Mon, Sep 01 2025 14:18;22.7;60.6;HT_3C71BF28FBD8
Mon, Sep 01 2025 14:28;23.0;68.4;HT_3C71BF28FBD8
Mon, Sep 01 2025 14:38;22.7;66.7;HT_3C71BF28FBD8
Mon, Sep 01 2025 14:48;22.8;60.4;HT_3C71BF28FBD8
Mon, Sep 01 2025 14:58;22.7;64.5;HT_3C71BF28FBD8
Mon, Sep 01 2025 15:08;22.6;65.0;HT_3C71BF28FBD8
Mon, Sep 01 2025 15:18;22.6;61.1;HT_3C71BF28FBD8
Mon, Sep 01 2025 15:28;22.7;66.8;HT_3C71BF28FBD8
Mon, Sep 01 2025 15:38;22.3;62.2;HT_3C71BF28FBD8
Mon, Sep 01 2025 15:48;22.4;59.5;HT_3C71BF28FBD8
Mon, Sep 01 2025 15:58;22.5;65.3;HT_3C71BF28FBD8
Mon, Sep 01 2025 16:08;22.2;62.0;HT_3C71BF28FBD8
Mon, Sep 01 2025 16:18;22.8;62.4;HT_3C71BF28FBD8
Mon, Sep 01 2025 16:28;23.6;62.1;HT_3C71BF28FBD8
Mon, Sep 01 2025 16:38;24.9;58.0;HT_3C71BF28FBD8
Mon, Sep 01 2025 16:48;25.6;56.6;HT_3C71BF28FBD8
Mon, Sep 01 2025 16:58;26.0;57.4;HT_3C71BF28FBD8
Mon, Sep 01 2025 17:08;26.3;57.6;HT_3C71BF28FBD8
Mon, Sep 01 2025 17:18;26.6;56.1;HT_3C71BF28FBD8
Mon, Sep 01 2025 17:28;26.8;56.0;HT_3C71BF28FBD8
Mon, Sep 01 2025 17:38;27.1;55.7;HT_3C71BF28FBD8
Mon, Sep 01 2025 17:48;27.2;55.5;HT_3C71BF28FBD8
Mon, Sep 01 2025 17:58;27.4;55.9;HT_3C71BF28FBD8
Mon, Sep 01 2025 18:08;27.6;55.9;HT_3C71BF28FBD8
Mon, Sep 01 2025 18:18;27.7;55.2;HT_3C71BF28FBD8
Mon, Sep 01 2025 18:28;27.9;55.8;HT_3C71BF28FBD8
Mon, Sep 01 2025 18:38;28.0;55.9;HT_3C71BF28FBD8
Mon, Sep 01 2025 18:48;28.2;55.5;HT_3C71BF28FBD8
Mon, Sep 01 2025 18:58;28.3;55.1;HT_3C71BF28FBD8
Mon, Sep 01 2025 19:08;28.4;55.4;HT_3C71BF28FBD8
Mon, Sep 01 2025 19:18;28.5;55.6;HT_3C71BF28FBD8
Mon, Sep 01 2025 19:28;28.6;55.3;HT_3C71BF28FBD8
Mon, Sep 01 2025 19:38;28.7;55.1;HT_3C71BF28FBD8
Mon, Sep 01 2025 19:48;28.8;54.5;HT_3C71BF28FBD8
Mon, Sep 01 2025 19:58;28.9;54.5;HT_3C71BF28FBD8
Mon, Sep 01 2025 20:08;29.0;53.7;HT_3C71BF28FBD8
Mon, Sep 01 2025 20:18;29.1;52.9;HT_3C71BF28FBD8
Mon, Sep 01 2025 20:28;29.1;52.6;HT_3C71BF28FBD8
Mon, Sep 01 2025 20:38;29.3;53.1;HT_3C71BF28FBD8
Mon, Sep 01 2025 20:48;29.2;52.1;HT_3C71BF28FBD8
Mon, Sep 01 2025 20:58;29.3;52.9;HT_3C71BF28FBD8
Mon, Sep 01 2025 21:08;29.4;53.2;HT_3C71BF28FBD8
Mon, Sep 01 2025 21:18;29.5;52.9;HT_3C71BF28FBD8
Mon, Sep 01 2025 21:28;29.5;52.0;HT_3C71BF28FBD8
Mon, Sep 01 2025 21:38;29.5;51.6;HT_3C71BF28FBD8
Mon, Sep 01 2025 21:48;29.6;51.1;HT_3C71BF28FBD8
Mon, Sep 01 2025 21:58;29.7;50.7;HT_3C71BF28FBD8
Mon, Sep 01 2025 22:08;29.7;50.9;HT_3C71BF28FBD8
Mon, Sep 01 2025 22:18;29.7;51.0;HT_3C71BF28FBD8
Mon, Sep 01 2025 22:28;29.8;51.6;HT_3C71BF28FBD8
Mon, Sep 01 2025 22:38;29.9;51.2;HT_3C71BF28FBD8
Mon, Sep 01 2025 22:48;29.9;52.0;HT_3C71BF28FBD8
Mon, Sep 01 2025 22:58;29.9;50.9;HT_3C71BF28FBD8
Mon, Sep 01 2025 23:08;30.0;51.6;HT_3C71BF28FBD8
Mon, Sep 01 2025 23:18;30.0;51.6;HT_3C71BF28FBD8
Mon, Sep 01 2025 23:28;30.0;50.0;HT_3C71BF28FBD8
Mon, Sep 01 2025 23:38;30.0;49.7;HT_3C71BF28FBD8
Mon, Sep 01 2025 23:48;30.1;49.7;HT_3C71BF28FBD8
Mon, Sep 01 2025 23:58;30.1;51.3;HT_3C71BF28FBD8
Tue, Sep 02 2025 00:08;30.2;51.7;HT_3C71BF28FBD8
Tue, Sep 02 2025 00:18;30.1;49.5;HT_3C71BF28FBD8
Tue, Sep 02 2025 00:28;30.2;51.5;HT_3C71BF28FBD8
Tue, Sep 02 2025 00:38;30.2;51.2;HT_3C71BF28FBD8
Tue, Sep 02 2025 00:48;30.2;49.0;HT_3C71BF28FBD8
Tue, Sep 02 2025 00:58;30.2;49.8;HT_3C71BF28FBD8
Tue, Sep 02 2025 01:08;30.3;50.9;HT_3C71BF28FBD8
Tue, Sep 02 2025 01:18;30.3;51.9;HT_3C71BF28FBD8
Tue, Sep 02 2025 01:28;30.3;48.9;HT_3C71BF28FBD8
Tue, Sep 02 2025 01:38;30.3;52.2;HT_3C71BF28FBD8
Tue, Sep 02 2025 01:48;30.3;52.1;HT_3C71BF28FBD8
Tue, Sep 02 2025 01:58;30.3;51.8;HT_3C71BF28FBD8
Tue, Sep 02 2025 02:08;30.3;53.0;HT_3C71BF28FBD8
Tue, Sep 02 2025 02:18;30.3;52.7;HT_3C71BF28FBD8
Tue, Sep 02 2025 02:28;30.3;52.6;HT_3C71BF28FBD8
Tue, Sep 02 2025 02:38;30.3;52.7;HT_3C71BF28FBD8
Tue, Sep 02 2025 02:48;30.3;52.8;HT_3C71BF28FBD8
Tue, Sep 02 2025 02:58;30.3;52.8;HT_3C71BF28FBD8
Tue, Sep 02 2025 03:08;30.3;53.3;HT_3C71BF28FBD8
Tue, Sep 02 2025 03:18;30.3;53.6;HT_3C71BF28FBD8
Tue, Sep 02 2025 03:28;30.2;54.4;HT_3C71BF28FBD8
Tue, Sep 02 2025 03:38;30.3;54.5;HT_3C71BF28FBD8
Tue, Sep 02 2025 03:48;30.3;54.8;HT_3C71BF28FBD8
Tue, Sep 02 2025 03:58;30.2;55.0;HT_3C71BF28FBD8
Tue, Sep 02 2025 04:08;30.3;55.0;HT_3C71BF28FBD8
Tue, Sep 02 2025 04:18;30.3;54.3;HT_3C71BF28FBD8
Tue, Sep 02 2025 04:28;30.3;54.2;HT_3C71BF28FBD8
Tue, Sep 02 2025 04:38;30.3;54.7;HT_3C71BF28FBD8
Tue, Sep 02 2025 04:48;30.2;54.1;HT_3C71BF28FBD8
Tue, Sep 02 2025 04:58;30.2;54.3;HT_3C71BF28FBD8
Tue, Sep 02 2025 05:08;30.2;54.4;HT_3C71BF28FBD8
Tue, Sep 02 2025 05:18;30.2;53.6;HT_3C71BF28FBD8
Tue, Sep 02 2025 05:28;30.2;52.6;HT_3C71BF28FBD8
Tue, Sep 02 2025 05:38;30.2;52.6;HT_3C71BF28FBD8
Tue, Sep 02 2025 05:48;30.2;52.9;HT_3C71BF28FBD8
Tue, Sep 02 2025 05:58;30.2;51.9;HT_3C71BF28FBD8
Tue, Sep 02 2025 06:08;30.1;51.6;HT_3C71BF28FBD8
Tue, Sep 02 2025 06:18;30.1;51.5;HT_3C71BF28FBD8
Tue, Sep 02 2025 06:28;30.1;50.6;HT_3C71BF28FBD8
Tue, Sep 02 2025 06:38;29.7;50.6;HT_3C71BF28FBD8
Tue, Sep 02 2025 06:48;24.8;50.3;HT_3C71BF28FBD8
Tue, Sep 02 2025 06:58;24.4;54.9;HT_3C71BF28FBD8
Tue, Sep 02 2025 07:08;24.1;56.6;HT_3C71BF28FBD8
Tue, Sep 02 2025 07:18;23.6;55.2;HT_3C71BF28FBD8
Tue, Sep 02 2025 07:28;24.0;64.4;HT_3C71BF28FBD8
Tue, Sep 02 2025 07:38;23.6;58.4;HT_3C71BF28FBD8
Tue, Sep 02 2025 07:48;23.6;64.2;HT_3C71BF28FBD8
Tue, Sep 02 2025 07:58;23.5;59.9;HT_3C71BF28FBD8
Tue, Sep 02 2025 08:08;23.4;65.2;HT_3C71BF28FBD8
Tue, Sep 02 2025 08:18;23.6;60.6;HT_3C71BF28FBD8
Tue, Sep 02 2025 08:28;23.5;67.4;HT_3C71BF28FBD8
Tue, Sep 02 2025 08:38;23.6;64.1;HT_3C71BF28FBD8
Tue, Sep 02 2025 08:48;23.2;64.2;HT_3C71BF28FBD8
Tue, Sep 02 2025 08:58;23.5;68.7;HT_3C71BF28FBD8
Tue, Sep 02 2025 09:08;23.3;62.1;HT_3C71BF28FBD8
Tue, Sep 02 2025 09:28;23.6;69.6;HT_3C71BF28FBD8
Tue, Sep 02 2025 09:38;23.1;60.2;HT_3C71BF28FBD8
Tue, Sep 02 2025 09:48;23.3;68.8;HT_3C71BF28FBD8
Tue, Sep 02 2025 09:58;23.3;61.4;HT_3C71BF28FBD8
Tue, Sep 02 2025 10:08;23.2;65.4;HT_3C71BF28FBD8
Tue, Sep 02 2025 10:18;22.9;58.1;HT_3C71BF28FBD8
Tue, Sep 02 2025 10:28;23.0;62.0;HT_3C71BF28FBD8
Tue, Sep 02 2025 10:38;22.9;66.4;HT_3C71BF28FBD8
Tue, Sep 02 2025 10:48;22.5;57.4;HT_3C71BF28FBD8
Tue, Sep 02 2025 10:58;22.9;63.2;HT_3C71BF28FBD8
Tue, Sep 02 2025 11:08;22.7;65.3;HT_3C71BF28FBD8
Tue, Sep 02 2025 11:18;22.5;58.4;HT_3C71BF28FBD8
Tue, Sep 02 2025 11:28;22.7;62.8;HT_3C71BF28FBD8
Tue, Sep 02 2025 11:38;22.6;64.3;HT_3C71BF28FBD8
Tue, Sep 02 2025 11:48;22.5;58.1;HT_3C71BF28FBD8
Tue, Sep 02 2025 11:58;22.7;62.6;HT_3C71BF28FBD8
Tue, Sep 02 2025 12:08;22.5;64.3;HT_3C71BF28FBD8
Tue, Sep 02 2025 12:18;22.5;59.5;HT_3C71BF28FBD8
Tue, Sep 02 2025 12:28;22.7;63.1;HT_3C71BF28FBD8
Tue, Sep 02 2025 12:38;22.5;63.4;HT_3C71BF28FBD8
Tue, Sep 02 2025 12:48;22.4;58.2;HT_3C71BF28FBD8
Tue, Sep 02 2025 12:58;22.8;64.1;HT_3C71BF28FBD8
Tue, Sep 02 2025 13:08;22.6;64.7;HT_3C71BF28FBD8
Tue, Sep 02 2025 13:18;22.6;59.1;HT_3C71BF28FBD8
Tue, Sep 02 2025 13:28;22.7;64.3;HT_3C71BF28FBD8
Tue, Sep 02 2025 13:38;22.5;64.8;HT_3C71BF28FBD8
Tue, Sep 02 2025 13:48;22.5;58.0;HT_3C71BF28FBD8
Tue, Sep 02 2025 13:58;22.8;65.0;HT_3C71BF28FBD8
Tue, Sep 02 2025 14:08;22.5;63.7;HT_3C71BF28FBD8
Tue, Sep 02 2025 14:18;22.4;58.3;HT_3C71BF28FBD8
Tue, Sep 02 2025 14:28;22.6;64.1;HT_3C71BF28FBD8
Tue, Sep 02 2025 14:38;22.6;66.2;HT_3C71BF28FBD8
Tue, Sep 02 2025 14:48;22.4;58.3;HT_3C71BF28FBD8
Tue, Sep 02 2025 14:58;22.7;64.7;HT_3C71BF28FBD8
Tue, Sep 02 2025 15:08;22.5;63.3;HT_3C71BF28FBD8
Tue, Sep 02 2025 15:18;22.5;58.8;HT_3C71BF28FBD8
Tue, Sep 02 2025 15:28;22.5;62.8;HT_3C71BF28FBD8
Tue, Sep 02 2025 15:38;22.3;62.4;HT_3C71BF28FBD8
Tue, Sep 02 2025 15:48;22.2;57.8;HT_3C71BF28FBD8
Tue, Sep 02 2025 15:58;22.4;63.9;HT_3C71BF28FBD8
Tue, Sep 02 2025 16:08;22.1;63.9;HT_3C71BF28FBD8
Tue, Sep 02 2025 16:18;22.3;58.9;HT_3C71BF28FBD8
Tue, Sep 02 2025 16:28;24.1;57.1;HT_3C71BF28FBD8
Tue, Sep 02 2025 16:38;24.9;52.7;HT_3C71BF28FBD8
Tue, Sep 02 2025 16:48;25.5;54.4;HT_3C71BF28FBD8
Tue, Sep 02 2025 16:58;25.9;54.5;HT_3C71BF28FBD8
Tue, Sep 02 2025 17:08;26.3;54.4;HT_3C71BF28FBD8
Tue, Sep 02 2025 17:18;26.5;54.4;HT_3C71BF28FBD8
Tue, Sep 02 2025 17:28;26.7;54.6;HT_3C71BF28FBD8
Tue, Sep 02 2025 17:38;26.9;54.8;HT_3C71BF28FBD8
Tue, Sep 02 2025 17:48;27.1;54.7;HT_3C71BF28FBD8
Tue, Sep 02 2025 17:58;27.3;54.8;HT_3C71BF28FBD8
Tue, Sep 02 2025 18:08;27.4;55.0;HT_3C71BF28FBD8
Tue, Sep 02 2025 18:18;27.6;54.9;HT_3C71BF28FBD8
Tue, Sep 02 2025 18:28;27.7;54.5;HT_3C71BF28FBD8
Tue, Sep 02 2025 18:38;27.9;54.3;HT_3C71BF28FBD8
Tue, Sep 02 2025 18:48;28.0;54.8;HT_3C71BF28FBD8
Tue, Sep 02 2025 18:58;28.1;54.6;HT_3C71BF28FBD8
Tue, Sep 02 2025 19:08;28.3;54.5;HT_3C71BF28FBD8
Tue, Sep 02 2025 19:18;28.3;54.4;HT_3C71BF28FBD8
Tue, Sep 02 2025 19:28;28.4;54.3;HT_3C71BF28FBD8
Tue, Sep 02 2025 19:38;28.6;54.2;HT_3C71BF28FBD8
Tue, Sep 02 2025 19:48;28.7;53.8;HT_3C71BF28FBD8
Tue, Sep 02 2025 19:58;28.8;53.8;HT_3C71BF28FBD8
Tue, Sep 02 2025 20:08;28.9;53.7;HT_3C71BF28FBD8
Tue, Sep 02 2025 20:18;28.9;53.7;HT_3C71BF28FBD8
Tue, Sep 02 2025 20:28;29.0;53.2;HT_3C71BF28FBD8
Tue, Sep 02 2025 20:38;29.1;53.3;HT_3C71BF28FBD8
Tue, Sep 02 2025 20:48;29.1;53.4;HT_3C71BF28FBD8
Tue, Sep 02 2025 20:58;29.2;53.1;HT_3C71BF28FBD8
Tue, Sep 02 2025 21:08;29.2;52.9;HT_3C71BF28FBD8
Tue, Sep 02 2025 21:18;29.3;52.6;HT_3C71BF28FBD8
Tue, Sep 02 2025 21:28;29.4;52.6;HT_3C71BF28FBD8
Tue, Sep 02 2025 21:38;29.4;52.8;HT_3C71BF28FBD8
Tue, Sep 02 2025 21:48;29.5;52.6;HT_3C71BF28FBD8
Tue, Sep 02 2025 21:59;29.5;52.5;HT_3C71BF28FBD8
Tue, Sep 02 2025 22:09;29.6;52.0;HT_3C71BF28FBD8
Tue, Sep 02 2025 22:19;29.6;51.9;HT_3C71BF28FBD8
Tue, Sep 02 2025 22:29;29.6;51.7;HT_3C71BF28FBD8
Tue, Sep 02 2025 22:39;29.7;51.8;HT_3C71BF28FBD8
Tue, Sep 02 2025 22:49;29.7;51.9;HT_3C71BF28FBD8
Tue, Sep 02 2025 22:59;29.8;51.8;HT_3C71BF28FBD8
Tue, Sep 02 2025 23:09;29.8;51.7;HT_3C71BF28FBD8
Tue, Sep 02 2025 23:19;29.8;51.4;HT_3C71BF28FBD8
Tue, Sep 02 2025 23:29;29.8;51.4;HT_3C71BF28FBD8
Tue, Sep 02 2025 23:39;29.9;51.1;HT_3C71BF28FBD8
Tue, Sep 02 2025 23:49;29.9;50.9;HT_3C71BF28FBD8
Tue, Sep 02 2025 23:59;29.9;50.8;HT_3C71BF28FBD8
Wed, Sep 03 2025 00:09;29.9;50.8;HT_3C71BF28FBD8
Wed, Sep 03 2025 00:19;29.9;50.7;HT_3C71BF28FBD8
Wed, Sep 03 2025 00:29;30.0;50.8;HT_3C71BF28FBD8
Wed, Sep 03 2025 00:39;30.0;50.9;HT_3C71BF28FBD8
Wed, Sep 03 2025 00:49;30.0;50.7;HT_3C71BF28FBD8
Wed, Sep 03 2025 00:59;30.0;50.6;HT_3C71BF28FBD8
Wed, Sep 03 2025 01:09;30.1;50.5;HT_3C71BF28FBD8
Wed, Sep 03 2025 01:19;30.1;50.6;HT_3C71BF28FBD8
Wed, Sep 03 2025 01:29;30.1;50.6;HT_3C71BF28FBD8
Wed, Sep 03 2025 01:39;30.1;50.5;HT_3C71BF28FBD8
Wed, Sep 03 2025 01:49;30.1;50.3;HT_3C71BF28FBD8
Wed, Sep 03 2025 01:59;30.1;50.0;HT_3C71BF28FBD8
Wed, Sep 03 2025 02:09;30.1;50.2;HT_3C71BF28FBD8
Wed, Sep 03 2025 02:19;30.1;49.8;HT_3C71BF28FBD8
Wed, Sep 03 2025 02:29;30.1;49.9;HT_3C71BF28FBD8
Wed, Sep 03 2025 02:39;30.1;49.8;HT_3C71BF28FBD8
Wed, Sep 03 2025 02:49;30.1;49.6;HT_3C71BF28FBD8
Wed, Sep 03 2025 02:59;30.2;49.6;HT_3C71BF28FBD8
Wed, Sep 03 2025 03:09;30.2;49.4;HT_3C71BF28FBD8
Wed, Sep 03 2025 03:19;30.2;49.3;HT_3C71BF28FBD8
Wed, Sep 03 2025 03:29;30.2;49.2;HT_3C71BF28FBD8
Wed, Sep 03 2025 03:39;30.2;49.1;HT_3C71BF28FBD8
Wed, Sep 03 2025 03:49;30.2;49.0;HT_3C71BF28FBD8
Wed, Sep 03 2025 03:59;30.2;49.0;HT_3C71BF28FBD8
Wed, Sep 03 2025 04:09;30.2;49.0;HT_3C71BF28FBD8
Wed, Sep 03 2025 04:19;30.2;48.8;HT_3C71BF28FBD8
Wed, Sep 03 2025 04:29;30.2;48.8;HT_3C71BF28FBD8
Wed, Sep 03 2025 04:39;30.2;48.7;HT_3C71BF28FBD8
Wed, Sep 03 2025 04:49;30.2;48.1;HT_3C71BF28FBD8
Wed, Sep 03 2025 04:59;30.2;47.6;HT_3C71BF28FBD8
Wed, Sep 03 2025 05:09;30.1;47.2;HT_3C71BF28FBD8
Wed, Sep 03 2025 05:19;30.1;46.9;HT_3C71BF28FBD8
Wed, Sep 03 2025 05:29;30.1;46.2;HT_3C71BF28FBD8
Wed, Sep 03 2025 05:39;30.2;46.4;HT_3C71BF28FBD8
Wed, Sep 03 2025 05:49;30.1;46.3;HT_3C71BF28FBD8
Wed, Sep 03 2025 05:59;30.1;45.9;HT_3C71BF28FBD8
Wed, Sep 03 2025 06:09;30.0;45.4;HT_3C71BF28FBD8
Wed, Sep 03 2025 06:19;30.1;45.7;HT_3C71BF28FBD8
Wed, Sep 03 2025 06:29;30.0;45.6;HT_3C71BF28FBD8
Wed, Sep 03 2025 06:39;30.0;45.4;HT_3C71BF28FBD8
Wed, Sep 03 2025 06:49;25.4;46.9;HT_3C71BF28FBD8
Wed, Sep 03 2025 06:59;23.6;53.2;HT_3C71BF28FBD8
Wed, Sep 03 2025 07:09;24.3;57.8;HT_3C71BF28FBD8
Wed, Sep 03 2025 07:19;23.9;52.3;HT_3C71BF28FBD8
Wed, Sep 03 2025 07:29;24.2;61.6;HT_3C71BF28FBD8
Wed, Sep 03 2025 07:39;23.8;55.3;HT_3C71BF28FBD8
Wed, Sep 03 2025 07:49;24.0;62.3;HT_3C71BF28FBD8
Wed, Sep 03 2025 07:59;23.6;54.7;HT_3C71BF28FBD8
Wed, Sep 03 2025 08:09;24.0;61.5;HT_3C71BF28FBD8
Wed, Sep 03 2025 08:19;23.6;59.6;HT_3C71BF28FBD8
Wed, Sep 03 2025 08:29;23.7;60.8;HT_3C71BF28FBD8
Wed, Sep 03 2025 08:39;23.4;63.8;HT_3C71BF28FBD8
Wed, Sep 03 2025 08:49;23.3;58.2;HT_3C71BF28FBD8
Wed, Sep 03 2025 08:59;23.5;63.4;HT_3C71BF28FBD8
Wed, Sep 03 2025 09:09;23.2;64.7;HT_3C71BF28FBD8
Wed, Sep 03 2025 09:19;23.0;58.5;HT_3C71BF28FBD8
Wed, Sep 03 2025 09:29;23.5;66.0;HT_3C71BF28FBD8
Wed, Sep 03 2025 09:39;23.0;58.2;HT_3C71BF28FBD8
Wed, Sep 03 2025 09:49;23.4;64.7;HT_3C71BF28FBD8
Wed, Sep 03 2025 09:59;23.0;64.0;HT_3C71BF28FBD8
Wed, Sep 03 2025 10:09;23.0;59.4;HT_3C71BF28FBD8
Wed, Sep 03 2025 10:19;23.0;64.0;HT_3C71BF28FBD8
Wed, Sep 03 2025 10:29;22.8;63.4;HT_3C71BF28FBD8
Wed, Sep 03 2025 10:39;22.7;59.2;HT_3C71BF28FBD8
Wed, Sep 03 2025 10:49;22.9;65.0;HT_3C71BF28FBD8
Wed, Sep 03 2025 10:59;22.7;64.6;HT_3C71BF28FBD8
Wed, Sep 03 2025 11:09;22.7;59.5;HT_3C71BF28FBD8
Wed, Sep 03 2025 11:19;22.8;64.5;HT_3C71BF28FBD8
Wed, Sep 03 2025 11:29;22.5;63.2;HT_3C71BF28FBD8
Wed, Sep 03 2025 11:39;22.5;58.9;HT_3C71BF28FBD8
Wed, Sep 03 2025 11:49;22.6;64.0;HT_3C71BF28FBD8
Wed, Sep 03 2025 11:59;22.4;64.1;HT_3C71BF28FBD8
Wed, Sep 03 2025 12:09;22.5;58.9;HT_3C71BF28FBD8
Wed, Sep 03 2025 12:19;22.6;64.1;HT_3C71BF28FBD8
Wed, Sep 03 2025 12:29;22.4;63.9;HT_3C71BF28FBD8
Wed, Sep 03 2025 12:39;22.5;59.5;HT_3C71BF28FBD8
Wed, Sep 03 2025 12:49;22.8;65.7;HT_3C71BF28FBD8
Wed, Sep 03 2025 12:59;22.4;62.9;HT_3C71BF28FBD8
Wed, Sep 03 2025 13:09;22.5;58.9;HT_3C71BF28FBD8
Wed, Sep 03 2025 13:19;22.6;64.8;HT_3C71BF28FBD8
Wed, Sep 03 2025 13:29;22.4;64.7;HT_3C71BF28FBD8
Wed, Sep 03 2025 13:39;22.5;59.4;HT_3C71BF28FBD8
Wed, Sep 03 2025 13:49;22.8;65.7;HT_3C71BF28FBD8
Wed, Sep 03 2025 13:59;22.5;64.0;HT_3C71BF28FBD8
Wed, Sep 03 2025 14:09;22.5;58.9;HT_3C71BF28FBD8
Wed, Sep 03 2025 14:19;22.7;66.0;HT_3C71BF28FBD8
Wed, Sep 03 2025 14:29;22.4;62.9;HT_3C71BF28FBD8
Wed, Sep 03 2025 14:39;22.6;59.0;HT_3C71BF28FBD8
Wed, Sep 03 2025 14:49;22.6;64.5;HT_3C71BF28FBD8
Wed, Sep 03 2025 14:59;22.3;61.8;HT_3C71BF28FBD8
Wed, Sep 03 2025 15:09;22.5;59.7;HT_3C71BF28FBD8
Wed, Sep 03 2025 15:19;22.5;65.4;HT_3C71BF28FBD8
Wed, Sep 03 2025 15:29;22.3;62.6;HT_3C71BF28FBD8
Wed, Sep 03 2025 15:39;22.5;60.0;HT_3C71BF28FBD8
Wed, Sep 03 2025 15:49;22.4;64.7;HT_3C71BF28FBD8
Wed, Sep 03 2025 15:59;22.1;61.5;HT_3C71BF28FBD8
Wed, Sep 03 2025 16:09;22.3;60.2;HT_3C71BF28FBD8
Wed, Sep 03 2025 16:19;22.5;64.5;HT_3C71BF28FBD8
Wed, Sep 03 2025 16:29;23.9;58.4;HT_3C71BF28FBD8
Wed, Sep 03 2025 16:39;25.0;55.7;HT_3C71BF28FBD8
Wed, Sep 03 2025 16:49;25.6;55.7;HT_3C71BF28FBD8
Wed, Sep 03 2025 16:59;26.0;56.6;HT_3C71BF28FBD8
Wed, Sep 03 2025 17:09;26.3;56.0;HT_3C71BF28FBD8
Wed, Sep 03 2025 17:19;26.6;55.4;HT_3C71BF28FBD8
Wed, Sep 03 2025 17:29;26.8;55.1;HT_3C71BF28FBD8
Wed, Sep 03 2025 17:39;26.9;54.6;HT_3C71BF28FBD8
Wed, Sep 03 2025 17:49;27.1;53.9;HT_3C71BF28FBD8
Wed, Sep 03 2025 17:59;27.3;54.2;HT_3C71BF28FBD8
Wed, Sep 03 2025 18:09;27.4;54.9;HT_3C71BF28FBD8
Wed, Sep 03 2025 18:19;27.6;54.4;HT_3C71BF28FBD8
Wed, Sep 03 2025 18:29;27.7;54.2;HT_3C71BF28FBD8
Wed, Sep 03 2025 18:39;27.9;54.3;HT_3C71BF28FBD8
Wed, Sep 03 2025 18:49;28.0;54.2;HT_3C71BF28FBD8
Wed, Sep 03 2025 18:59;28.1;53.9;HT_3C71BF28FBD8
Wed, Sep 03 2025 19:09;28.2;53.7;HT_3C71BF28FBD8
Wed, Sep 03 2025 19:19;28.3;53.3;HT_3C71BF28FBD8
Wed, Sep 03 2025 19:29;28.4;53.2;HT_3C71BF28FBD8
Wed, Sep 03 2025 19:39;28.5;52.8;HT_3C71BF28FBD8
Wed, Sep 03 2025 19:49;28.6;52.5;HT_3C71BF28FBD8
Wed, Sep 03 2025 19:59;28.7;52.3;HT_3C71BF28FBD8
Wed, Sep 03 2025 20:09;28.7;51.7;HT_3C71BF28FBD8
Wed, Sep 03 2025 20:19;28.8;51.3;HT_3C71BF28FBD8
Wed, Sep 03 2025 20:29;28.9;51.6;HT_3C71BF28FBD8
Wed, Sep 03 2025 20:39;29.0;51.7;HT_3C71BF28FBD8
Wed, Sep 03 2025 20:49;29.0;50.8;HT_3C71BF28FBD8
Wed, Sep 03 2025 20:59;29.1;51.1;HT_3C71BF28FBD8
Wed, Sep 03 2025 21:09;29.1;50.4;HT_3C71BF28FBD8
Wed, Sep 03 2025 21:19;29.2;50.4;HT_3C71BF28FBD8
Wed, Sep 03 2025 21:29;29.2;50.2;HT_3C71BF28FBD8
Wed, Sep 03 2025 21:39;29.2;49.9;HT_3C71BF28FBD8
Wed, Sep 03 2025 21:49;29.3;49.7;HT_3C71BF28FBD8
Wed, Sep 03 2025 21:59;29.3;49.3;HT_3C71BF28FBD8
Wed, Sep 03 2025 22:09;29.4;49.6;HT_3C71BF28FBD8
Wed, Sep 03 2025 22:19;29.4;49.2;HT_3C71BF28FBD8
Wed, Sep 03 2025 22:29;29.4;49.0;HT_3C71BF28FBD8
Wed, Sep 03 2025 22:39;29.5;48.8;HT_3C71BF28FBD8
Wed, Sep 03 2025 22:49;29.5;49.0;HT_3C71BF28FBD8
Wed, Sep 03 2025 22:59;29.6;48.6;HT_3C71BF28FBD8
Wed, Sep 03 2025 23:09;29.6;48.3;HT_3C71BF28FBD8
Wed, Sep 03 2025 23:19;29.6;48.4;HT_3C71BF28FBD8
Wed, Sep 03 2025 23:29;29.6;48.2;HT_3C71BF28FBD8
Wed, Sep 03 2025 23:39;29.6;48.0;HT_3C71BF28FBD8
Wed, Sep 03 2025 23:49;29.7;47.7;HT_3C71BF28FBD8
Wed, Sep 03 2025 23:59;29.7;47.4;HT_3C71BF28FBD8
Thu, Sep 04 2025 00:09;29.7;47.3;HT_3C71BF28FBD8
Thu, Sep 04 2025 00:19;29.7;47.3;HT_3C71BF28FBD8
Thu, Sep 04 2025 00:29;29.8;47.2;HT_3C71BF28FBD8
Thu, Sep 04 2025 00:39;29.8;47.2;HT_3C71BF28FBD8
Thu, Sep 04 2025 00:49;29.8;47.1;HT_3C71BF28FBD8
Thu, Sep 04 2025 00:59;29.8;47.0;HT_3C71BF28FBD8
Thu, Sep 04 2025 01:09;29.9;47.3;HT_3C71BF28FBD8
Thu, Sep 04 2025 01:19;29.9;47.8;HT_3C71BF28FBD8
Thu, Sep 04 2025 01:29;29.9;47.6;HT_3C71BF28FBD8
Thu, Sep 04 2025 01:39;29.9;48.7;HT_3C71BF28FBD8
Thu, Sep 04 2025 01:49;29.9;48.9;HT_3C71BF28FBD8
Thu, Sep 04 2025 01:59;29.9;49.4;HT_3C71BF28FBD8
Thu, Sep 04 2025 02:09;29.9;48.3;HT_3C71BF28FBD8
Thu, Sep 04 2025 02:19;29.9;49.5;HT_3C71BF28FBD8
Thu, Sep 04 2025 02:29;29.9;48.9;HT_3C71BF28FBD8
Thu, Sep 04 2025 02:39;29.9;49.2;HT_3C71BF28FBD8
Thu, Sep 04 2025 02:49;29.9;49.1;HT_3C71BF28FBD8
Thu, Sep 04 2025 02:59;29.9;49.5;HT_3C71BF28FBD8
Thu, Sep 04 2025 03:09;29.9;50.6;HT_3C71BF28FBD8
Thu, Sep 04 2025 03:19;29.9;49.2;HT_3C71BF28FBD8
Thu, Sep 04 2025 03:29;29.9;49.6;HT_3C71BF28FBD8
Thu, Sep 04 2025 03:39;29.9;49.1;HT_3C71BF28FBD8
Thu, Sep 04 2025 03:49;29.9;49.0;HT_3C71BF28FBD8
Thu, Sep 04 2025 03:59;29.9;49.3;HT_3C71BF28FBD8
Thu, Sep 04 2025 04:09;29.9;49.4;HT_3C71BF28FBD8
Thu, Sep 04 2025 04:19;29.9;49.5;HT_3C71BF28FBD8
Thu, Sep 04 2025 04:29;29.9;48.6;HT_3C71BF28FBD8
Thu, Sep 04 2025 04:39;29.9;48.6;HT_3C71BF28FBD8
Thu, Sep 04 2025 04:49;29.8;47.2;HT_3C71BF28FBD8
Thu, Sep 04 2025 04:59;29.8;46.4;HT_3C71BF28FBD8
Thu, Sep 04 2025 05:09;29.8;46.0;HT_3C71BF28FBD8
Thu, Sep 04 2025 05:19;29.8;46.0;HT_3C71BF28FBD8
Thu, Sep 04 2025 05:29;29.8;45.9;HT_3C71BF28FBD8
Thu, Sep 04 2025 05:39;29.8;45.7;HT_3C71BF28FBD8
Thu, Sep 04 2025 05:49;29.8;45.6;HT_3C71BF28FBD8
Thu, Sep 04 2025 05:59;29.7;45.2;HT_3C71BF28FBD8
Thu, Sep 04 2025 06:09;29.7;44.6;HT_3C71BF28FBD8
Thu, Sep 04 2025 06:19;29.7;44.6;HT_3C71BF28FBD8
Thu, Sep 04 2025 06:29;29.7;44.4;HT_3C71BF28FBD8
Thu, Sep 04 2025 06:39;29.7;45.1;HT_3C71BF28FBD8
Thu, Sep 04 2025 06:49;29.7;45.3;HT_3C71BF28FBD8
Thu, Sep 04 2025 06:59;29.8;46.1;HT_3C71BF28FBD8
Thu, Sep 04 2025 07:09;29.8;46.8;HT_3C71BF28FBD8
Thu, Sep 04 2025 07:19;29.8;46.0;HT_3C71BF28FBD8
Thu, Sep 04 2025 07:29;29.8;45.8;HT_3C71BF28FBD8
Thu, Sep 04 2025 07:39;29.9;45.2;HT_3C71BF28FBD8
Thu, Sep 04 2025 07:49;24.6;46.3;HT_3C71BF28FBD8
Thu, Sep 04 2025 07:59;23.5;52.4;HT_3C71BF28FBD8
Thu, Sep 04 2025 08:09;23.9;59.9;HT_3C71BF28FBD8
Thu, Sep 04 2025 08:19;23.3;54.7;HT_3C71BF28FBD8
Thu, Sep 04 2025 08:29;23.7;60.8;HT_3C71BF28FBD8
Thu, Sep 04 2025 08:39;23.3;61.5;HT_3C71BF28FBD8
Thu, Sep 04 2025 08:49;23.3;56.8;HT_3C71BF28FBD8
Thu, Sep 04 2025 08:59;23.4;64.0;HT_3C71BF28FBD8
Thu, Sep 04 2025 09:09;23.0;61.3;HT_3C71BF28FBD8
Thu, Sep 04 2025 09:19;23.2;60.7;HT_3C71BF28FBD8
Thu, Sep 04 2025 09:29;23.3;66.3;HT_3C71BF28FBD8
Thu, Sep 04 2025 09:39;22.9;63.2;HT_3C71BF28FBD8
Thu, Sep 04 2025 09:49;24.6;60.2;HT_3C71BF28FBD8
Thu, Sep 04 2025 09:59;25.9;62.3;HT_3C71BF28FBD8
Thu, Sep 04 2025 10:09;26.3;60.2;HT_3C71BF28FBD8
Thu, Sep 04 2025 10:19;26.6;58.8;HT_3C71BF28FBD8
Thu, Sep 04 2025 10:29;26.9;57.9;HT_3C71BF28FBD8
Thu, Sep 04 2025 10:39;27.1;57.6;HT_3C71BF28FBD8
Thu, Sep 04 2025 10:49;27.2;57.2;HT_3C71BF28FBD8
Thu, Sep 04 2025 10:59;27.4;56.8;HT_3C71BF28FBD8
Thu, Sep 04 2025 11:09;27.5;57.4;HT_3C71BF28FBD8
Thu, Sep 04 2025 11:19;27.6;56.7;HT_3C71BF28FBD8
Thu, Sep 04 2025 11:29;27.8;56.6;HT_3C71BF28FBD8
Thu, Sep 04 2025 11:39;27.9;56.3;HT_3C71BF28FBD8
Thu, Sep 04 2025 11:49;28.0;56.5;HT_3C71BF28FBD8
Thu, Sep 04 2025 11:59;28.1;56.3;HT_3C71BF28FBD8
Thu, Sep 04 2025 12:09;28.1;50.0;HT_3C71BF28FBD8
Thu, Sep 04 2025 12:19;28.2;54.0;HT_3C71BF28FBD8
Thu, Sep 04 2025 12:29;28.3;54.3;HT_3C71BF28FBD8
Thu, Sep 04 2025 12:39;28.4;55.2;HT_3C71BF28FBD8
Thu, Sep 04 2025 12:49;28.5;56.4;HT_3C71BF28FBD8
Thu, Sep 04 2025 12:59;28.6;57.3;HT_3C71BF28FBD8
Thu, Sep 04 2025 13:09;28.7;57.2;HT_3C71BF28FBD8
Thu, Sep 04 2025 13:19;28.7;57.0;HT_3C71BF28FBD8
Thu, Sep 04 2025 13:29;28.7;55.7;HT_3C71BF28FBD8
Thu, Sep 04 2025 13:39;28.8;56.3;HT_3C71BF28FBD8
Thu, Sep 04 2025 13:49;28.9;56.7;HT_3C71BF28FBD8
Thu, Sep 04 2025 13:59;29.0;56.7;HT_3C71BF28FBD8
Thu, Sep 04 2025 14:09;29.0;57.0;HT_3C71BF28FBD8
Thu, Sep 04 2025 14:19;29.0;56.3;HT_3C71BF28FBD8
Thu, Sep 04 2025 14:29;29.1;55.7;HT_3C71BF28FBD8
Thu, Sep 04 2025 14:39;29.1;56.1;HT_3C71BF28FBD8
Thu, Sep 04 2025 14:49;29.1;54.9;HT_3C71BF28FBD8
Thu, Sep 04 2025 14:59;29.2;53.7;HT_3C71BF28FBD8
Thu, Sep 04 2025 15:09;29.2;53.3;HT_3C71BF28FBD8
Thu, Sep 04 2025 15:19;29.2;52.8;HT_3C71BF28FBD8
Thu, Sep 04 2025 15:29;29.1;52.2;HT_3C71BF28FBD8
Thu, Sep 04 2025 15:39;29.1;47.6;HT_3C71BF28FBD8
Thu, Sep 04 2025 15:49;29.2;49.1;HT_3C71BF28FBD8
Thu, Sep 04 2025 15:59;29.2;50.8;HT_3C71BF28FBD8
Thu, Sep 04 2025 16:09;29.3;50.7;HT_3C71BF28FBD8
Thu, Sep 04 2025 16:19;29.4;50.6;HT_3C71BF28FBD8
Thu, Sep 04 2025 16:29;29.5;50.1;HT_3C71BF28FBD8
Thu, Sep 04 2025 16:39;29.6;50.3;HT_3C71BF28FBD8
Thu, Sep 04 2025 16:49;29.7;50.3;HT_3C71BF28FBD8
Thu, Sep 04 2025 16:59;29.7;50.4;HT_3C71BF28FBD8
Thu, Sep 04 2025 17:09;29.8;50.3;HT_3C71BF28FBD8
Thu, Sep 04 2025 17:19;29.9;50.0;HT_3C71BF28FBD8
Thu, Sep 04 2025 17:29;29.9;49.6;HT_3C71BF28FBD8
Thu, Sep 04 2025 17:39;30.0;49.5;HT_3C71BF28FBD8
Thu, Sep 04 2025 17:49;30.0;49.7;HT_3C71BF28FBD8
Thu, Sep 04 2025 17:59;30.1;49.7;HT_3C71BF28FBD8
Thu, Sep 04 2025 18:09;30.1;50.0;HT_3C71BF28FBD8
Thu, Sep 04 2025 18:19;30.1;50.1;HT_3C71BF28FBD8
Thu, Sep 04 2025 18:29;30.2;50.0;HT_3C71BF28FBD8
Thu, Sep 04 2025 18:39;30.2;49.8;HT_3C71BF28FBD8
Thu, Sep 04 2025 18:49;30.3;49.5;HT_3C71BF28FBD8
Thu, Sep 04 2025 18:59;30.3;49.3;HT_3C71BF28FBD8
Thu, Sep 04 2025 19:09;30.4;49.0;HT_3C71BF28FBD8
Thu, Sep 04 2025 19:19;30.4;48.8;HT_3C71BF28FBD8
Thu, Sep 04 2025 19:29;30.4;48.6;HT_3C71BF28FBD8
Thu, Sep 04 2025 19:39;30.4;48.4;HT_3C71BF28FBD8
Thu, Sep 04 2025 19:49;30.5;48.2;HT_3C71BF28FBD8
Thu, Sep 04 2025 19:59;30.5;48.0;HT_3C71BF28FBD8
Thu, Sep 04 2025 20:09;30.5;47.8;HT_3C71BF28FBD8
Thu, Sep 04 2025 20:19;30.5;47.7;HT_3C71BF28FBD8
Thu, Sep 04 2025 20:29;30.5;47.5;HT_3C71BF28FBD8
Thu, Sep 04 2025 20:39;30.5;47.4;HT_3C71BF28FBD8
Thu, Sep 04 2025 20:49;30.5;47.3;HT_3C71BF28FBD8
Thu, Sep 04 2025 20:59;30.6;47.2;HT_3C71BF28FBD8
Thu, Sep 04 2025 21:09;30.6;47.2;HT_3C71BF28FBD8
Thu, Sep 04 2025 21:19;30.6;47.1;HT_3C71BF28FBD8
Thu, Sep 04 2025 21:29;30.6;47.1;HT_3C71BF28FBD8
Thu, Sep 04 2025 21:39;30.6;47.0;HT_3C71BF28FBD8
Thu, Sep 04 2025 21:49;30.6;46.9;HT_3C71BF28FBD8
Thu, Sep 04 2025 21:59;30.6;46.9;HT_3C71BF28FBD8
Thu, Sep 04 2025 22:09;30.6;46.8;HT_3C71BF28FBD8
Thu, Sep 04 2025 22:19;30.7;46.7;HT_3C71BF28FBD8
Thu, Sep 04 2025 22:29;30.7;46.7;HT_3C71BF28FBD8
Thu, Sep 04 2025 22:39;30.7;46.6;HT_3C71BF28FBD8
Thu, Sep 04 2025 22:49;30.7;46.4;HT_3C71BF28FBD8
Thu, Sep 04 2025 22:59;30.7;46.4;HT_3C71BF28FBD8
Thu, Sep 04 2025 23:09;30.7;46.3;HT_3C71BF28FBD8
Thu, Sep 04 2025 23:19;30.7;46.2;HT_3C71BF28FBD8
Thu, Sep 04 2025 23:29;30.6;46.2;HT_3C71BF28FBD8
Thu, Sep 04 2025 23:39;30.7;46.2;HT_3C71BF28FBD8
Thu, Sep 04 2025 23:49;30.7;46.1;HT_3C71BF28FBD8
Thu, Sep 04 2025 23:59;30.7;46.0;HT_3C71BF28FBD8
Fri, Sep 05 2025 00:09;30.7;46.0;HT_3C71BF28FBD8
Fri, Sep 05 2025 00:19;30.7;45.8;HT_3C71BF28FBD8
Fri, Sep 05 2025 00:29;30.7;45.8;HT_3C71BF28FBD8
Fri, Sep 05 2025 00:39;30.6;45.7;HT_3C71BF28FBD8
Fri, Sep 05 2025 00:49;30.6;45.6;HT_3C71BF28FBD8
Fri, Sep 05 2025 00:59;30.7;45.5;HT_3C71BF28FBD8
Fri, Sep 05 2025 01:09;30.6;45.4;HT_3C71BF28FBD8
Fri, Sep 05 2025 01:19;30.6;45.3;HT_3C71BF28FBD8
Fri, Sep 05 2025 01:29;30.6;45.3;HT_3C71BF28FBD8
Fri, Sep 05 2025 01:39;30.6;45.2;HT_3C71BF28FBD8
Fri, Sep 05 2025 01:49;30.6;45.2;HT_3C71BF28FBD8
Fri, Sep 05 2025 01:59;30.6;45.2;HT_3C71BF28FBD8
Fri, Sep 05 2025 02:09;30.6;45.0;HT_3C71BF28FBD8
Fri, Sep 05 2025 02:19;30.6;45.0;HT_3C71BF28FBD8
Fri, Sep 05 2025 02:29;30.5;45.3;HT_3C71BF28FBD8
Fri, Sep 05 2025 02:39;30.6;45.2;HT_3C71BF28FBD8
Fri, Sep 05 2025 02:49;30.5;45.0;HT_3C71BF28FBD8
Fri, Sep 05 2025 02:59;30.6;44.9;HT_3C71BF28FBD8
Fri, Sep 05 2025 03:09;30.6;44.9;HT_3C71BF28FBD8
Fri, Sep 05 2025 03:19;30.5;45.0;HT_3C71BF28FBD8
Fri, Sep 05 2025 03:29;30.5;44.8;HT_3C71BF28FBD8
Fri, Sep 05 2025 03:39;30.5;44.7;HT_3C71BF28FBD8
Fri, Sep 05 2025 03:49;30.5;44.6;HT_3C71BF28FBD8
Fri, Sep 05 2025 03:59;30.5;44.6;HT_3C71BF28FBD8
Fri, Sep 05 2025 04:09;30.5;44.6;HT_3C71BF28FBD8
Fri, Sep 05 2025 04:19;30.5;44.5;HT_3C71BF28FBD8
Fri, Sep 05 2025 04:29;30.5;44.4;HT_3C71BF28FBD8
Fri, Sep 05 2025 04:39;30.5;44.4;HT_3C71BF28FBD8
Fri, Sep 05 2025 04:49;30.5;44.3;HT_3C71BF28FBD8
Fri, Sep 05 2025 04:59;30.4;44.3;HT_3C71BF28FBD8
Fri, Sep 05 2025 05:09;30.4;44.3;HT_3C71BF28FBD8
Fri, Sep 05 2025 05:19;30.4;44.4;HT_3C71BF28FBD8
Fri, Sep 05 2025 05:29;30.4;44.8;HT_3C71BF28FBD8
Fri, Sep 05 2025 05:39;30.4;44.8;HT_3C71BF28FBD8
Fri, Sep 05 2025 05:49;30.4;44.9;HT_3C71BF28FBD8
Fri, Sep 05 2025 05:59;30.4;45.2;HT_3C71BF28FBD8
Fri, Sep 05 2025 06:09;30.4;45.6;HT_3C71BF28FBD8
Fri, Sep 05 2025 06:19;30.4;45.6;HT_3C71BF28FBD8
Fri, Sep 05 2025 06:29;30.3;46.6;HT_3C71BF28FBD8
Fri, Sep 05 2025 06:39;30.4;45.4;HT_3C71BF28FBD8
Fri, Sep 05 2025 06:49;30.3;45.2;HT_3C71BF28FBD8
Fri, Sep 05 2025 06:59;30.3;45.3;HT_3C71BF28FBD8
Fri, Sep 05 2025 07:09;30.3;45.2;HT_3C71BF28FBD8
Fri, Sep 05 2025 07:19;30.3;45.1;HT_3C71BF28FBD8
Fri, Sep 05 2025 07:29;30.4;45.0;HT_3C71BF28FBD8
Fri, Sep 05 2025 07:39;30.4;45.0;HT_3C71BF28FBD8
Fri, Sep 05 2025 07:49;30.4;45.1;HT_3C71BF28FBD8
Fri, Sep 05 2025 07:59;30.4;45.2;HT_3C71BF28FBD8
Fri, Sep 05 2025 08:09;30.4;45.2;HT_3C71BF28FBD8
Fri, Sep 05 2025 08:19;30.5;45.6;HT_3C71BF28FBD8
Fri, Sep 05 2025 08:29;30.4;45.0;HT_3C71BF28FBD8
Fri, Sep 05 2025 08:39;30.6;45.6;HT_3C71BF28FBD8
Fri, Sep 05 2025 08:49;30.5;45.4;HT_3C71BF28FBD8
Fri, Sep 05 2025 08:59;30.5;45.3;HT_3C71BF28FBD8
Fri, Sep 05 2025 09:09;30.5;45.3;HT_3C71BF28FBD8
Fri, Sep 05 2025 09:19;30.5;45.3;HT_3C71BF28FBD8
Fri, Sep 05 2025 09:29;30.5;44.9;HT_3C71BF28FBD8
Fri, Sep 05 2025 09:39;30.5;44.9;HT_3C71BF28FBD8
Fri, Sep 05 2025 09:49;30.5;44.8;HT_3C71BF28FBD8
Fri, Sep 05 2025 09:59;30.5;44.6;HT_3C71BF28FBD8
Fri, Sep 05 2025 10:09;30.5;44.6;HT_3C71BF28FBD8
Fri, Sep 05 2025 10:19;30.5;45.1;HT_3C71BF28FBD8
Fri, Sep 05 2025 10:29;30.6;45.5;HT_3C71BF28FBD8
Fri, Sep 05 2025 10:39;30.6;46.4;HT_3C71BF28FBD8
Fri, Sep 05 2025 10:49;30.6;47.4;HT_3C71BF28FBD8
Fri, Sep 05 2025 10:59;30.7;48.1;HT_3C71BF28FBD8
Fri, Sep 05 2025 11:09;30.7;48.8;HT_3C71BF28FBD8
Fri, Sep 05 2025 11:19;30.7;49.0;HT_3C71BF28FBD8
Fri, Sep 05 2025 11:29;30.8;49.1;HT_3C71BF28FBD8
Fri, Sep 05 2025 11:39;30.8;48.9;HT_3C71BF28FBD8
Fri, Sep 05 2025 11:49;30.8;48.7;HT_3C71BF28FBD8
Fri, Sep 05 2025 11:59;30.8;48.9;HT_3C71BF28FBD8
Fri, Sep 05 2025 12:09;30.8;49.4;HT_3C71BF28FBD8
Fri, Sep 05 2025 12:19;30.9;49.1;HT_3C71BF28FBD8
Fri, Sep 05 2025 12:29;30.9;49.4;HT_3C71BF28FBD8
Fri, Sep 05 2025 12:39;31.0;49.5;HT_3C71BF28FBD8
Fri, Sep 05 2025 12:49;31.0;49.5;HT_3C71BF28FBD8
Fri, Sep 05 2025 12:59;31.0;49.7;HT_3C71BF28FBD8
Fri, Sep 05 2025 13:09;31.0;49.8;HT_3C71BF28FBD8
Fri, Sep 05 2025 13:19;31.0;50.0;HT_3C71BF28FBD8
Fri, Sep 05 2025 13:29;31.1;50.1;HT_3C71BF28FBD8
Fri, Sep 05 2025 13:39;31.1;50.5;HT_3C71BF28FBD8
Fri, Sep 05 2025 13:49;31.1;50.5;HT_3C71BF28FBD8
Fri, Sep 05 2025 13:59;31.1;50.5;HT_3C71BF28FBD8
Fri, Sep 05 2025 14:09;31.2;50.6;HT_3C71BF28FBD8
Fri, Sep 05 2025 14:19;31.2;51.0;HT_3C71BF28FBD8
Fri, Sep 05 2025 14:29;31.2;50.8;HT_3C71BF28FBD8
Fri, Sep 05 2025 14:39;31.2;50.9;HT_3C71BF28FBD8
Fri, Sep 05 2025 14:49;31.2;50.8;HT_3C71BF28FBD8
Fri, Sep 05 2025 14:59;31.3;50.9;HT_3C71BF28FBD8
Fri, Sep 05 2025 15:09;31.3;51.3;HT_3C71BF28FBD8
Fri, Sep 05 2025 15:19;31.4;51.3;HT_3C71BF28FBD8
Fri, Sep 05 2025 15:29;31.4;51.3;HT_3C71BF28FBD8
Fri, Sep 05 2025 15:39;31.4;51.4;HT_3C71BF28FBD8
Fri, Sep 05 2025 15:49;31.4;51.4;HT_3C71BF28FBD8
Fri, Sep 05 2025 15:59;31.4;51.2;HT_3C71BF28FBD8
Fri, Sep 05 2025 16:09;31.4;50.8;HT_3C71BF28FBD8
Fri, Sep 05 2025 16:19;31.4;50.6;HT_3C71BF28FBD8
Fri, Sep 05 2025 16:29;31.4;50.5;HT_3C71BF28FBD8
Fri, Sep 05 2025 16:39;31.4;50.2;HT_3C71BF28FBD8
Fri, Sep 05 2025 16:49;31.5;50.2;HT_3C71BF28FBD8
Fri, Sep 05 2025 16:59;31.5;50.2;HT_3C71BF28FBD8
Fri, Sep 05 2025 17:09;31.5;50.2;HT_3C71BF28FBD8
Fri, Sep 05 2025 17:19;31.5;50.2;HT_3C71BF28FBD8
Fri, Sep 05 2025 17:29;31.5;50.1;HT_3C71BF28FBD8
Fri, Sep 05 2025 17:39;31.5;50.2;HT_3C71BF28FBD8
Fri, Sep 05 2025 17:49;31.5;50.0;HT_3C71BF28FBD8
Fri, Sep 05 2025 17:59;31.5;49.9;HT_3C71BF28FBD8
Fri, Sep 05 2025 18:09;31.5;49.7;HT_3C71BF28FBD8
Fri, Sep 05 2025 18:19;31.5;49.6;HT_3C71BF28FBD8
Fri, Sep 05 2025 18:29;31.6;49.4;HT_3C71BF28FBD8
Fri, Sep 05 2025 18:39;31.6;49.4;HT_3C71BF28FBD8
Fri, Sep 05 2025 18:49;31.5;49.3;HT_3C71BF28FBD8
Fri, Sep 05 2025 19:00;31.6;49.2;HT_3C71BF28FBD8
Fri, Sep 05 2025 19:09;31.5;49.0;HT_3C71BF28FBD8
Fri, Sep 05 2025 19:20;31.6;48.9;HT_3C71BF28FBD8
Fri, Sep 05 2025 19:30;31.6;48.7;HT_3C71BF28FBD8
Fri, Sep 05 2025 19:40;31.5;48.5;HT_3C71BF28FBD8
Fri, Sep 05 2025 19:50;31.6;48.4;HT_3C71BF28FBD8
Fri, Sep 05 2025 20:00;31.6;48.3;HT_3C71BF28FBD8
Fri, Sep 05 2025 20:10;31.6;48.2;HT_3C71BF28FBD8
Fri, Sep 05 2025 20:20;31.6;48.1;HT_3C71BF28FBD8
Fri, Sep 05 2025 20:30;31.6;48.0;HT_3C71BF28FBD8
Fri, Sep 05 2025 20:40;31.6;47.9;HT_3C71BF28FBD8
Fri, Sep 05 2025 20:50;31.6;47.8;HT_3C71BF28FBD8
Fri, Sep 05 2025 21:00;31.6;47.7;HT_3C71BF28FBD8
Fri, Sep 05 2025 21:10;31.5;47.7;HT_3C71BF28FBD8
Fri, Sep 05 2025 21:20;31.6;47.6;HT_3C71BF28FBD8
Fri, Sep 05 2025 21:30;31.5;47.6;HT_3C71BF28FBD8
Fri, Sep 05 2025 21:40;31.6;47.5;HT_3C71BF28FBD8
Fri, Sep 05 2025 21:50;31.6;47.4;HT_3C71BF28FBD8
Fri, Sep 05 2025 22:00;31.6;47.4;HT_3C71BF28FBD8
Fri, Sep 05 2025 22:10;31.6;47.3;HT_3C71BF28FBD8
Fri, Sep 05 2025 22:20;31.6;47.3;HT_3C71BF28FBD8
Fri, Sep 05 2025 22:30;31.6;47.3;HT_3C71BF28FBD8
Fri, Sep 05 2025 22:40;31.6;47.2;HT_3C71BF28FBD8
Fri, Sep 05 2025 22:50;31.6;47.2;HT_3C71BF28FBD8
Fri, Sep 05 2025 23:00;31.6;47.3;HT_3C71BF28FBD8
Fri, Sep 05 2025 23:10;31.6;47.2;HT_3C71BF28FBD8
Fri, Sep 05 2025 23:20;31.6;47.2;HT_3C71BF28FBD8
Fri, Sep 05 2025 23:30;31.6;47.2;HT_3C71BF28FBD8
Fri, Sep 05 2025 23:40;31.6;47.0;HT_3C71BF28FBD8
Fri, Sep 05 2025 23:50;31.5;47.1;HT_3C71BF28FBD8
Sat, Sep 06 2025 00:00;31.6;46.9;HT_3C71BF28FBD8
Sat, Sep 06 2025 00:10;31.6;46.9;HT_3C71BF28FBD8
Sat, Sep 06 2025 00:20;31.5;46.9;HT_3C71BF28FBD8
Sat, Sep 06 2025 00:30;31.5;46.9;HT_3C71BF28FBD8
Sat, Sep 06 2025 00:40;31.5;46.9;HT_3C71BF28FBD8
Sat, Sep 06 2025 00:50;31.5;46.9;HT_3C71BF28FBD8
Sat, Sep 06 2025 01:00;31.5;46.8;HT_3C71BF28FBD8
Sat, Sep 06 2025 01:10;31.5;46.7;HT_3C71BF28FBD8
Sat, Sep 06 2025 01:20;31.5;46.6;HT_3C71BF28FBD8
Sat, Sep 06 2025 01:30;31.4;46.7;HT_3C71BF28FBD8
Sat, Sep 06 2025 01:40;31.4;46.6;HT_3C71BF28FBD8
Sat, Sep 06 2025 01:50;31.4;46.5;HT_3C71BF28FBD8
Sat, Sep 06 2025 02:00;31.4;46.4;HT_3C71BF28FBD8
Sat, Sep 06 2025 02:10;31.4;46.4;HT_3C71BF28FBD8
Sat, Sep 06 2025 02:20;31.4;46.4;HT_3C71BF28FBD8
Sat, Sep 06 2025 02:30;31.4;46.4;HT_3C71BF28FBD8
Sat, Sep 06 2025 02:40;31.3;46.3;HT_3C71BF28FBD8
Sat, Sep 06 2025 02:50;31.4;46.5;HT_3C71BF28FBD8
Sat, Sep 06 2025 03:00;31.3;46.8;HT_3C71BF28FBD8
Sat, Sep 06 2025 03:10;31.3;46.9;HT_3C71BF28FBD8
Sat, Sep 06 2025 03:20;31.3;46.7;HT_3C71BF28FBD8
Sat, Sep 06 2025 03:30;31.3;46.6;HT_3C71BF28FBD8
Sat, Sep 06 2025 03:40;31.3;46.5;HT_3C71BF28FBD8
Sat, Sep 06 2025 03:50;31.3;46.4;HT_3C71BF28FBD8
Sat, Sep 06 2025 04:00;31.3;46.3;HT_3C71BF28FBD8
Sat, Sep 06 2025 04:10;31.2;46.4;HT_3C71BF28FBD8
Sat, Sep 06 2025 04:20;31.3;46.3;HT_3C71BF28FBD8
Sat, Sep 06 2025 04:30;31.3;46.4;HT_3C71BF28FBD8
Sat, Sep 06 2025 04:40;31.3;46.3;HT_3C71BF28FBD8
Sat, Sep 06 2025 04:50;31.2;46.3;HT_3C71BF28FBD8
Sat, Sep 06 2025 05:00;31.2;46.2;HT_3C71BF28FBD8
Sat, Sep 06 2025 05:10;31.3;46.1;HT_3C71BF28FBD8
Sat, Sep 06 2025 05:20;31.2;46.3;HT_3C71BF28FBD8
Sat, Sep 06 2025 05:30;31.3;46.0;HT_3C71BF28FBD8
Sat, Sep 06 2025 05:40;31.2;45.9;HT_3C71BF28FBD8
Sat, Sep 06 2025 05:50;31.2;46.1;HT_3C71BF28FBD8
Sat, Sep 06 2025 06:00;31.2;46.4;HT_3C71BF28FBD8
Sat, Sep 06 2025 06:10;31.2;46.6;HT_3C71BF28FBD8
Sat, Sep 06 2025 06:20;31.2;46.4;HT_3C71BF28FBD8
Sat, Sep 06 2025 06:30;31.1;46.2;HT_3C71BF28FBD8
Sat, Sep 06 2025 06:40;31.2;45.9;HT_3C71BF28FBD8
Sat, Sep 06 2025 06:50;31.1;46.0;HT_3C71BF28FBD8
Sat, Sep 06 2025 07:00;31.2;46.1;HT_3C71BF28FBD8
Sat, Sep 06 2025 07:10;31.1;45.9;HT_3C71BF28FBD8
Sat, Sep 06 2025 07:20;31.1;46.0;HT_3C71BF28FBD8
Sat, Sep 06 2025 07:30;31.1;45.8;HT_3C71BF28FBD8
Sat, Sep 06 2025 07:40;31.1;46.1;HT_3C71BF28FBD8
Sat, Sep 06 2025 07:50;31.1;46.1;HT_3C71BF28FBD8
Sat, Sep 06 2025 08:00;31.1;46.2;HT_3C71BF28FBD8
Sat, Sep 06 2025 08:10;31.2;46.2;HT_3C71BF28FBD8
Sat, Sep 06 2025 08:20;31.1;46.3;HT_3C71BF28FBD8
Sat, Sep 06 2025 08:30;31.2;46.4;HT_3C71BF28FBD8
Sat, Sep 06 2025 08:40;31.2;46.1;HT_3C71BF28FBD8
Sat, Sep 06 2025 08:50;31.2;45.8;HT_3C71BF28FBD8
Sat, Sep 06 2025 09:00;31.2;45.6;HT_3C71BF28FBD8
Sat, Sep 06 2025 09:10;31.2;45.4;HT_3C71BF28FBD8
Sat, Sep 06 2025 09:20;31.2;45.5;HT_3C71BF28FBD8
Sat, Sep 06 2025 09:30;31.2;45.5;HT_3C71BF28FBD8
Sat, Sep 06 2025 09:40;31.2;45.9;HT_3C71BF28FBD8
Sat, Sep 06 2025 09:50;31.3;46.0;HT_3C71BF28FBD8
Sat, Sep 06 2025 10:00;31.2;46.3;HT_3C71BF28FBD8
Sat, Sep 06 2025 10:10;31.3;46.4;HT_3C71BF28FBD8
Sat, Sep 06 2025 10:20;31.3;46.5;HT_3C71BF28FBD8
Sat, Sep 06 2025 10:30;31.3;46.6;HT_3C71BF28FBD8
Sat, Sep 06 2025 10:40;31.3;46.8;HT_3C71BF28FBD8
Sat, Sep 06 2025 10:50;31.3;46.9;HT_3C71BF28FBD8
Sat, Sep 06 2025 11:00;31.4;47.1;HT_3C71BF28FBD8
Sat, Sep 06 2025 11:10;31.4;47.2;HT_3C71BF28FBD8
Sat, Sep 06 2025 11:20;31.4;47.7;HT_3C71BF28FBD8
Sat, Sep 06 2025 11:30;31.4;48.0;HT_3C71BF28FBD8
Sat, Sep 06 2025 11:40;31.5;48.3;HT_3C71BF28FBD8
Sat, Sep 06 2025 11:50;31.4;48.5;HT_3C71BF28FBD8
Sat, Sep 06 2025 12:00;31.5;48.7;HT_3C71BF28FBD8
Sat, Sep 06 2025 12:10;31.5;48.7;HT_3C71BF28FBD8
Sat, Sep 06 2025 12:20;31.5;48.7;HT_3C71BF28FBD8
Sat, Sep 06 2025 12:30;31.6;48.6;HT_3C71BF28FBD8
Sat, Sep 06 2025 12:40;31.6;48.7;HT_3C71BF28FBD8
Sat, Sep 06 2025 12:50;31.6;48.7;HT_3C71BF28FBD8
Sat, Sep 06 2025 13:00;31.6;48.7;HT_3C71BF28FBD8
Sat, Sep 06 2025 13:10;31.6;48.7;HT_3C71BF28FBD8
Sat, Sep 06 2025 13:20;31.7;48.4;HT_3C71BF28FBD8
Sat, Sep 06 2025 13:30;31.7;48.8;HT_3C71BF28FBD8
Sat, Sep 06 2025 13:40;31.7;48.7;HT_3C71BF28FBD8
Sat, Sep 06 2025 13:50;31.7;48.9;HT_3C71BF28FBD8
Sat, Sep 06 2025 14:00;31.8;48.9;HT_3C71BF28FBD8
Sat, Sep 06 2025 14:10;31.8;49.1;HT_3C71BF28FBD8
Sat, Sep 06 2025 14:20;31.8;49.0;HT_3C71BF28FBD8
Sat, Sep 06 2025 14:30;31.8;49.2;HT_3C71BF28FBD8
Sat, Sep 06 2025 14:40;31.9;49.2;HT_3C71BF28FBD8
Sat, Sep 06 2025 14:50;31.9;49.1;HT_3C71BF28FBD8
Sat, Sep 06 2025 15:00;32.0;49.3;HT_3C71BF28FBD8
Sat, Sep 06 2025 15:10;32.0;49.7;HT_3C71BF28FBD8
Sat, Sep 06 2025 15:20;32.0;49.9;HT_3C71BF28FBD8
Sat, Sep 06 2025 15:30;32.1;50.1;HT_3C71BF28FBD8
Sat, Sep 06 2025 15:40;32.1;50.0;HT_3C71BF28FBD8
Sat, Sep 06 2025 15:50;32.1;49.9;HT_3C71BF28FBD8
Sat, Sep 06 2025 16:00;32.1;49.8;HT_3C71BF28FBD8
Sat, Sep 06 2025 16:10;32.1;49.4;HT_3C71BF28FBD8
Sat, Sep 06 2025 16:20;32.1;49.2;HT_3C71BF28FBD8
Sat, Sep 06 2025 16:30;32.2;49.1;HT_3C71BF28FBD8
Sat, Sep 06 2025 16:40;32.1;49.1;HT_3C71BF28FBD8
Sat, Sep 06 2025 16:50;32.2;49.1;HT_3C71BF28FBD8
Sat, Sep 06 2025 17:00;32.2;48.9;HT_3C71BF28FBD8
Sat, Sep 06 2025 17:10;32.2;49.1;HT_3C71BF28FBD8
Sat, Sep 06 2025 17:20;32.2;49.2;HT_3C71BF28FBD8
Sat, Sep 06 2025 17:30;32.3;49.1;HT_3C71BF28FBD8
Sat, Sep 06 2025 17:40;32.3;49.1;HT_3C71BF28FBD8
Sat, Sep 06 2025 17:50;32.3;49.1;HT_3C71BF28FBD8
Sat, Sep 06 2025 18:00;32.2;49.0;HT_3C71BF28FBD8
Sat, Sep 06 2025 18:10;32.3;48.8;HT_3C71BF28FBD8
Sat, Sep 06 2025 18:20;32.3;48.7;HT_3C71BF28FBD8
Sat, Sep 06 2025 18:30;32.2;48.5;HT_3C71BF28FBD8
Sat, Sep 06 2025 18:40;32.3;48.3;HT_3C71BF28FBD8
Sat, Sep 06 2025 18:50;32.2;48.2;HT_3C71BF28FBD8
Sat, Sep 06 2025 19:00;32.2;48.0;HT_3C71BF28FBD8
Sat, Sep 06 2025 19:10;32.2;47.9;HT_3C71BF28FBD8
Sat, Sep 06 2025 19:20;32.2;47.8;HT_3C71BF28FBD8
Sat, Sep 06 2025 19:30;32.2;47.7;HT_3C71BF28FBD8
Sat, Sep 06 2025 19:40;32.2;47.6;HT_3C71BF28FBD8
Sat, Sep 06 2025 19:50;32.2;47.5;HT_3C71BF28FBD8
Sat, Sep 06 2025 20:00;32.2;47.4;HT_3C71BF28FBD8
Sat, Sep 06 2025 20:10;32.2;47.3;HT_3C71BF28FBD8
Sat, Sep 06 2025 20:20;32.2;47.2;HT_3C71BF28FBD8
Sat, Sep 06 2025 20:30;32.2;47.2;HT_3C71BF28FBD8
Sat, Sep 06 2025 20:40;32.2;47.0;HT_3C71BF28FBD8
Sat, Sep 06 2025 20:50;32.2;46.9;HT_3C71BF28FBD8
Sat, Sep 06 2025 21:00;32.2;46.7;HT_3C71BF28FBD8
Sat, Sep 06 2025 21:10;32.2;46.5;HT_3C71BF28FBD8
Sat, Sep 06 2025 21:20;32.2;46.4;HT_3C71BF28FBD8
Sat, Sep 06 2025 21:30;32.2;46.3;HT_3C71BF28FBD8
Sat, Sep 06 2025 21:40;32.2;46.2;HT_3C71BF28FBD8
Sat, Sep 06 2025 21:50;32.2;46.0;HT_3C71BF28FBD8
Sat, Sep 06 2025 22:00;32.2;46.0;HT_3C71BF28FBD8
Sat, Sep 06 2025 22:10;32.2;45.9;HT_3C71BF28FBD8
Sat, Sep 06 2025 22:20;32.2;45.8;HT_3C71BF28FBD8
Sat, Sep 06 2025 22:30;32.2;45.7;HT_3C71BF28FBD8
Sat, Sep 06 2025 22:40;32.2;45.6;HT_3C71BF28FBD8
Sat, Sep 06 2025 22:50;32.2;45.5;HT_3C71BF28FBD8
Sat, Sep 06 2025 23:00;32.1;45.4;HT_3C71BF28FBD8
Sat, Sep 06 2025 23:10;32.1;45.3;HT_3C71BF28FBD8
Sat, Sep 06 2025 23:20;32.1;45.3;HT_3C71BF28FBD8
Sat, Sep 06 2025 23:30;32.1;45.2;HT_3C71BF28FBD8
Sat, Sep 06 2025 23:40;32.1;45.1;HT_3C71BF28FBD8
Sat, Sep 06 2025 23:50;32.1;45.0;HT_3C71BF28FBD8
Sun, Sep 07 2025 00:00;32.0;45.0;HT_3C71BF28FBD8
Sun, Sep 07 2025 00:10;32.0;44.9;HT_3C71BF28FBD8
Sun, Sep 07 2025 00:20;32.0;44.8;HT_3C71BF28FBD8
Sun, Sep 07 2025 00:30;32.0;44.8;HT_3C71BF28FBD8
Sun, Sep 07 2025 00:40;32.0;44.7;HT_3C71BF28FBD8
Sun, Sep 07 2025 00:50;32.0;44.6;HT_3C71BF28FBD8
Sun, Sep 07 2025 01:00;32.0;44.6;HT_3C71BF28FBD8
Sun, Sep 07 2025 01:10;32.0;44.5;HT_3C71BF28FBD8
Sun, Sep 07 2025 01:20;32.0;44.5;HT_3C71BF28FBD8
Sun, Sep 07 2025 01:30;32.0;44.5;HT_3C71BF28FBD8
Sun, Sep 07 2025 01:40;31.9;44.5;HT_3C71BF28FBD8
Sun, Sep 07 2025 01:50;31.9;44.6;HT_3C71BF28FBD8
Sun, Sep 07 2025 02:00;32.0;44.6;HT_3C71BF28FBD8
Sun, Sep 07 2025 02:10;32.0;44.8;HT_3C71BF28FBD8
Sun, Sep 07 2025 02:20;32.0;44.7;HT_3C71BF28FBD8
Sun, Sep 07 2025 02:30;31.9;44.8;HT_3C71BF28FBD8
Sun, Sep 07 2025 02:40;31.9;44.7;HT_3C71BF28FBD8
Sun, Sep 07 2025 02:50;32.0;44.5;HT_3C71BF28FBD8
Sun, Sep 07 2025 03:00;31.9;44.5;HT_3C71BF28FBD8
Sun, Sep 07 2025 03:10;31.9;44.5;HT_3C71BF28FBD8
Sun, Sep 07 2025 03:20;31.9;44.4;HT_3C71BF28FBD8
Sun, Sep 07 2025 03:30;31.9;44.5;HT_3C71BF28FBD8
Sun, Sep 07 2025 03:40;31.9;44.4;HT_3C71BF28FBD8
Sun, Sep 07 2025 03:50;31.9;44.3;HT_3C71BF28FBD8
Sun, Sep 07 2025 04:00;31.9;44.2;HT_3C71BF28FBD8
Sun, Sep 07 2025 04:10;31.9;44.1;HT_3C71BF28FBD8
Sun, Sep 07 2025 04:20;31.9;44.1;HT_3C71BF28FBD8
Sun, Sep 07 2025 04:30;31.9;44.1;HT_3C71BF28FBD8
Sun, Sep 07 2025 04:40;31.9;43.7;HT_3C71BF28FBD8
Sun, Sep 07 2025 04:50;31.9;42.9;HT_3C71BF28FBD8
Sun, Sep 07 2025 05:00;31.8;42.1;HT_3C71BF28FBD8
Sun, Sep 07 2025 05:10;31.8;41.6;HT_3C71BF28FBD8
Sun, Sep 07 2025 05:20;31.8;40.9;HT_3C71BF28FBD8
Sun, Sep 07 2025 05:30;31.8;40.4;HT_3C71BF28FBD8
Sun, Sep 07 2025 05:40;31.7;40.1;HT_3C71BF28FBD8
Sun, Sep 07 2025 05:50;31.7;39.6;HT_3C71BF28FBD8
Sun, Sep 07 2025 06:00;31.7;39.5;HT_3C71BF28FBD8
Sun, Sep 07 2025 06:10;31.7;39.3;HT_3C71BF28FBD8
Sun, Sep 07 2025 06:20;31.6;39.0;HT_3C71BF28FBD8
Sun, Sep 07 2025 06:30;31.6;38.7;HT_3C71BF28FBD8
Sun, Sep 07 2025 06:40;31.6;38.6;HT_3C71BF28FBD8
Sun, Sep 07 2025 06:50;31.6;38.1;HT_3C71BF28FBD8
Sun, Sep 07 2025 07:00;31.5;38.6;HT_3C71BF28FBD8
Sun, Sep 07 2025 07:10;31.5;40.2;HT_3C71BF28FBD8
Sun, Sep 07 2025 07:20;31.5;38.2;HT_3C71BF28FBD8
Sun, Sep 07 2025 07:30;31.4;36.6;HT_3C71BF28FBD8
Sun, Sep 07 2025 07:40;31.3;35.6;HT_3C71BF28FBD8
Sun, Sep 07 2025 07:50;31.3;35.1;HT_3C71BF28FBD8
Sun, Sep 07 2025 08:00;31.2;34.8;HT_3C71BF28FBD8
Sun, Sep 07 2025 08:10;31.1;34.7;HT_3C71BF28FBD8
Sun, Sep 07 2025 08:20;31.1;35.1;HT_3C71BF28FBD8
Sun, Sep 07 2025 08:30;31.0;35.4;HT_3C71BF28FBD8
Sun, Sep 07 2025 08:40;30.8;35.5;HT_3C71BF28FBD8
Sun, Sep 07 2025 08:50;24.8;40.2;HT_3C71BF28FBD8
Sun, Sep 07 2025 09:00;23.2;41.5;HT_3C71BF28FBD8
Sun, Sep 07 2025 09:10;22.4;42.3;HT_3C71BF28FBD8
Sun, Sep 07 2025 09:20;21.8;42.5;HT_3C71BF28FBD8
Sun, Sep 07 2025 09:30;21.4;43.1;HT_3C71BF28FBD8
Sun, Sep 07 2025 09:40;21.1;43.3;HT_3C71BF28FBD8
Sun, Sep 07 2025 09:50;20.8;44.0;HT_3C71BF28FBD8
Sun, Sep 07 2025 10:10;20.3;43.9;HT_3C71BF28FBD8
Sun, Sep 07 2025 10:20;20.0;45.6;HT_3C71BF28FBD8
Sun, Sep 07 2025 10:30;19.8;44.6;HT_3C71BF28FBD8
Sun, Sep 07 2025 10:40;19.7;44.5;HT_3C71BF28FBD8
Sun, Sep 07 2025 10:50;19.5;44.5;HT_3C71BF28FBD8
Sun, Sep 07 2025 11:00;19.4;44.9;HT_3C71BF28FBD8
Sun, Sep 07 2025 11:10;19.3;45.1;HT_3C71BF28FBD8
Sun, Sep 07 2025 11:20;19.2;46.3;HT_3C71BF28FBD8
Sun, Sep 07 2025 11:30;19.1;45.2;HT_3C71BF28FBD8
Sun, Sep 07 2025 11:40;18.9;46.4;HT_3C71BF28FBD8
Sun, Sep 07 2025 11:50;18.9;46.0;HT_3C71BF28FBD8
Sun, Sep 07 2025 12:00;18.9;46.5;HT_3C71BF28FBD8
Sun, Sep 07 2025 12:10;18.9;46.3;HT_3C71BF28FBD8
Sun, Sep 07 2025 12:20;18.7;46.4;HT_3C71BF28FBD8
Sun, Sep 07 2025 12:30;18.8;47.6;HT_3C71BF28FBD8
Sun, Sep 07 2025 12:40;18.9;48.0;HT_3C71BF28FBD8
Sun, Sep 07 2025 12:50;19.6;49.4;HT_3C71BF28FBD8
Sun, Sep 07 2025 13:00;18.9;49.1;HT_3C71BF28FBD8
Sun, Sep 07 2025 13:10;19.3;47.9;HT_3C71BF28FBD8
Sun, Sep 07 2025 13:20;19.6;48.6;HT_3C71BF28FBD8
Sun, Sep 07 2025 13:30;19.0;48.1;HT_3C71BF28FBD8
Sun, Sep 07 2025 13:40;18.9;48.5;HT_3C71BF28FBD8
Sun, Sep 07 2025 13:50;18.7;48.6;HT_3C71BF28FBD8
Sun, Sep 07 2025 14:00;19.6;51.0;HT_3C71BF28FBD8
Sun, Sep 07 2025 14:10;19.0;49.0;HT_3C71BF28FBD8
Sun, Sep 07 2025 14:20;18.7;48.9;HT_3C71BF28FBD8
Sun, Sep 07 2025 14:30;19.6;51.0;HT_3C71BF28FBD8
Sun, Sep 07 2025 14:40;19.2;50.2;HT_3C71BF28FBD8
Sun, Sep 07 2025 15:30;18.7;49.7;HT_3C71BF28FBD8
Sun, Sep 07 2025 15:40;18.6;49.2;HT_3C71BF28FBD8
Sun, Sep 07 2025 15:50;18.7;50.0;HT_3C71BF28FBD8
Sun, Sep 07 2025 16:00;18.6;50.0;HT_3C71BF28FBD8
Sun, Sep 07 2025 16:10;18.6;50.1;HT_3C71BF28FBD8
Sun, Sep 07 2025 16:20;18.7;50.9;HT_3C71BF28FBD8
Sun, Sep 07 2025 16:30;18.6;51.1;HT_3C71BF28FBD8
Sun, Sep 07 2025 16:40;20.6;54.0;HT_3C71BF28FBD8
Sun, Sep 07 2025 16:50;22.1;52.2;HT_3C71BF28FBD8
Sun, Sep 07 2025 17:00;22.9;52.3;HT_3C71BF28FBD8
Sun, Sep 07 2025 17:10;23.4;51.6;HT_3C71BF28FBD8
Sun, Sep 07 2025 17:20;23.9;51.6;HT_3C71BF28FBD8
Sun, Sep 07 2025 17:30;24.3;51.2;HT_3C71BF28FBD8
Sun, Sep 07 2025 17:40;24.7;50.8;HT_3C71BF28FBD8
Sun, Sep 07 2025 17:50;25.0;50.7;HT_3C71BF28FBD8
Sun, Sep 07 2025 18:00;25.3;50.7;HT_3C71BF28FBD8
Sun, Sep 07 2025 18:10;25.6;50.5;HT_3C71BF28FBD8
Sun, Sep 07 2025 18:20;25.8;49.9;HT_3C71BF28FBD8
Sun, Sep 07 2025 18:30;26.1;49.4;HT_3C71BF28FBD8
Sun, Sep 07 2025 18:40;26.3;48.9;HT_3C71BF28FBD8
Sun, Sep 07 2025 18:50;26.5;48.5;HT_3C71BF28FBD8
Sun, Sep 07 2025 19:00;26.8;48.2;HT_3C71BF28FBD8
Sun, Sep 07 2025 19:10;26.9;47.7;HT_3C71BF28FBD8
Sun, Sep 07 2025 19:20;27.1;47.5;HT_3C71BF28FBD8
Sun, Sep 07 2025 19:30;27.2;46.9;HT_3C71BF28FBD8
Sun, Sep 07 2025 19:40;27.3;46.5;HT_3C71BF28FBD8
Sun, Sep 07 2025 19:50;27.5;46.3;HT_3C71BF28FBD8
Sun, Sep 07 2025 20:00;27.6;45.8;HT_3C71BF28FBD8
Sun, Sep 07 2025 20:10;27.7;45.4;HT_3C71BF28FBD8
Sun, Sep 07 2025 20:20;27.8;45.2;HT_3C71BF28FBD8
Sun, Sep 07 2025 20:30;27.8;44.9;HT_3C71BF28FBD8
Sun, Sep 07 2025 20:40;27.9;44.8;HT_3C71BF28FBD8
Sun, Sep 07 2025 20:50;28.0;44.6;HT_3C71BF28FBD8
Sun, Sep 07 2025 21:00;28.1;44.4;HT_3C71BF28FBD8
Sun, Sep 07 2025 21:10;28.1;44.2;HT_3C71BF28FBD8
Sun, Sep 07 2025 21:20;28.2;44.1;HT_3C71BF28FBD8
Sun, Sep 07 2025 21:30;28.3;44.0;HT_3C71BF28FBD8
Sun, Sep 07 2025 21:40;28.3;43.7;HT_3C71BF28FBD8
Sun, Sep 07 2025 21:50;28.4;43.6;HT_3C71BF28FBD8
Sun, Sep 07 2025 22:00;28.5;43.5;HT_3C71BF28FBD8
Sun, Sep 07 2025 22:10;28.5;43.3;HT_3C71BF28FBD8
Sun, Sep 07 2025 22:20;28.6;43.1;HT_3C71BF28FBD8
Sun, Sep 07 2025 22:30;28.6;42.9;HT_3C71BF28FBD8
Sun, Sep 07 2025 22:40;28.7;42.8;HT_3C71BF28FBD8
Sun, Sep 07 2025 22:50;28.7;42.7;HT_3C71BF28FBD8
Sun, Sep 07 2025 23:00;28.7;42.5;HT_3C71BF28FBD8
Sun, Sep 07 2025 23:10;28.8;42.4;HT_3C71BF28FBD8
Sun, Sep 07 2025 23:20;28.8;42.2;HT_3C71BF28FBD8
Sun, Sep 07 2025 23:30;28.9;42.2;HT_3C71BF28FBD8
Sun, Sep 07 2025 23:40;28.9;42.0;HT_3C71BF28FBD8
Sun, Sep 07 2025 23:50;28.9;41.9;HT_3C71BF28FBD8
Mon, Sep 08 2025 00:00;28.9;41.8;HT_3C71BF28FBD8
Mon, Sep 08 2025 00:10;29.0;41.7;HT_3C71BF28FBD8
Mon, Sep 08 2025 00:20;29.0;41.7;HT_3C71BF28FBD8
Mon, Sep 08 2025 00:30;29.0;41.6;HT_3C71BF28FBD8
Mon, Sep 08 2025 00:40;29.0;41.5;HT_3C71BF28FBD8
Mon, Sep 08 2025 00:50;29.0;41.3;HT_3C71BF28FBD8
Mon, Sep 08 2025 01:00;29.0;41.3;HT_3C71BF28FBD8
Mon, Sep 08 2025 01:10;29.0;41.3;HT_3C71BF28FBD8
Mon, Sep 08 2025 01:20;29.0;41.1;HT_3C71BF28FBD8
Mon, Sep 08 2025 01:30;29.0;41.1;HT_3C71BF28FBD8
Mon, Sep 08 2025 01:40;29.0;41.0;HT_3C71BF28FBD8
Mon, Sep 08 2025 01:50;29.0;41.0;HT_3C71BF28FBD8
Mon, Sep 08 2025 02:00;29.0;41.0;HT_3C71BF28FBD8
Mon, Sep 08 2025 02:10;29.0;40.8;HT_3C71BF28FBD8
Mon, Sep 08 2025 02:20;29.0;40.7;HT_3C71BF28FBD8
Mon, Sep 08 2025 02:30;29.0;40.6;HT_3C71BF28FBD8
Mon, Sep 08 2025 02:40;29.0;40.5;HT_3C71BF28FBD8
Mon, Sep 08 2025 02:50;29.0;40.3;HT_3C71BF28FBD8
Mon, Sep 08 2025 03:00;29.0;40.4;HT_3C71BF28FBD8
Mon, Sep 08 2025 03:10;29.0;40.3;HT_3C71BF28FBD8
Mon, Sep 08 2025 03:20;28.9;40.3;HT_3C71BF28FBD8
Mon, Sep 08 2025 03:30;29.0;40.3;HT_3C71BF28FBD8
Mon, Sep 08 2025 03:40;29.0;40.2;HT_3C71BF28FBD8
Mon, Sep 08 2025 03:50;29.0;40.2;HT_3C71BF28FBD8
Mon, Sep 08 2025 04:00;29.0;40.3;HT_3C71BF28FBD8
Mon, Sep 08 2025 04:10;29.0;40.5;HT_3C71BF28FBD8
Mon, Sep 08 2025 04:20;29.0;40.5;HT_3C71BF28FBD8
Mon, Sep 08 2025 04:30;29.0;40.3;HT_3C71BF28FBD8
Mon, Sep 08 2025 04:40;29.0;39.8;HT_3C71BF28FBD8
Mon, Sep 08 2025 04:50;29.0;39.3;HT_3C71BF28FBD8
Mon, Sep 08 2025 05:00;29.0;38.8;HT_3C71BF28FBD8
Mon, Sep 08 2025 05:10;29.0;38.5;HT_3C71BF28FBD8
Mon, Sep 08 2025 05:20;29.0;38.4;HT_3C71BF28FBD8
Mon, Sep 08 2025 05:30;29.0;38.0;HT_3C71BF28FBD8
Mon, Sep 08 2025 05:40;29.0;37.8;HT_3C71BF28FBD8
Mon, Sep 08 2025 05:50;28.9;37.7;HT_3C71BF28FBD8
Mon, Sep 08 2025 06:00;28.9;37.6;HT_3C71BF28FBD8
Mon, Sep 08 2025 06:10;28.9;37.4;HT_3C71BF28FBD8
Mon, Sep 08 2025 06:20;28.9;37.3;HT_3C71BF28FBD8
Mon, Sep 08 2025 06:30;28.8;37.5;HT_3C71BF28FBD8
Mon, Sep 08 2025 06:40;28.8;37.1;HT_3C71BF28FBD8
Mon, Sep 08 2025 06:50;23.6;42.4;HT_3C71BF28FBD8
Mon, Sep 08 2025 07:00;21.7;43.2;HT_3C71BF28FBD8
Mon, Sep 08 2025 07:10;21.2;44.2;HT_3C71BF28FBD8
Mon, Sep 08 2025 07:20;20.8;45.9;HT_3C71BF28FBD8
Mon, Sep 08 2025 07:30;20.5;45.7;HT_3C71BF28FBD8
Mon, Sep 08 2025 07:40;20.3;45.9;HT_3C71BF28FBD8
Mon, Sep 08 2025 07:50;20.2;46.3;HT_3C71BF28FBD8
Mon, Sep 08 2025 08:00;20.0;46.7;HT_3C71BF28FBD8
Mon, Sep 08 2025 08:10;19.9;48.3;HT_3C71BF28FBD8
Mon, Sep 08 2025 08:20;19.8;49.9;HT_3C71BF28FBD8
Mon, Sep 08 2025 08:25;19.7;49.2;HT_3C71BF28FBD8
Mon, Sep 08 2025 08:26;19.7;48.6;HT_3C71BF28FBD8
Mon, Sep 08 2025 08:33;19.6;49.0;HT_3C71BF28FBD8
Mon, Sep 08 2025 08:33;19.7;48.8;HT_3C71BF28FBD8
Mon, Sep 08 2025 08:43;19.6;48.9;HT_3C71BF28FBD8
Mon, Sep 08 2025 08:53;22.4;50.2;HT_3C71BF28FBD8
Mon, Sep 08 2025 09:03;23.9;58.0;HT_3C71BF28FBD8
Mon, Sep 08 2025 09:13;23.9;66.2;HT_3C71BF28FBD8
Mon, Sep 08 2025 09:23;24.6;60.6;HT_3C71BF28FBD8
Mon, Sep 08 2025 09:33;25.2;54.6;HT_3C71BF28FBD8
Mon, Sep 08 2025 09:43;25.5;50.3;HT_3C71BF28FBD8
Mon, Sep 08 2025 09:53;25.9;47.9;HT_3C71BF28FBD8
Mon, Sep 08 2025 10:03;24.5;52.4;HT_3C71BF28FBD8
Mon, Sep 08 2025 10:13;25.8;49.1;HT_3C71BF28FBD8
Mon, Sep 08 2025 10:23;24.6;50.4;HT_3C71BF28FBD8
Mon, Sep 08 2025 10:33;25.7;48.1;HT_3C71BF28FBD8
Mon, Sep 08 2025 10:43;24.8;51.7;HT_3C71BF28FBD8
Mon, Sep 08 2025 10:53;24.2;52.4;HT_3C71BF28FBD8
Mon, Sep 08 2025 11:03;23.6;54.7;HT_3C71BF28FBD8
Mon, Sep 08 2025 11:13;23.6;56.3;HT_3C71BF28FBD8
Mon, Sep 08 2025 11:23;23.6;55.0;HT_3C71BF28FBD8
Mon, Sep 08 2025 11:33;23.6;54.5;HT_3C71BF28FBD8
Mon, Sep 08 2025 11:43;23.9;54.6;HT_3C71BF28FBD8
Mon, Sep 08 2025 11:53;24.1;54.9;HT_3C71BF28FBD8
Mon, Sep 08 2025 12:03;24.2;53.5;HT_3C71BF28FBD8
Mon, Sep 08 2025 12:13;24.4;51.7;HT_3C71BF28FBD8
Mon, Sep 08 2025 12:23;24.2;49.8;HT_3C71BF28FBD8
Mon, Sep 08 2025 12:33;23.9;48.8;HT_3C71BF28FBD8
Mon, Sep 08 2025 12:43;23.7;53.0;HT_3C71BF28FBD8
Mon, Sep 08 2025 12:53;23.7;55.0;HT_3C71BF28FBD8
Mon, Sep 08 2025 13:03;23.8;55.3;HT_3C71BF28FBD8
Mon, Sep 08 2025 13:13;24.1;54.7;HT_3C71BF28FBD8
Mon, Sep 08 2025 13:23;24.5;52.6;HT_3C71BF28FBD8
Mon, Sep 08 2025 13:33;24.4;48.6;HT_3C71BF28FBD8
Mon, Sep 08 2025 13:43;24.0;49.0;HT_3C71BF28FBD8
Mon, Sep 08 2025 13:53;23.7;52.0;HT_3C71BF28FBD8
Mon, Sep 08 2025 14:03;23.8;57.3;HT_3C71BF28FBD8
Mon, Sep 08 2025 14:13;23.9;57.4;HT_3C71BF28FBD8
Mon, Sep 08 2025 14:23;24.1;56.0;HT_3C71BF28FBD8
Mon, Sep 08 2025 14:34;24.3;55.8;HT_3C71BF28FBD8
Mon, Sep 08 2025 14:44;24.5;53.5;HT_3C71BF28FBD8
Mon, Sep 08 2025 14:54;24.2;50.9;HT_3C71BF28FBD8
Mon, Sep 08 2025 15:04;23.8;51.0;HT_3C71BF28FBD8
Mon, Sep 08 2025 15:14;23.8;58.3;HT_3C71BF28FBD8
Mon, Sep 08 2025 15:24;24.0;60.6;HT_3C71BF28FBD8
Mon, Sep 08 2025 15:34;24.0;57.9;HT_3C71BF28FBD8
Mon, Sep 08 2025 15:44;24.2;56.4;HT_3C71BF28FBD8
Mon, Sep 08 2025 15:54;24.5;55.4;HT_3C71BF28FBD8
Mon, Sep 08 2025 16:04;24.3;51.3;HT_3C71BF28FBD8
Mon, Sep 08 2025 16:14;24.0;49.4;HT_3C71BF28FBD8
Mon, Sep 08 2025 16:24;25.1;51.0;HT_3C71BF28FBD8
Mon, Sep 08 2025 16:34;26.5;46.4;HT_3C71BF28FBD8
Mon, Sep 08 2025 16:44;27.0;45.5;HT_3C71BF28FBD8
Mon, Sep 08 2025 16:54;27.2;45.5;HT_3C71BF28FBD8
Mon, Sep 08 2025 17:04;27.5;45.7;HT_3C71BF28FBD8
Mon, Sep 08 2025 17:14;27.7;46.5;HT_3C71BF28FBD8
Mon, Sep 08 2025 17:24;27.8;46.7;HT_3C71BF28FBD8
Mon, Sep 08 2025 17:34;27.9;47.0;HT_3C71BF28FBD8
Mon, Sep 08 2025 17:54;28.1;47.4;HT_3C71BF28FBD8
Mon, Sep 08 2025 18:24;28.3;48.5;HT_3C71BF28FBD8
Mon, Sep 08 2025 18:34;28.4;48.7;HT_3C71BF28FBD8
Mon, Sep 08 2025 18:44;28.5;48.7;HT_3C71BF28FBD8
Mon, Sep 08 2025 18:54;28.6;48.8;HT_3C71BF28FBD8
Mon, Sep 08 2025 19:04;28.7;48.8;HT_3C71BF28FBD8
Mon, Sep 08 2025 19:14;28.8;48.9;HT_3C71BF28FBD8
Mon, Sep 08 2025 19:24;28.8;48.8;HT_3C71BF28FBD8
Mon, Sep 08 2025 19:34;28.9;48.8;HT_3C71BF28FBD8
Mon, Sep 08 2025 19:44;28.9;48.8;HT_3C71BF28FBD8
Mon, Sep 08 2025 19:54;29.0;48.7;HT_3C71BF28FBD8
Mon, Sep 08 2025 20:04;29.1;48.6;HT_3C71BF28FBD8
Mon, Sep 08 2025 20:14;29.2;48.3;HT_3C71BF28FBD8
Mon, Sep 08 2025 20:24;29.2;48.2;HT_3C71BF28FBD8
Mon, Sep 08 2025 20:34;29.3;48.0;HT_3C71BF28FBD8
Mon, Sep 08 2025 20:44;29.3;48.1;HT_3C71BF28FBD8
Mon, Sep 08 2025 20:54;29.3;48.1;HT_3C71BF28FBD8
Mon, Sep 08 2025 21:04;29.4;47.9;HT_3C71BF28FBD8
Mon, Sep 08 2025 21:14;29.4;47.8;HT_3C71BF28FBD8
Mon, Sep 08 2025 21:24;29.5;47.6;HT_3C71BF28FBD8
Mon, Sep 08 2025 21:34;29.5;47.4;HT_3C71BF28FBD8
Mon, Sep 08 2025 21:44;29.6;47.2;HT_3C71BF28FBD8
Mon, Sep 08 2025 21:54;29.6;47.1;HT_3C71BF28FBD8
Mon, Sep 08 2025 22:04;29.6;46.9;HT_3C71BF28FBD8
Mon, Sep 08 2025 22:14;29.7;46.7;HT_3C71BF28FBD8
Mon, Sep 08 2025 22:24;29.7;46.6;HT_3C71BF28FBD8
Mon, Sep 08 2025 22:34;29.7;46.4;HT_3C71BF28FBD8
Mon, Sep 08 2025 22:44;29.8;46.3;HT_3C71BF28FBD8
Mon, Sep 08 2025 22:54;29.8;46.3;HT_3C71BF28FBD8
Mon, Sep 08 2025 23:04;29.8;46.3;HT_3C71BF28FBD8
Mon, Sep 08 2025 23:14;29.8;46.1;HT_3C71BF28FBD8
Mon, Sep 08 2025 23:24;29.8;46.1;HT_3C71BF28FBD8
Mon, Sep 08 2025 23:34;29.9;46.2;HT_3C71BF28FBD8
Mon, Sep 08 2025 23:44;29.9;46.1;HT_3C71BF28FBD8
Mon, Sep 08 2025 23:54;29.9;45.9;HT_3C71BF28FBD8
Tue, Sep 09 2025 00:04;29.9;46.0;HT_3C71BF28FBD8
Tue, Sep 09 2025 00:14;29.9;45.9;HT_3C71BF28FBD8
Tue, Sep 09 2025 00:24;29.9;46.0;HT_3C71BF28FBD8
Tue, Sep 09 2025 00:34;30.0;46.0;HT_3C71BF28FBD8
Tue, Sep 09 2025 00:44;30.0;45.8;HT_3C71BF28FBD8
Tue, Sep 09 2025 00:54;29.9;45.7;HT_3C71BF28FBD8
Tue, Sep 09 2025 01:04;29.9;45.7;HT_3C71BF28FBD8
Tue, Sep 09 2025 01:14;30.0;45.4;HT_3C71BF28FBD8
Tue, Sep 09 2025 01:24;30.0;45.5;HT_3C71BF28FBD8
Tue, Sep 09 2025 01:34;30.0;45.3;HT_3C71BF28FBD8
Tue, Sep 09 2025 01:44;30.0;45.3;HT_3C71BF28FBD8
Tue, Sep 09 2025 01:54;30.0;45.3;HT_3C71BF28FBD8
Tue, Sep 09 2025 02:04;30.0;45.2;HT_3C71BF28FBD8
Tue, Sep 09 2025 02:14;30.0;45.0;HT_3C71BF28FBD8
Tue, Sep 09 2025 02:24;30.0;44.8;HT_3C71BF28FBD8
Tue, Sep 09 2025 02:34;30.0;44.6;HT_3C71BF28FBD8
Tue, Sep 09 2025 02:44;30.0;44.4;HT_3C71BF28FBD8
Tue, Sep 09 2025 02:54;30.0;44.3;HT_3C71BF28FBD8
Tue, Sep 09 2025 03:04;30.0;44.2;HT_3C71BF28FBD8
Tue, Sep 09 2025 03:14;30.0;44.2;HT_3C71BF28FBD8
Tue, Sep 09 2025 03:24;30.0;44.0;HT_3C71BF28FBD8
Tue, Sep 09 2025 03:34;30.0;44.0;HT_3C71BF28FBD8
Tue, Sep 09 2025 03:44;30.0;43.9;HT_3C71BF28FBD8
Tue, Sep 09 2025 03:54;30.0;43.8;HT_3C71BF28FBD8
Tue, Sep 09 2025 04:04;30.0;43.8;HT_3C71BF28FBD8
Tue, Sep 09 2025 04:14;30.0;43.7;HT_3C71BF28FBD8
Tue, Sep 09 2025 04:24;30.0;43.6;HT_3C71BF28FBD8
Tue, Sep 09 2025 04:34;30.0;43.6;HT_3C71BF28FBD8
Tue, Sep 09 2025 04:44;30.0;43.2;HT_3C71BF28FBD8
Tue, Sep 09 2025 04:54;30.0;42.9;HT_3C71BF28FBD8
Tue, Sep 09 2025 05:04;29.9;42.6;HT_3C71BF28FBD8
Tue, Sep 09 2025 05:14;30.0;42.5;HT_3C71BF28FBD8
Tue, Sep 09 2025 05:24;29.9;42.3;HT_3C71BF28FBD8
Tue, Sep 09 2025 05:34;29.9;42.4;HT_3C71BF28FBD8
Tue, Sep 09 2025 05:44;29.8;42.3;HT_3C71BF28FBD8
Tue, Sep 09 2025 05:54;29.8;41.6;HT_3C71BF28FBD8
Tue, Sep 09 2025 06:04;29.8;41.1;HT_3C71BF28FBD8
Tue, Sep 09 2025 06:14;29.8;41.3;HT_3C71BF28FBD8
Tue, Sep 09 2025 06:24;29.8;41.6;HT_3C71BF28FBD8
Tue, Sep 09 2025 06:34;29.8;41.7;HT_3C71BF28FBD8
Tue, Sep 09 2025 06:44;26.9;48.1;HT_3C71BF28FBD8
Tue, Sep 09 2025 06:54;25.1;53.0;HT_3C71BF28FBD8
Tue, Sep 09 2025 07:04;25.2;57.4;HT_3C71BF28FBD8
Tue, Sep 09 2025 07:14;24.9;51.3;HT_3C71BF28FBD8
Tue, Sep 09 2025 07:24;24.4;53.6;HT_3C71BF28FBD8
Tue, Sep 09 2025 07:34;24.6;57.0;HT_3C71BF28FBD8
Tue, Sep 09 2025 07:44;24.2;51.1;HT_3C71BF28FBD8
Tue, Sep 09 2025 07:54;24.1;58.4;HT_3C71BF28FBD8
Tue, Sep 09 2025 08:04;23.7;57.0;HT_3C71BF28FBD8
Tue, Sep 09 2025 08:14;23.8;54.4;HT_3C71BF28FBD8
Tue, Sep 09 2025 08:24;23.9;60.6;HT_3C71BF28FBD8
Tue, Sep 09 2025 08:34;23.6;57.6;HT_3C71BF28FBD8
Tue, Sep 09 2025 08:44;23.7;55.9;HT_3C71BF28FBD8
Tue, Sep 09 2025 08:54;23.7;60.5;HT_3C71BF28FBD8
Tue, Sep 09 2025 09:04;23.3;56.9;HT_3C71BF28FBD8
Tue, Sep 09 2025 09:14;23.4;55.1;HT_3C71BF28FBD8
Tue, Sep 09 2025 09:24;23.3;58.9;HT_3C71BF28FBD8
Tue, Sep 09 2025 09:34;23.2;53.8;HT_3C71BF28FBD8
Tue, Sep 09 2025 09:44;23.1;58.9;HT_3C71BF28FBD8
Tue, Sep 09 2025 09:54;23.2;56.9;HT_3C71BF28FBD8
Tue, Sep 09 2025 10:04;22.9;58.9;HT_3C71BF28FBD8
Tue, Sep 09 2025 10:14;23.2;56.8;HT_3C71BF28FBD8
Tue, Sep 09 2025 10:24;23.1;60.1;HT_3C71BF28FBD8
Tue, Sep 09 2025 10:34;23.1;56.3;HT_3C71BF28FBD8
Tue, Sep 09 2025 10:44;23.0;59.6;HT_3C71BF28FBD8
Tue, Sep 09 2025 10:54;23.2;58.7;HT_3C71BF28FBD8
Tue, Sep 09 2025 11:04;22.9;60.0;HT_3C71BF28FBD8
Tue, Sep 09 2025 11:14;23.1;59.8;HT_3C71BF28FBD8
Tue, Sep 09 2025 11:24;22.7;57.0;HT_3C71BF28FBD8
Tue, Sep 09 2025 11:34;23.0;60.4;HT_3C71BF28FBD8
Tue, Sep 09 2025 11:44;23.0;55.2;HT_3C71BF28FBD8
Tue, Sep 09 2025 11:54;22.8;58.9;HT_3C71BF28FBD8
Tue, Sep 09 2025 12:04;23.1;60.6;HT_3C71BF28FBD8
Tue, Sep 09 2025 12:14;22.7;54.4;HT_3C71BF28FBD8
Tue, Sep 09 2025 12:24;23.2;57.8;HT_3C71BF28FBD8
Tue, Sep 09 2025 12:34;22.9;59.6;HT_3C71BF28FBD8
Tue, Sep 09 2025 12:44;23.1;54.2;HT_3C71BF28FBD8
Tue, Sep 09 2025 12:54;23.0;58.1;HT_3C71BF28FBD8
Tue, Sep 09 2025 13:04;23.0;53.9;HT_3C71BF28FBD8
Tue, Sep 09 2025 13:14;23.1;59.1;HT_3C71BF28FBD8
Tue, Sep 09 2025 13:24;22.9;51.9;HT_3C71BF28FBD8
Tue, Sep 09 2025 13:34;23.1;58.1;HT_3C71BF28FBD8
Tue, Sep 09 2025 13:44;22.9;52.4;HT_3C71BF28FBD8
Tue, Sep 09 2025 13:54;23.2;58.2;HT_3C71BF28FBD8
Tue, Sep 09 2025 14:04;22.9;57.4;HT_3C71BF28FBD8
Tue, Sep 09 2025 14:14;23.1;55.3;HT_3C71BF28FBD8
Tue, Sep 09 2025 14:24;23.0;58.6;HT_3C71BF28FBD8
Tue, Sep 09 2025 14:34;23.0;53.8;HT_3C71BF28FBD8
Tue, Sep 09 2025 14:44;23.1;60.2;HT_3C71BF28FBD8
Tue, Sep 09 2025 14:54;22.8;53.1;HT_3C71BF28FBD8
Tue, Sep 09 2025 15:04;23.1;59.9;HT_3C71BF28FBD8
Tue, Sep 09 2025 15:14;22.8;59.2;HT_3C71BF28FBD8
Tue, Sep 09 2025 15:24;23.0;55.4;HT_3C71BF28FBD8
Tue, Sep 09 2025 15:34;23.0;60.4;HT_3C71BF28FBD8
Tue, Sep 09 2025 15:44;22.7;52.0;HT_3C71BF28FBD8
Tue, Sep 09 2025 15:54;23.2;58.7;HT_3C71BF28FBD8
Tue, Sep 09 2025 16:04;22.7;57.9;HT_3C71BF28FBD8
Tue, Sep 09 2025 16:14;23.0;54.6;HT_3C71BF28FBD8
Tue, Sep 09 2025 16:24;23.7;52.9;HT_3C71BF28FBD8
Tue, Sep 09 2025 16:34;25.6;48.8;HT_3C71BF28FBD8
Tue, Sep 09 2025 16:44;26.4;47.8;HT_3C71BF28FBD8
Tue, Sep 09 2025 16:54;26.8;48.6;HT_3C71BF28FBD8
Tue, Sep 09 2025 17:04;27.1;48.9;HT_3C71BF28FBD8
Tue, Sep 09 2025 17:14;27.3;49.2;HT_3C71BF28FBD8
Tue, Sep 09 2025 17:24;27.5;49.2;HT_3C71BF28FBD8
Tue, Sep 09 2025 17:34;27.6;49.4;HT_3C71BF28FBD8
Tue, Sep 09 2025 17:44;27.7;49.2;HT_3C71BF28FBD8
Tue, Sep 09 2025 17:54;27.9;48.9;HT_3C71BF28FBD8
Tue, Sep 09 2025 18:04;28.0;48.9;HT_3C71BF28FBD8
Tue, Sep 09 2025 18:14;28.1;48.7;HT_3C71BF28FBD8
Tue, Sep 09 2025 18:24;28.2;48.9;HT_3C71BF28FBD8
Tue, Sep 09 2025 18:34;28.3;48.9;HT_3C71BF28FBD8
Tue, Sep 09 2025 18:44;28.4;48.7;HT_3C71BF28FBD8
Tue, Sep 09 2025 18:54;28.5;48.5;HT_3C71BF28FBD8
Tue, Sep 09 2025 19:04;28.6;48.3;HT_3C71BF28FBD8
Tue, Sep 09 2025 19:14;28.6;48.2;HT_3C71BF28FBD8
Tue, Sep 09 2025 19:24;28.7;48.1;HT_3C71BF28FBD8
Tue, Sep 09 2025 19:34;28.8;47.9;HT_3C71BF28FBD8
Tue, Sep 09 2025 19:44;28.8;47.7;HT_3C71BF28FBD8
Tue, Sep 09 2025 19:54;28.9;47.6;HT_3C71BF28FBD8
Tue, Sep 09 2025 20:04;29.0;47.4;HT_3C71BF28FBD8
Tue, Sep 09 2025 20:14;29.0;47.2;HT_3C71BF28FBD8
Tue, Sep 09 2025 20:24;29.1;47.1;HT_3C71BF28FBD8
Tue, Sep 09 2025 20:34;29.1;46.8;HT_3C71BF28FBD8
Tue, Sep 09 2025 20:44;29.2;46.8;HT_3C71BF28FBD8
Tue, Sep 09 2025 20:54;29.3;46.6;HT_3C71BF28FBD8
Tue, Sep 09 2025 21:04;29.3;46.4;HT_3C71BF28FBD8
Tue, Sep 09 2025 21:14;29.4;46.2;HT_3C71BF28FBD8
Tue, Sep 09 2025 21:24;29.4;46.1;HT_3C71BF28FBD8
Tue, Sep 09 2025 21:34;29.4;46.1;HT_3C71BF28FBD8
Tue, Sep 09 2025 21:44;29.5;45.9;HT_3C71BF28FBD8
Tue, Sep 09 2025 21:54;29.5;45.8;HT_3C71BF28FBD8
Tue, Sep 09 2025 22:04;29.5;45.7;HT_3C71BF28FBD8
Tue, Sep 09 2025 22:14;29.6;45.6;HT_3C71BF28FBD8
Tue, Sep 09 2025 22:24;29.6;45.4;HT_3C71BF28FBD8
Tue, Sep 09 2025 22:34;29.6;45.2;HT_3C71BF28FBD8
Tue, Sep 09 2025 22:44;29.7;45.1;HT_3C71BF28FBD8
Tue, Sep 09 2025 22:54;29.7;45.1;HT_3C71BF28FBD8
Tue, Sep 09 2025 22:59;29.7;44.9;HT_3C71BF28FBD8
Tue, Sep 09 2025 23:04;29.7;44.8;HT_3C71BF28FBD8
Tue, Sep 09 2025 23:14;29.7;44.7;HT_3C71BF28FBD8
Tue, Sep 09 2025 23:24;29.8;44.6;HT_3C71BF28FBD8
Tue, Sep 09 2025 23:34;29.8;44.5;HT_3C71BF28FBD8
Tue, Sep 09 2025 23:44;29.8;44.3;HT_3C71BF28FBD8
Tue, Sep 09 2025 23:54;29.8;44.2;HT_3C71BF28FBD8
Wed, Sep 10 2025 00:04;29.8;44.0;HT_3C71BF28FBD8
Wed, Sep 10 2025 00:14;29.9;43.8;HT_3C71BF28FBD8
Wed, Sep 10 2025 00:24;29.9;43.7;HT_3C71BF28FBD8
Wed, Sep 10 2025 00:34;29.9;43.6;HT_3C71BF28FBD8
Wed, Sep 10 2025 00:44;29.9;43.5;HT_3C71BF28FBD8
Wed, Sep 10 2025 00:54;29.9;43.5;HT_3C71BF28FBD8
Wed, Sep 10 2025 01:04;29.9;43.4;HT_3C71BF28FBD8
Wed, Sep 10 2025 01:14;29.9;43.4;HT_3C71BF28FBD8
Wed, Sep 10 2025 01:24;29.9;43.2;HT_3C71BF28FBD8
Wed, Sep 10 2025 01:34;29.9;43.2;HT_3C71BF28FBD8
Wed, Sep 10 2025 01:44;29.9;43.1;HT_3C71BF28FBD8
Wed, Sep 10 2025 01:54;29.9;43.1;HT_3C71BF28FBD8
Wed, Sep 10 2025 02:04;29.9;43.0;HT_3C71BF28FBD8
Wed, Sep 10 2025 02:14;29.9;42.9;HT_3C71BF28FBD8
Wed, Sep 10 2025 02:24;29.9;42.8;HT_3C71BF28FBD8
Wed, Sep 10 2025 02:34;29.9;42.8;HT_3C71BF28FBD8
Wed, Sep 10 2025 02:44;29.9;42.7;HT_3C71BF28FBD8
Wed, Sep 10 2025 02:54;29.9;42.5;HT_3C71BF28FBD8
Wed, Sep 10 2025 03:04;29.9;42.6;HT_3C71BF28FBD8
Wed, Sep 10 2025 03:14;29.9;42.6;HT_3C71BF28FBD8
Wed, Sep 10 2025 03:24;29.9;42.4;HT_3C71BF28FBD8
Wed, Sep 10 2025 07:06;24.2;48.6;HT_3C71BF28FBD8
Wed, Sep 10 2025 07:16;24.2;53.9;HT_3C71BF28FBD8
Wed, Sep 10 2025 07:26;23.6;53.0;HT_3C71BF28FBD8
Wed, Sep 10 2025 07:36;23.4;49.0;HT_3C71BF28FBD8
Wed, Sep 10 2025 07:46;23.5;55.6;HT_3C71BF28FBD8
Wed, Sep 10 2025 07:56;23.0;53.3;HT_3C71BF28FBD8
Wed, Sep 10 2025 08:06;23.2;53.7;HT_3C71BF28FBD8
Wed, Sep 10 2025 08:16;22.8;55.9;HT_3C71BF28FBD8
Wed, Sep 10 2025 08:26;23.1;56.7;HT_3C71BF28FBD8
Wed, Sep 10 2025 08:36;22.8;59.0;HT_3C71BF28FBD8
Wed, Sep 10 2025 08:46;23.1;56.4;HT_3C71BF28FBD8
Wed, Sep 10 2025 08:56;22.8;56.9;HT_3C71BF28FBD8
Wed, Sep 10 2025 09:06;23.2;57.4;HT_3C71BF28FBD8
Wed, Sep 10 2025 09:16;22.7;49.9;HT_3C71BF28FBD8
Wed, Sep 10 2025 09:26;23.0;57.8;HT_3C71BF28FBD8
Wed, Sep 10 2025 09:36;23.0;52.1;HT_3C71BF28FBD8
Wed, Sep 10 2025 09:46;22.9;57.5;HT_3C71BF28FBD8
Wed, Sep 10 2025 09:56;23.1;53.9;HT_3C71BF28FBD8
Wed, Sep 10 2025 10:06;22.7;55.0;HT_3C71BF28FBD8
Wed, Sep 10 2025 10:16;23.0;56.7;HT_3C71BF28FBD8
Wed, Sep 10 2025 10:26;22.7;52.8;HT_3C71BF28FBD8
Wed, Sep 10 2025 10:36;22.8;58.7;HT_3C71BF28FBD8
Wed, Sep 10 2025 10:46;23.0;53.0;HT_3C71BF28FBD8
Wed, Sep 10 2025 10:56;22.7;56.8;HT_3C71BF28FBD8
Wed, Sep 10 2025 11:06;23.1;54.6;HT_3C71BF28FBD8
Wed, Sep 10 2025 11:16;22.6;54.8;HT_3C71BF28FBD8
Wed, Sep 10 2025 11:26;23.0;56.9;HT_3C71BF28FBD8
Wed, Sep 10 2025 11:36;22.6;49.6;HT_3C71BF28FBD8
Wed, Sep 10 2025 11:46;22.9;56.3;HT_3C71BF28FBD8
Wed, Sep 10 2025 11:56;22.7;49.7;HT_3C71BF28FBD8
Wed, Sep 10 2025 12:06;22.8;56.8;HT_3C71BF28FBD8
Wed, Sep 10 2025 12:16;22.8;50.9;HT_3C71BF28FBD8
Wed, Sep 10 2025 12:26;22.8;57.3;HT_3C71BF28FBD8
Wed, Sep 10 2025 12:36;22.9;51.9;HT_3C71BF28FBD8
Wed, Sep 10 2025 12:46;22.8;58.2;HT_3C71BF28FBD8
Wed, Sep 10 2025 12:56;22.9;53.0;HT_3C71BF28FBD8
Wed, Sep 10 2025 13:06;22.6;56.6;HT_3C71BF28FBD8
Wed, Sep 10 2025 13:26;22.5;55.8;HT_3C71BF28FBD8
Wed, Sep 10 2025 13:36;23.0;54.4;HT_3C71BF28FBD8
Wed, Sep 10 2025 13:46;22.6;55.4;HT_3C71BF28FBD8
Wed, Sep 10 2025 13:56;23.0;54.6;HT_3C71BF28FBD8
Wed, Sep 10 2025 14:06;22.5;53.0;HT_3C71BF28FBD8
Wed, Sep 10 2025 14:16;22.9;55.0;HT_3C71BF28FBD8
Wed, Sep 10 2025 14:26;22.5;53.2;HT_3C71BF28FBD8
Wed, Sep 10 2025 14:36;22.9;55.1;HT_3C71BF28FBD8
Wed, Sep 10 2025 14:46;22.4;49.8;HT_3C71BF28FBD8
Wed, Sep 10 2025 14:56;22.8;55.7;HT_3C71BF28FBD8
Wed, Sep 10 2025 15:06;22.4;49.3;HT_3C71BF28FBD8
Wed, Sep 10 2025 15:16;22.7;55.5;HT_3C71BF28FBD8
Wed, Sep 10 2025 15:26;22.5;49.8;HT_3C71BF28FBD8
Wed, Sep 10 2025 15:36;22.4;56.4;HT_3C71BF28FBD8
Wed, Sep 10 2025 15:46;22.6;50.9;HT_3C71BF28FBD8
Wed, Sep 10 2025 15:56;22.3;55.7;HT_3C71BF28FBD8
Wed, Sep 10 2025 16:06;22.8;52.3;HT_3C71BF28FBD8
Wed, Sep 10 2025 16:16;22.5;55.8;HT_3C71BF28FBD8
Wed, Sep 10 2025 16:26;23.7;48.7;HT_3C71BF28FBD8
Wed, Sep 10 2025 16:36;25.3;46.2;HT_3C71BF28FBD8
Wed, Sep 10 2025 16:46;26.0;45.4;HT_3C71BF28FBD8
Wed, Sep 10 2025 16:56;26.4;46.1;HT_3C71BF28FBD8
Wed, Sep 10 2025 17:06;26.7;46.3;HT_3C71BF28FBD8
Wed, Sep 10 2025 17:16;26.8;46.6;HT_3C71BF28FBD8
Wed, Sep 10 2025 17:26;27.0;46.8;HT_3C71BF28FBD8
Wed, Sep 10 2025 17:36;27.2;47.0;HT_3C71BF28FBD8
Wed, Sep 10 2025 17:46;27.3;47.0;HT_3C71BF28FBD8
Wed, Sep 10 2025 17:56;27.4;46.9;HT_3C71BF28FBD8
Wed, Sep 10 2025 18:06;27.6;47.0;HT_3C71BF28FBD8
Wed, Sep 10 2025 18:16;27.7;47.2;HT_3C71BF28FBD8
Wed, Sep 10 2025 18:26;27.8;47.3;HT_3C71BF28FBD8
Wed, Sep 10 2025 18:36;27.9;47.2;HT_3C71BF28FBD8
Wed, Sep 10 2025 18:46;28.0;47.1;HT_3C71BF28FBD8
Wed, Sep 10 2025 18:56;28.1;46.9;HT_3C71BF28FBD8
Wed, Sep 10 2025 19:06;28.2;46.7;HT_3C71BF28FBD8
Wed, Sep 10 2025 19:16;28.3;46.5;HT_3C71BF28FBD8
Wed, Sep 10 2025 19:26;28.4;46.3;HT_3C71BF28FBD8
Wed, Sep 10 2025 19:36;28.4;46.2;HT_3C71BF28FBD8
Wed, Sep 10 2025 19:46;28.5;46.0;HT_3C71BF28FBD8
Wed, Sep 10 2025 19:56;28.6;45.8;HT_3C71BF28FBD8
Wed, Sep 10 2025 20:06;28.6;45.6;HT_3C71BF28FBD8
Wed, Sep 10 2025 20:16;28.7;45.3;HT_3C71BF28FBD8
Wed, Sep 10 2025 20:26;28.8;45.2;HT_3C71BF28FBD8
Wed, Sep 10 2025 20:36;28.8;45.0;HT_3C71BF28FBD8
Wed, Sep 10 2025 20:46;28.9;44.8;HT_3C71BF28FBD8
Wed, Sep 10 2025 20:56;28.9;44.6;HT_3C71BF28FBD8
Wed, Sep 10 2025 21:06;29.0;44.5;HT_3C71BF28FBD8
Wed, Sep 10 2025 21:16;29.0;44.4;HT_3C71BF28FBD8
Wed, Sep 10 2025 21:26;29.1;44.2;HT_3C71BF28FBD8
Wed, Sep 10 2025 21:36;29.1;44.0;HT_3C71BF28FBD8
Wed, Sep 10 2025 21:46;29.1;43.9;HT_3C71BF28FBD8
Wed, Sep 10 2025 21:56;29.2;43.8;HT_3C71BF28FBD8
Wed, Sep 10 2025 22:06;29.2;43.8;HT_3C71BF28FBD8
Wed, Sep 10 2025 22:16;29.3;43.6;HT_3C71BF28FBD8
Wed, Sep 10 2025 22:26;29.3;43.4;HT_3C71BF28FBD8
Wed, Sep 10 2025 22:36;29.3;43.3;HT_3C71BF28FBD8
Wed, Sep 10 2025 22:46;29.4;43.1;HT_3C71BF28FBD8
Wed, Sep 10 2025 22:56;29.4;43.1;HT_3C71BF28FBD8
Wed, Sep 10 2025 23:06;29.4;43.0;HT_3C71BF28FBD8
Wed, Sep 10 2025 23:16;29.4;42.9;HT_3C71BF28FBD8
Wed, Sep 10 2025 23:26;29.4;42.9;HT_3C71BF28FBD8
Wed, Sep 10 2025 23:36;29.5;42.8;HT_3C71BF28FBD8
Wed, Sep 10 2025 23:46;29.5;42.9;HT_3C71BF28FBD8
Wed, Sep 10 2025 23:56;29.5;42.7;HT_3C71BF28FBD8
Thu, Sep 11 2025 00:06;29.5;42.7;HT_3C71BF28FBD8
Thu, Sep 11 2025 00:16;29.5;42.5;HT_3C71BF28FBD8
Thu, Sep 11 2025 00:26;29.5;42.5;HT_3C71BF28FBD8
Thu, Sep 11 2025 00:36;29.5;42.5;HT_3C71BF28FBD8
Thu, Sep 11 2025 00:46;29.5;42.4;HT_3C71BF28FBD8
Thu, Sep 11 2025 00:56;29.5;42.4;HT_3C71BF28FBD8
Thu, Sep 11 2025 01:06;29.5;42.6;HT_3C71BF28FBD8
Thu, Sep 11 2025 01:16;29.5;42.6;HT_3C71BF28FBD8
Thu, Sep 11 2025 01:26;29.6;42.4;HT_3C71BF28FBD8
Thu, Sep 11 2025 01:36;29.6;42.5;HT_3C71BF28FBD8
Thu, Sep 11 2025 01:46;29.6;42.3;HT_3C71BF28FBD8
Thu, Sep 11 2025 01:56;29.6;42.1;HT_3C71BF28FBD8
Thu, Sep 11 2025 02:06;29.6;42.0;HT_3C71BF28FBD8
Thu, Sep 11 2025 02:16;29.6;42.0;HT_3C71BF28FBD8
Thu, Sep 11 2025 02:26;29.6;41.9;HT_3C71BF28FBD8
Thu, Sep 11 2025 02:36;29.6;41.9;HT_3C71BF28FBD8
Thu, Sep 11 2025 02:46;29.6;41.9;HT_3C71BF28FBD8
Thu, Sep 11 2025 02:56;29.6;41.7;HT_3C71BF28FBD8
Thu, Sep 11 2025 03:06;29.6;41.7;HT_3C71BF28FBD8
Thu, Sep 11 2025 03:16;29.6;41.7;HT_3C71BF28FBD8
Thu, Sep 11 2025 03:26;29.6;41.7;HT_3C71BF28FBD8
Thu, Sep 11 2025 03:36;29.6;41.9;HT_3C71BF28FBD8
Thu, Sep 11 2025 03:46;29.6;41.8;HT_3C71BF28FBD8
Thu, Sep 11 2025 03:56;29.6;42.3;HT_3C71BF28FBD8
Thu, Sep 11 2025 04:06;29.6;42.6;HT_3C71BF28FBD8
Thu, Sep 11 2025 04:16;29.6;42.6;HT_3C71BF28FBD8
Thu, Sep 11 2025 04:26;29.6;42.5;HT_3C71BF28FBD8
Thu, Sep 11 2025 04:36;29.5;42.6;HT_3C71BF28FBD8
Thu, Sep 11 2025 04:46;29.5;42.4;HT_3C71BF28FBD8
Thu, Sep 11 2025 04:56;29.5;42.5;HT_3C71BF28FBD8
Thu, Sep 11 2025 05:06;29.5;42.2;HT_3C71BF28FBD8
Thu, Sep 11 2025 05:16;29.5;41.9;HT_3C71BF28FBD8
Thu, Sep 11 2025 05:26;29.5;41.3;HT_3C71BF28FBD8
Thu, Sep 11 2025 05:36;29.5;41.3;HT_3C71BF28FBD8
Thu, Sep 11 2025 05:46;29.5;41.2;HT_3C71BF28FBD8
Thu, Sep 11 2025 05:56;29.4;40.6;HT_3C71BF28FBD8
Thu, Sep 11 2025 06:06;29.4;40.2;HT_3C71BF28FBD8
Thu, Sep 11 2025 06:16;29.4;40.1;HT_3C71BF28FBD8
Thu, Sep 11 2025 06:26;29.4;40.1;HT_3C71BF28FBD8
Thu, Sep 11 2025 06:36;29.4;40.3;HT_3C71BF28FBD8
Thu, Sep 11 2025 06:46;26.9;45.1;HT_3C71BF28FBD8
Thu, Sep 11 2025 06:56;24.9;47.6;HT_3C71BF28FBD8
Thu, Sep 11 2025 07:06;24.5;55.5;HT_3C71BF28FBD8
Thu, Sep 11 2025 07:16;23.9;55.7;HT_3C71BF28FBD8
Thu, Sep 11 2025 07:26;23.9;53.0;HT_3C71BF28FBD8
Thu, Sep 11 2025 07:36;23.9;58.0;HT_3C71BF28FBD8
Thu, Sep 11 2025 07:46;23.5;56.2;HT_3C71BF28FBD8
Thu, Sep 11 2025 07:56;23.5;53.7;HT_3C71BF28FBD8
Thu, Sep 11 2025 08:06;23.7;60.0;HT_3C71BF28FBD8
Thu, Sep 11 2025 08:16;23.5;58.2;HT_3C71BF28FBD8
Thu, Sep 11 2025 08:26;23.6;54.7;HT_3C71BF28FBD8
Thu, Sep 11 2025 08:36;23.6;60.2;HT_3C71BF28FBD8
Thu, Sep 11 2025 08:46;23.3;52.4;HT_3C71BF28FBD8
Thu, Sep 11 2025 08:56;23.6;60.8;HT_3C71BF28FBD8
Thu, Sep 11 2025 09:06;23.2;58.2;HT_3C71BF28FBD8
Thu, Sep 11 2025 09:16;23.3;58.1;HT_3C71BF28FBD8
Thu, Sep 11 2025 09:26;23.1;61.0;HT_3C71BF28FBD8
Thu, Sep 11 2025 09:36;23.1;55.8;HT_3C71BF28FBD8
Thu, Sep 11 2025 09:46;23.2;62.1;HT_3C71BF28FBD8
Thu, Sep 11 2025 09:56;23.3;59.5;HT_3C71BF28FBD8
Thu, Sep 11 2025 10:06;23.0;61.7;HT_3C71BF28FBD8
Thu, Sep 11 2025 10:16;23.3;63.6;HT_3C71BF28FBD8
Thu, Sep 11 2025 10:26;23.0;56.0;HT_3C71BF28FBD8
Thu, Sep 11 2025 10:36;23.1;62.2;HT_3C71BF28FBD8
Thu, Sep 11 2025 10:46;23.4;62.1;HT_3C71BF28FBD8
Thu, Sep 11 2025 10:56;23.0;55.3;HT_3C71BF28FBD8
Thu, Sep 11 2025 11:06;23.0;61.4;HT_3C71BF28FBD8
Thu, Sep 11 2025 11:16;23.3;62.4;HT_3C71BF28FBD8
Thu, Sep 11 2025 11:26;23.0;56.5;HT_3C71BF28FBD8
Thu, Sep 11 2025 11:36;22.9;62.4;HT_3C71BF28FBD8
Thu, Sep 11 2025 11:46;23.0;59.2;HT_3C71BF28FBD8
Thu, Sep 11 2025 11:56;22.8;61.4;HT_3C71BF28FBD8
Thu, Sep 11 2025 12:06;23.1;59.2;HT_3C71BF28FBD8
Thu, Sep 11 2025 12:16;22.8;61.2;HT_3C71BF28FBD8
Thu, Sep 11 2025 12:26;23.1;59.4;HT_3C71BF28FBD8
Thu, Sep 11 2025 12:36;22.8;60.2;HT_3C71BF28FBD8
Thu, Sep 11 2025 12:46;23.2;60.2;HT_3C71BF28FBD8
Thu, Sep 11 2025 12:56;22.8;59.0;HT_3C71BF28FBD8
Thu, Sep 11 2025 13:06;23.1;61.1;HT_3C71BF28FBD8
Thu, Sep 11 2025 13:16;22.8;54.4;HT_3C71BF28FBD8
Thu, Sep 11 2025 13:26;23.1;62.3;HT_3C71BF28FBD8
Thu, Sep 11 2025 13:36;22.8;60.0;HT_3C71BF28FBD8
Thu, Sep 11 2025 13:46;23.1;58.2;HT_3C71BF28FBD8
Thu, Sep 11 2025 13:56;23.0;61.9;HT_3C71BF28FBD8
Thu, Sep 11 2025 14:06;22.9;55.8;HT_3C71BF28FBD8
Thu, Sep 11 2025 14:16;23.2;60.9;HT_3C71BF28FBD8
Thu, Sep 11 2025 14:26;22.9;61.1;HT_3C71BF28FBD8
Thu, Sep 11 2025 14:36;23.0;56.6;HT_3C71BF28FBD8
Thu, Sep 11 2025 14:46;25.0;52.6;HT_3C71BF28FBD8
Thu, Sep 11 2025 14:56;26.1;50.7;HT_3C71BF28FBD8
Thu, Sep 11 2025 15:06;26.7;50.7;HT_3C71BF28FBD8
Thu, Sep 11 2025 15:16;27.0;51.0;HT_3C71BF28FBD8
Thu, Sep 11 2025 15:26;27.3;51.2;HT_3C71BF28FBD8
Thu, Sep 11 2025 15:36;27.4;51.7;HT_3C71BF28FBD8
Thu, Sep 11 2025 15:46;27.5;52.4;HT_3C71BF28FBD8
Thu, Sep 11 2025 15:56;27.7;52.9;HT_3C71BF28FBD8
Thu, Sep 11 2025 16:06;27.9;53.6;HT_3C71BF28FBD8
Thu, Sep 11 2025 16:16;28.0;53.1;HT_3C71BF28FBD8
Thu, Sep 11 2025 16:26;28.2;52.7;HT_3C71BF28FBD8
Thu, Sep 11 2025 16:36;28.3;52.3;HT_3C71BF28FBD8
Thu, Sep 11 2025 16:46;28.4;51.9;HT_3C71BF28FBD8
Thu, Sep 11 2025 16:56;28.5;51.6;HT_3C71BF28FBD8
Thu, Sep 11 2025 17:06;28.5;51.3;HT_3C71BF28FBD8
Thu, Sep 11 2025 17:16;28.6;51.1;HT_3C71BF28FBD8
Thu, Sep 11 2025 17:26;28.7;50.7;HT_3C71BF28FBD8
Thu, Sep 11 2025 17:36;28.8;50.5;HT_3C71BF28FBD8
Thu, Sep 11 2025 17:46;28.9;50.5;HT_3C71BF28FBD8
Thu, Sep 11 2025 17:56;28.9;50.5;HT_3C71BF28FBD8
Thu, Sep 11 2025 18:06;29.0;50.8;HT_3C71BF28FBD8
Thu, Sep 11 2025 18:16;29.1;51.0;HT_3C71BF28FBD8
Thu, Sep 11 2025 18:26;29.1;51.2;HT_3C71BF28FBD8
Thu, Sep 11 2025 18:36;29.2;51.4;HT_3C71BF28FBD8
Thu, Sep 11 2025 18:46;29.2;51.6;HT_3C71BF28FBD8
Thu, Sep 11 2025 18:56;29.3;51.7;HT_3C71BF28FBD8
Thu, Sep 11 2025 19:06;29.4;51.6;HT_3C71BF28FBD8
Thu, Sep 11 2025 19:16;29.4;51.5;HT_3C71BF28FBD8
Thu, Sep 11 2025 19:26;29.5;51.4;HT_3C71BF28FBD8
Thu, Sep 11 2025 19:36;29.5;51.2;HT_3C71BF28FBD8
Thu, Sep 11 2025 19:46;29.6;51.1;HT_3C71BF28FBD8
Thu, Sep 11 2025 19:56;29.6;50.9;HT_3C71BF28FBD8
Thu, Sep 11 2025 20:06;29.7;50.7;HT_3C71BF28FBD8
Thu, Sep 11 2025 20:16;29.7;50.5;HT_3C71BF28FBD8
Thu, Sep 11 2025 20:26;29.7;50.3;HT_3C71BF28FBD8
Thu, Sep 11 2025 20:36;29.8;50.2;HT_3C71BF28FBD8
Thu, Sep 11 2025 20:46;29.8;50.1;HT_3C71BF28FBD8
Thu, Sep 11 2025 20:56;29.8;50.0;HT_3C71BF28FBD8
Thu, Sep 11 2025 21:06;29.9;49.7;HT_3C71BF28FBD8
Thu, Sep 11 2025 21:16;29.9;49.6;HT_3C71BF28FBD8
Thu, Sep 11 2025 21:26;30.0;49.5;HT_3C71BF28FBD8
Thu, Sep 11 2025 21:36;30.0;49.3;HT_3C71BF28FBD8
Thu, Sep 11 2025 21:46;30.0;49.2;HT_3C71BF28FBD8
Thu, Sep 11 2025 21:56;30.0;49.1;HT_3C71BF28FBD8
Thu, Sep 11 2025 22:06;30.0;49.1;HT_3C71BF28FBD8
Thu, Sep 11 2025 22:16;30.0;49.0;HT_3C71BF28FBD8
Thu, Sep 11 2025 22:26;30.0;48.9;HT_3C71BF28FBD8
Thu, Sep 11 2025 22:36;30.1;48.8;HT_3C71BF28FBD8
Thu, Sep 11 2025 22:46;30.1;48.7;HT_3C71BF28FBD8
Thu, Sep 11 2025 22:56;30.1;48.7;HT_3C71BF28FBD8
Thu, Sep 11 2025 23:06;30.1;48.7;HT_3C71BF28FBD8
Thu, Sep 11 2025 23:16;30.1;48.6;HT_3C71BF28FBD8
Thu, Sep 11 2025 23:26;30.1;48.6;HT_3C71BF28FBD8
Thu, Sep 11 2025 23:36;30.1;48.6;HT_3C71BF28FBD8
Thu, Sep 11 2025 23:46;30.1;48.6;HT_3C71BF28FBD8
Thu, Sep 11 2025 23:56;30.1;48.4;HT_3C71BF28FBD8
Fri, Sep 12 2025 00:06;30.1;48.3;HT_3C71BF28FBD8
Fri, Sep 12 2025 00:16;30.1;48.1;HT_3C71BF28FBD8
Fri, Sep 12 2025 00:26;30.1;48.1;HT_3C71BF28FBD8
Fri, Sep 12 2025 00:36;30.1;48.1;HT_3C71BF28FBD8
Fri, Sep 12 2025 00:46;30.1;48.1;HT_3C71BF28FBD8
Fri, Sep 12 2025 00:56;30.1;48.0;HT_3C71BF28FBD8
Fri, Sep 12 2025 01:06;30.1;47.8;HT_3C71BF28FBD8
Fri, Sep 12 2025 01:16;30.1;47.8;HT_3C71BF28FBD8
Fri, Sep 12 2025 01:26;30.1;47.6;HT_3C71BF28FBD8
Fri, Sep 12 2025 01:36;30.0;47.5;HT_3C71BF28FBD8
Fri, Sep 12 2025 01:46;30.0;47.3;HT_3C71BF28FBD8
Fri, Sep 12 2025 01:56;30.0;47.3;HT_3C71BF28FBD8
Fri, Sep 12 2025 02:06;30.1;47.2;HT_3C71BF28FBD8
Fri, Sep 12 2025 02:16;30.1;47.4;HT_3C71BF28FBD8
Fri, Sep 12 2025 02:26;30.0;47.3;HT_3C71BF28FBD8
Fri, Sep 12 2025 02:36;30.0;47.3;HT_3C71BF28FBD8
Fri, Sep 12 2025 02:46;30.1;47.4;HT_3C71BF28FBD8
Fri, Sep 12 2025 02:56;30.0;47.9;HT_3C71BF28FBD8
Fri, Sep 12 2025 03:06;30.0;47.5;HT_3C71BF28FBD8
Fri, Sep 12 2025 03:16;30.0;47.3;HT_3C71BF28FBD8
Fri, Sep 12 2025 03:26;30.0;47.4;HT_3C71BF28FBD8
Fri, Sep 12 2025 03:36;30.0;47.1;HT_3C71BF28FBD8
Fri, Sep 12 2025 03:46;30.0;47.0;HT_3C71BF28FBD8
Fri, Sep 12 2025 03:56;29.9;47.1;HT_3C71BF28FBD8
Fri, Sep 12 2025 04:06;30.0;47.1;HT_3C71BF28FBD8
Fri, Sep 12 2025 04:16;30.0;47.2;HT_3C71BF28FBD8
Fri, Sep 12 2025 04:26;29.9;47.1;HT_3C71BF28FBD8
Fri, Sep 12 2025 04:36;29.9;46.9;HT_3C71BF28FBD8
Fri, Sep 12 2025 04:46;29.9;46.9;HT_3C71BF28FBD8
Fri, Sep 12 2025 04:56;29.9;46.9;HT_3C71BF28FBD8
Fri, Sep 12 2025 05:06;29.9;46.9;HT_3C71BF28FBD8
Fri, Sep 12 2025 05:16;29.9;46.8;HT_3C71BF28FBD8
Fri, Sep 12 2025 05:26;29.9;46.9;HT_3C71BF28FBD8
Fri, Sep 12 2025 05:36;29.9;46.7;HT_3C71BF28FBD8
Fri, Sep 12 2025 05:46;29.9;46.9;HT_3C71BF28FBD8
Fri, Sep 12 2025 05:56;29.9;47.0;HT_3C71BF28FBD8
Fri, Sep 12 2025 06:06;29.8;46.9;HT_3C71BF28FBD8
Fri, Sep 12 2025 06:16;29.9;47.1;HT_3C71BF28FBD8
Fri, Sep 12 2025 06:26;29.9;47.4;HT_3C71BF28FBD8
Fri, Sep 12 2025 06:36;29.8;47.3;HT_3C71BF28FBD8
Fri, Sep 12 2025 06:46;29.8;47.3;HT_3C71BF28FBD8
Fri, Sep 12 2025 06:56;29.8;47.4;HT_3C71BF28FBD8
Fri, Sep 12 2025 07:06;29.8;47.8;HT_3C71BF28FBD8
Fri, Sep 12 2025 07:16;29.8;48.3;HT_3C71BF28FBD8
Fri, Sep 12 2025 07:26;29.9;48.9;HT_3C71BF28FBD8
Fri, Sep 12 2025 07:36;29.9;49.3;HT_3C71BF28FBD8
Fri, Sep 12 2025 07:46;29.9;50.9;HT_3C71BF28FBD8
Fri, Sep 12 2025 07:56;29.9;50.5;HT_3C71BF28FBD8
Fri, Sep 12 2025 08:06;29.9;49.7;HT_3C71BF28FBD8
Fri, Sep 12 2025 08:16;29.9;49.0;HT_3C71BF28FBD8
Fri, Sep 12 2025 08:26;29.9;48.8;HT_3C71BF28FBD8
Fri, Sep 12 2025 08:36;30.1;49.1;HT_3C71BF28FBD8
Fri, Sep 12 2025 08:46;30.1;50.3;HT_3C71BF28FBD8
Fri, Sep 12 2025 08:56;30.1;49.3;HT_3C71BF28FBD8
Fri, Sep 12 2025 09:06;30.2;49.7;HT_3C71BF28FBD8
Fri, Sep 12 2025 09:16;30.2;49.1;HT_3C71BF28FBD8
Fri, Sep 12 2025 09:26;30.2;48.9;HT_3C71BF28FBD8
Fri, Sep 12 2025 09:36;30.2;48.4;HT_3C71BF28FBD8
Fri, Sep 12 2025 09:46;30.2;48.7;HT_3C71BF28FBD8
Fri, Sep 12 2025 09:56;30.3;48.4;HT_3C71BF28FBD8
Fri, Sep 12 2025 10:07;30.3;48.2;HT_3C71BF28FBD8
Fri, Sep 12 2025 10:17;30.3;48.6;HT_3C71BF28FBD8
Fri, Sep 12 2025 10:27;30.3;49.1;HT_3C71BF28FBD8
Fri, Sep 12 2025 10:37;30.4;49.3;HT_3C71BF28FBD8
Fri, Sep 12 2025 10:47;30.4;49.5;HT_3C71BF28FBD8
Fri, Sep 12 2025 10:57;30.5;50.0;HT_3C71BF28FBD8
Fri, Sep 12 2025 11:07;30.5;50.2;HT_3C71BF28FBD8
Fri, Sep 12 2025 11:17;30.6;50.5;HT_3C71BF28FBD8
Fri, Sep 12 2025 11:27;30.6;50.6;HT_3C71BF28FBD8
Fri, Sep 12 2025 11:37;30.6;50.6;HT_3C71BF28FBD8
Fri, Sep 12 2025 11:47;30.6;51.0;HT_3C71BF28FBD8
Fri, Sep 12 2025 11:57;30.7;50.9;HT_3C71BF28FBD8
Fri, Sep 12 2025 12:07;30.7;50.9;HT_3C71BF28FBD8
Fri, Sep 12 2025 12:17;30.7;50.9;HT_3C71BF28FBD8
Fri, Sep 12 2025 12:27;30.8;51.1;HT_3C71BF28FBD8
Fri, Sep 12 2025 12:37;30.8;51.4;HT_3C71BF28FBD8
Fri, Sep 12 2025 12:47;30.8;51.1;HT_3C71BF28FBD8
Fri, Sep 12 2025 12:57;30.8;50.9;HT_3C71BF28FBD8
Fri, Sep 12 2025 13:07;30.9;50.8;HT_3C71BF28FBD8
Fri, Sep 12 2025 13:17;30.9;50.6;HT_3C71BF28FBD8
Fri, Sep 12 2025 13:27;30.9;50.8;HT_3C71BF28FBD8
Fri, Sep 12 2025 13:37;30.9;50.7;HT_3C71BF28FBD8
Fri, Sep 12 2025 13:47;30.9;50.3;HT_3C71BF28FBD8
Fri, Sep 12 2025 13:57;30.9;50.3;HT_3C71BF28FBD8
Fri, Sep 12 2025 14:07;31.0;50.0;HT_3C71BF28FBD8
Fri, Sep 12 2025 14:17;31.0;49.8;HT_3C71BF28FBD8
Fri, Sep 12 2025 14:27;31.0;49.7;HT_3C71BF28FBD8
Fri, Sep 12 2025 14:37;31.0;49.5;HT_3C71BF28FBD8
Fri, Sep 12 2025 14:47;31.0;49.4;HT_3C71BF28FBD8
Fri, Sep 12 2025 14:57;31.0;49.5;HT_3C71BF28FBD8
Fri, Sep 12 2025 15:07;31.1;49.6;HT_3C71BF28FBD8
Fri, Sep 12 2025 15:17;31.1;49.5;HT_3C71BF28FBD8
Fri, Sep 12 2025 15:27;31.1;49.5;HT_3C71BF28FBD8
Fri, Sep 12 2025 15:37;31.1;49.4;HT_3C71BF28FBD8
Fri, Sep 12 2025 15:47;31.1;49.4;HT_3C71BF28FBD8
Fri, Sep 12 2025 15:57;31.2;49.6;HT_3C71BF28FBD8
Fri, Sep 12 2025 16:07;31.2;49.8;HT_3C71BF28FBD8
Fri, Sep 12 2025 16:17;31.2;50.0;HT_3C71BF28FBD8
Fri, Sep 12 2025 16:27;31.2;50.0;HT_3C71BF28FBD8
Fri, Sep 12 2025 16:37;31.3;50.1;HT_3C71BF28FBD8
Fri, Sep 12 2025 16:47;31.3;50.0;HT_3C71BF28FBD8
Fri, Sep 12 2025 16:57;31.3;50.0;HT_3C71BF28FBD8
Fri, Sep 12 2025 17:07;31.3;50.1;HT_3C71BF28FBD8
Fri, Sep 12 2025 17:17;31.3;50.0;HT_3C71BF28FBD8
Fri, Sep 12 2025 17:27;31.3;49.8;HT_3C71BF28FBD8
Fri, Sep 12 2025 17:37;31.3;49.5;HT_3C71BF28FBD8
Fri, Sep 12 2025 17:47;31.3;49.3;HT_3C71BF28FBD8
Fri, Sep 12 2025 17:57;31.4;49.2;HT_3C71BF28FBD8
Fri, Sep 12 2025 18:07;31.3;49.2;HT_3C71BF28FBD8
Fri, Sep 12 2025 18:17;31.4;49.2;HT_3C71BF28FBD8
Fri, Sep 12 2025 18:27;31.4;49.2;HT_3C71BF28FBD8
Fri, Sep 12 2025 18:37;31.4;49.1;HT_3C71BF28FBD8
Fri, Sep 12 2025 18:47;31.4;48.9;HT_3C71BF28FBD8
Fri, Sep 12 2025 18:57;31.4;48.8;HT_3C71BF28FBD8
Fri, Sep 12 2025 19:07;31.4;48.7;HT_3C71BF28FBD8
Fri, Sep 12 2025 19:17;31.4;48.5;HT_3C71BF28FBD8
Fri, Sep 12 2025 19:27;31.4;48.3;HT_3C71BF28FBD8
Fri, Sep 12 2025 19:37;31.4;48.2;HT_3C71BF28FBD8
Fri, Sep 12 2025 19:47;31.4;48.1;HT_3C71BF28FBD8
Fri, Sep 12 2025 19:57;31.4;47.9;HT_3C71BF28FBD8
Fri, Sep 12 2025 20:07;31.4;47.8;HT_3C71BF28FBD8
Fri, Sep 12 2025 20:17;31.4;47.6;HT_3C71BF28FBD8
Fri, Sep 12 2025 20:27;31.4;47.5;HT_3C71BF28FBD8
Fri, Sep 12 2025 20:37;31.4;47.3;HT_3C71BF28FBD8
Fri, Sep 12 2025 20:47;31.4;47.2;HT_3C71BF28FBD8
Fri, Sep 12 2025 20:57;31.4;47.1;HT_3C71BF28FBD8
Fri, Sep 12 2025 21:07;31.4;47.0;HT_3C71BF28FBD8
Fri, Sep 12 2025 21:17;31.4;46.9;HT_3C71BF28FBD8
Fri, Sep 12 2025 21:27;31.3;46.9;HT_3C71BF28FBD8
Fri, Sep 12 2025 21:37;31.3;46.8;HT_3C71BF28FBD8
Fri, Sep 12 2025 21:47;31.4;46.7;HT_3C71BF28FBD8
Fri, Sep 12 2025 21:57;31.4;46.7;HT_3C71BF28FBD8
Fri, Sep 12 2025 22:07;31.4;46.7;HT_3C71BF28FBD8
Fri, Sep 12 2025 22:17;31.4;46.7;HT_3C71BF28FBD8
Fri, Sep 12 2025 22:27;31.4;46.7;HT_3C71BF28FBD8
Fri, Sep 12 2025 22:37;31.4;46.7;HT_3C71BF28FBD8
Fri, Sep 12 2025 22:47;31.3;46.7;HT_3C71BF28FBD8
Fri, Sep 12 2025 22:57;31.3;46.5;HT_3C71BF28FBD8
Fri, Sep 12 2025 23:07;31.3;46.4;HT_3C71BF28FBD8
Fri, Sep 12 2025 23:17;31.3;46.4;HT_3C71BF28FBD8
Fri, Sep 12 2025 23:27;31.3;46.3;HT_3C71BF28FBD8
Fri, Sep 12 2025 23:37;31.3;46.2;HT_3C71BF28FBD8
Fri, Sep 12 2025 23:47;31.3;46.2;HT_3C71BF28FBD8
Fri, Sep 12 2025 23:57;31.3;46.2;HT_3C71BF28FBD8
Sat, Sep 13 2025 00:07;31.3;46.3;HT_3C71BF28FBD8
Sat, Sep 13 2025 00:17;31.3;46.3;HT_3C71BF28FBD8
Sat, Sep 13 2025 00:27;31.3;46.3;HT_3C71BF28FBD8
Sat, Sep 13 2025 00:37;31.2;46.1;HT_3C71BF28FBD8
Sat, Sep 13 2025 00:47;31.2;46.0;HT_3C71BF28FBD8
Sat, Sep 13 2025 00:57;31.2;45.9;HT_3C71BF28FBD8
Sat, Sep 13 2025 01:07;31.2;45.9;HT_3C71BF28FBD8
Sat, Sep 13 2025 01:17;31.2;45.7;HT_3C71BF28FBD8
Sat, Sep 13 2025 01:27;31.1;45.7;HT_3C71BF28FBD8
Sat, Sep 13 2025 01:37;31.1;45.7;HT_3C71BF28FBD8
Sat, Sep 13 2025 01:47;31.1;45.9;HT_3C71BF28FBD8
Sat, Sep 13 2025 01:57;31.1;46.0;HT_3C71BF28FBD8
Sat, Sep 13 2025 02:07;31.1;46.0;HT_3C71BF28FBD8
Sat, Sep 13 2025 02:17;31.1;46.0;HT_3C71BF28FBD8
Sat, Sep 13 2025 02:27;31.1;46.0;HT_3C71BF28FBD8
Sat, Sep 13 2025 02:37;31.0;46.1;HT_3C71BF28FBD8
Sat, Sep 13 2025 02:47;31.0;45.8;HT_3C71BF28FBD8
Sat, Sep 13 2025 02:57;31.0;45.7;HT_3C71BF28FBD8
Sat, Sep 13 2025 03:07;31.0;45.5;HT_3C71BF28FBD8
Sat, Sep 13 2025 03:17;31.0;45.4;HT_3C71BF28FBD8
Sat, Sep 13 2025 03:27;31.0;45.4;HT_3C71BF28FBD8
Sat, Sep 13 2025 03:37;31.0;45.3;HT_3C71BF28FBD8
Sat, Sep 13 2025 03:47;31.0;45.1;HT_3C71BF28FBD8
Sat, Sep 13 2025 03:57;31.0;45.2;HT_3C71BF28FBD8
Sat, Sep 13 2025 04:07;30.9;45.5;HT_3C71BF28FBD8
Sat, Sep 13 2025 04:17;30.9;45.4;HT_3C71BF28FBD8
Sat, Sep 13 2025 04:27;30.9;45.2;HT_3C71BF28FBD8
Sat, Sep 13 2025 04:37;31.0;45.3;HT_3C71BF28FBD8
Sat, Sep 13 2025 04:47;30.9;45.7;HT_3C71BF28FBD8
Sat, Sep 13 2025 04:57;30.9;46.0;HT_3C71BF28FBD8
Sat, Sep 13 2025 05:07;30.9;46.0;HT_3C71BF28FBD8
Sat, Sep 13 2025 05:17;30.9;45.8;HT_3C71BF28FBD8
Sat, Sep 13 2025 05:27;30.9;45.8;HT_3C71BF28FBD8
Sat, Sep 13 2025 05:37;30.9;45.7;HT_3C71BF28FBD8
Sat, Sep 13 2025 05:47;30.8;45.5;HT_3C71BF28FBD8
Sat, Sep 13 2025 05:57;30.8;45.0;HT_3C71BF28FBD8
Sat, Sep 13 2025 06:07;30.8;45.4;HT_3C71BF28FBD8
Sat, Sep 13 2025 06:17;30.9;45.2;HT_3C71BF28FBD8
Sat, Sep 13 2025 06:27;30.8;45.1;HT_3C71BF28FBD8
Sat, Sep 13 2025 06:37;30.8;44.7;HT_3C71BF28FBD8
Sat, Sep 13 2025 06:47;30.8;44.6;HT_3C71BF28FBD8
Sat, Sep 13 2025 06:57;30.8;44.7;HT_3C71BF28FBD8
Sat, Sep 13 2025 07:07;30.8;45.2;HT_3C71BF28FBD8
Sat, Sep 13 2025 07:17;30.8;45.7;HT_3C71BF28FBD8
Sat, Sep 13 2025 07:27;30.8;45.7;HT_3C71BF28FBD8
Sat, Sep 13 2025 07:37;30.8;45.7;HT_3C71BF28FBD8
Sat, Sep 13 2025 07:47;30.7;45.5;HT_3C71BF28FBD8
Sat, Sep 13 2025 07:57;30.8;45.9;HT_3C71BF28FBD8
Sat, Sep 13 2025 08:07;30.8;45.9;HT_3C71BF28FBD8
Sat, Sep 13 2025 08:17;30.7;46.1;HT_3C71BF28FBD8
Sat, Sep 13 2025 08:27;30.7;45.9;HT_3C71BF28FBD8
Sat, Sep 13 2025 08:37;30.7;45.6;HT_3C71BF28FBD8
Sat, Sep 13 2025 08:47;30.7;45.4;HT_3C71BF28FBD8
Sat, Sep 13 2025 08:57;30.7;45.3;HT_3C71BF28FBD8
Sat, Sep 13 2025 09:07;30.8;45.3;HT_3C71BF28FBD8
Sat, Sep 13 2025 09:17;30.8;45.3;HT_3C71BF28FBD8
Sat, Sep 13 2025 09:27;30.8;45.2;HT_3C71BF28FBD8
Sat, Sep 13 2025 09:37;30.8;45.1;HT_3C71BF28FBD8
Sat, Sep 13 2025 09:47;30.8;45.0;HT_3C71BF28FBD8
Sat, Sep 13 2025 09:57;30.8;44.8;HT_3C71BF28FBD8
Sat, Sep 13 2025 10:07;30.9;45.2;HT_3C71BF28FBD8
Sat, Sep 13 2025 10:17;30.9;45.6;HT_3C71BF28FBD8
Sat, Sep 13 2025 10:27;30.9;45.8;HT_3C71BF28FBD8
Sat, Sep 13 2025 10:37;30.9;46.2;HT_3C71BF28FBD8
Sat, Sep 13 2025 10:47;31.0;46.3;HT_3C71BF28FBD8
Sat, Sep 13 2025 10:57;30.9;46.6;HT_3C71BF28FBD8
Sat, Sep 13 2025 11:07;31.0;46.6;HT_3C71BF28FBD8
Sat, Sep 13 2025 11:17;31.0;47.2;HT_3C71BF28FBD8
Sat, Sep 13 2025 11:27;31.1;47.3;HT_3C71BF28FBD8
Sat, Sep 13 2025 11:37;31.1;47.8;HT_3C71BF28FBD8
Sat, Sep 13 2025 11:47;31.1;48.3;HT_3C71BF28FBD8
Sat, Sep 13 2025 11:57;31.2;48.5;HT_3C71BF28FBD8
Sat, Sep 13 2025 12:07;31.2;49.0;HT_3C71BF28FBD8
Sat, Sep 13 2025 12:17;31.3;49.5;HT_3C71BF28FBD8
Sat, Sep 13 2025 12:27;31.3;50.1;HT_3C71BF28FBD8
Sat, Sep 13 2025 12:37;31.3;49.8;HT_3C71BF28FBD8
Sat, Sep 13 2025 12:47;31.3;50.1;HT_3C71BF28FBD8
Sat, Sep 13 2025 12:57;31.4;50.1;HT_3C71BF28FBD8
Sat, Sep 13 2025 13:07;31.4;50.3;HT_3C71BF28FBD8
Sat, Sep 13 2025 13:17;31.4;50.5;HT_3C71BF28FBD8
Sat, Sep 13 2025 13:27;31.5;50.5;HT_3C71BF28FBD8
Sat, Sep 13 2025 13:37;31.5;51.0;HT_3C71BF28FBD8
Sat, Sep 13 2025 13:47;31.6;50.9;HT_3C71BF28FBD8
Sat, Sep 13 2025 13:57;31.6;50.9;HT_3C71BF28FBD8
Sat, Sep 13 2025 14:07;31.5;50.9;HT_3C71BF28FBD8
Sat, Sep 13 2025 14:17;31.6;50.7;HT_3C71BF28FBD8
Sat, Sep 13 2025 14:27;31.7;50.9;HT_3C71BF28FBD8
Sat, Sep 13 2025 14:37;31.7;51.0;HT_3C71BF28FBD8
Sat, Sep 13 2025 14:47;31.7;51.1;HT_3C71BF28FBD8
Sat, Sep 13 2025 14:57;31.7;51.3;HT_3C71BF28FBD8
Sat, Sep 13 2025 15:07;31.8;51.3;HT_3C71BF28FBD8
Sat, Sep 13 2025 15:17;31.8;51.1;HT_3C71BF28FBD8
Sat, Sep 13 2025 15:27;31.8;50.9;HT_3C71BF28FBD8
Sat, Sep 13 2025 15:37;31.8;51.0;HT_3C71BF28FBD8
Sat, Sep 13 2025 15:47;31.8;51.2;HT_3C71BF28FBD8
Sat, Sep 13 2025 15:57;31.8;51.1;HT_3C71BF28FBD8
Sat, Sep 13 2025 16:07;31.9;50.7;HT_3C71BF28FBD8
Sat, Sep 13 2025 16:17;31.9;50.8;HT_3C71BF28FBD8
Sat, Sep 13 2025 16:27;31.9;50.7;HT_3C71BF28FBD8
Sat, Sep 13 2025 16:37;31.9;50.9;HT_3C71BF28FBD8
Sat, Sep 13 2025 16:47;32.0;50.9;HT_3C71BF28FBD8
Sat, Sep 13 2025 16:57;32.0;51.1;HT_3C71BF28FBD8
Sat, Sep 13 2025 17:07;32.0;50.9;HT_3C71BF28FBD8
Sat, Sep 13 2025 17:17;32.0;50.7;HT_3C71BF28FBD8
Sat, Sep 13 2025 17:27;32.0;50.5;HT_3C71BF28FBD8
Sat, Sep 13 2025 17:37;32.0;50.5;HT_3C71BF28FBD8
Sat, Sep 13 2025 17:47;32.0;50.3;HT_3C71BF28FBD8
Sat, Sep 13 2025 17:57;32.0;50.3;HT_3C71BF28FBD8
Sat, Sep 13 2025 18:07;32.0;50.1;HT_3C71BF28FBD8
Sat, Sep 13 2025 18:17;32.0;49.8;HT_3C71BF28FBD8
Sat, Sep 13 2025 18:27;32.0;49.6;HT_3C71BF28FBD8
Sat, Sep 13 2025 18:37;32.0;49.5;HT_3C71BF28FBD8
Sat, Sep 13 2025 18:47;32.0;49.3;HT_3C71BF28FBD8
Sat, Sep 13 2025 18:57;32.0;49.2;HT_3C71BF28FBD8
Sat, Sep 13 2025 19:07;32.0;49.1;HT_3C71BF28FBD8
Sat, Sep 13 2025 19:17;32.0;49.0;HT_3C71BF28FBD8
Sat, Sep 13 2025 19:27;32.0;48.7;HT_3C71BF28FBD8
Sat, Sep 13 2025 19:37;32.0;48.5;HT_3C71BF28FBD8
Sat, Sep 13 2025 19:47;32.0;48.4;HT_3C71BF28FBD8
Sat, Sep 13 2025 19:57;32.0;48.3;HT_3C71BF28FBD8
Sat, Sep 13 2025 20:07;32.0;48.1;HT_3C71BF28FBD8
Sat, Sep 13 2025 20:17;32.0;48.0;HT_3C71BF28FBD8
Sat, Sep 13 2025 20:27;32.0;47.8;HT_3C71BF28FBD8
Sat, Sep 13 2025 20:37;32.0;47.8;HT_3C71BF28FBD8
Sat, Sep 13 2025 20:47;32.0;47.6;HT_3C71BF28FBD8
Sat, Sep 13 2025 20:57;32.0;47.5;HT_3C71BF28FBD8
Sat, Sep 13 2025 21:07;32.0;47.4;HT_3C71BF28FBD8
Sat, Sep 13 2025 21:17;32.0;47.3;HT_3C71BF28FBD8
Sat, Sep 13 2025 21:27;32.0;47.1;HT_3C71BF28FBD8
Sat, Sep 13 2025 21:37;32.0;47.0;HT_3C71BF28FBD8
Sat, Sep 13 2025 21:47;32.0;47.0;HT_3C71BF28FBD8
Sat, Sep 13 2025 21:57;32.0;46.8;HT_3C71BF28FBD8
Sat, Sep 13 2025 22:07;32.0;46.8;HT_3C71BF28FBD8
Sat, Sep 13 2025 22:17;32.0;46.7;HT_3C71BF28FBD8
Sat, Sep 13 2025 22:27;32.0;46.7;HT_3C71BF28FBD8
Sat, Sep 13 2025 22:37;32.0;46.6;HT_3C71BF28FBD8
Sat, Sep 13 2025 22:47;32.0;46.6;HT_3C71BF28FBD8
Sat, Sep 13 2025 22:57;31.9;46.7;HT_3C71BF28FBD8
Sat, Sep 13 2025 23:07;31.9;46.5;HT_3C71BF28FBD8
Sat, Sep 13 2025 23:17;31.9;46.5;HT_3C71BF28FBD8
Sat, Sep 13 2025 23:27;31.9;46.4;HT_3C71BF28FBD8
Sat, Sep 13 2025 23:37;31.9;46.4;HT_3C71BF28FBD8
Sat, Sep 13 2025 23:47;31.9;46.3;HT_3C71BF28FBD8
Sat, Sep 13 2025 23:57;31.9;46.2;HT_3C71BF28FBD8
Sun, Sep 14 2025 00:07;31.8;46.1;HT_3C71BF28FBD8
Sun, Sep 14 2025 00:17;31.9;46.1;HT_3C71BF28FBD8
Sun, Sep 14 2025 00:27;31.8;45.9;HT_3C71BF28FBD8
Sun, Sep 14 2025 00:37;31.8;45.7;HT_3C71BF28FBD8
Sun, Sep 14 2025 00:47;31.8;45.8;HT_3C71BF28FBD8
Sun, Sep 14 2025 00:57;31.8;46.0;HT_3C71BF28FBD8
Sun, Sep 14 2025 01:07;31.7;46.0;HT_3C71BF28FBD8
Sun, Sep 14 2025 01:17;31.8;46.1;HT_3C71BF28FBD8
Sun, Sep 14 2025 01:27;31.7;46.0;HT_3C71BF28FBD8
Sun, Sep 14 2025 01:37;31.7;45.7;HT_3C71BF28FBD8
Sun, Sep 14 2025 01:47;31.7;45.6;HT_3C71BF28FBD8
Sun, Sep 14 2025 01:57;31.7;45.5;HT_3C71BF28FBD8
Sun, Sep 14 2025 02:07;31.7;45.4;HT_3C71BF28FBD8
Sun, Sep 14 2025 02:17;31.7;45.4;HT_3C71BF28FBD8
Sun, Sep 14 2025 02:27;31.7;45.4;HT_3C71BF28FBD8
Sun, Sep 14 2025 02:37;31.6;45.3;HT_3C71BF28FBD8
Sun, Sep 14 2025 02:47;31.6;45.2;HT_3C71BF28FBD8
Sun, Sep 14 2025 02:57;31.6;45.2;HT_3C71BF28FBD8
Sun, Sep 14 2025 03:07;31.6;45.2;HT_3C71BF28FBD8
Sun, Sep 14 2025 03:17;31.6;45.2;HT_3C71BF28FBD8
Sun, Sep 14 2025 03:27;31.6;45.1;HT_3C71BF28FBD8
Sun, Sep 14 2025 03:37;31.6;45.0;HT_3C71BF28FBD8
Sun, Sep 14 2025 03:47;31.6;45.0;HT_3C71BF28FBD8
Sun, Sep 14 2025 03:57;31.6;45.1;HT_3C71BF28FBD8
Sun, Sep 14 2025 04:07;31.6;44.9;HT_3C71BF28FBD8
Sun, Sep 14 2025 04:17;31.5;44.9;HT_3C71BF28FBD8
Sun, Sep 14 2025 04:27;31.5;45.1;HT_3C71BF28FBD8
Sun, Sep 14 2025 04:37;31.5;44.9;HT_3C71BF28FBD8
Sun, Sep 14 2025 04:47;31.5;44.4;HT_3C71BF28FBD8
Sun, Sep 14 2025 04:57;31.5;43.9;HT_3C71BF28FBD8
Sun, Sep 14 2025 05:07;31.4;43.4;HT_3C71BF28FBD8
Sun, Sep 14 2025 05:17;31.4;43.0;HT_3C71BF28FBD8
Sun, Sep 14 2025 05:27;31.4;42.2;HT_3C71BF28FBD8
Sun, Sep 14 2025 05:37;31.4;41.6;HT_3C71BF28FBD8
Sun, Sep 14 2025 05:47;31.3;41.0;HT_3C71BF28FBD8
Sun, Sep 14 2025 05:57;31.3;40.7;HT_3C71BF28FBD8
Sun, Sep 14 2025 06:07;31.3;40.4;HT_3C71BF28FBD8
Sun, Sep 14 2025 06:17;31.3;40.3;HT_3C71BF28FBD8
Sun, Sep 14 2025 06:27;31.3;40.0;HT_3C71BF28FBD8
Sun, Sep 14 2025 06:37;31.2;39.7;HT_3C71BF28FBD8
Sun, Sep 14 2025 06:47;31.2;39.8;HT_3C71BF28FBD8
Sun, Sep 14 2025 06:57;31.2;41.1;HT_3C71BF28FBD8
Sun, Sep 14 2025 07:07;31.2;42.2;HT_3C71BF28FBD8
Sun, Sep 14 2025 07:17;31.2;43.6;HT_3C71BF28FBD8
Sun, Sep 14 2025 07:27;31.2;45.5;HT_3C71BF28FBD8
Sun, Sep 14 2025 07:37;31.3;46.0;HT_3C71BF28FBD8
Sun, Sep 14 2025 07:47;27.3;45.3;HT_3C71BF28FBD8
Sun, Sep 14 2025 07:57;24.2;44.9;HT_3C71BF28FBD8
Sun, Sep 14 2025 08:07;23.1;46.1;HT_3C71BF28FBD8
Sun, Sep 14 2025 08:17;22.5;46.5;HT_3C71BF28FBD8
Sun, Sep 14 2025 08:27;22.1;46.9;HT_3C71BF28FBD8
Sun, Sep 14 2025 08:37;21.8;47.1;HT_3C71BF28FBD8
Sun, Sep 14 2025 08:47;21.4;47.2;HT_3C71BF28FBD8
Sun, Sep 14 2025 08:57;21.2;46.9;HT_3C71BF28FBD8
Sun, Sep 14 2025 09:07;20.9;48.4;HT_3C71BF28FBD8
Sun, Sep 14 2025 09:17;20.6;46.9;HT_3C71BF28FBD8
Sun, Sep 14 2025 09:27;20.3;45.3;HT_3C71BF28FBD8
Sun, Sep 14 2025 09:37;20.0;45.7;HT_3C71BF28FBD8
Sun, Sep 14 2025 09:47;19.8;45.6;HT_3C71BF28FBD8
Sun, Sep 14 2025 09:57;19.7;46.6;HT_3C71BF28FBD8
Sun, Sep 14 2025 10:07;19.6;48.1;HT_3C71BF28FBD8
Sun, Sep 14 2025 10:17;19.4;46.9;HT_3C71BF28FBD8
Sun, Sep 14 2025 10:27;19.3;47.8;HT_3C71BF28FBD8
Sun, Sep 14 2025 10:37;19.1;46.9;HT_3C71BF28FBD8
Sun, Sep 14 2025 10:47;19.1;48.3;HT_3C71BF28FBD8
Sun, Sep 14 2025 10:57;18.9;46.9;HT_3C71BF28FBD8
Sun, Sep 14 2025 11:07;19.0;48.7;HT_3C71BF28FBD8
Sun, Sep 14 2025 11:17;18.9;48.9;HT_3C71BF28FBD8
Sun, Sep 14 2025 11:27;18.9;49.2;HT_3C71BF28FBD8
Sun, Sep 14 2025 11:37;19.6;50.3;HT_3C71BF28FBD8
Sun, Sep 14 2025 11:47;19.1;48.8;HT_3C71BF28FBD8
Sun, Sep 14 2025 11:57;18.9;48.9;HT_3C71BF28FBD8
Sun, Sep 14 2025 12:07;18.8;49.8;HT_3C71BF28FBD8
Sun, Sep 14 2025 12:17;18.9;50.0;HT_3C71BF28FBD8
Sun, Sep 14 2025 12:27;18.9;49.1;HT_3C71BF28FBD8
Sun, Sep 14 2025 12:37;18.9;50.0;HT_3C71BF28FBD8
Sun, Sep 14 2025 12:47;18.8;49.4;HT_3C71BF28FBD8
Sun, Sep 14 2025 12:57;18.9;51.6;HT_3C71BF28FBD8
Sun, Sep 14 2025 13:07;18.7;49.4;HT_3C71BF28FBD8
Sun, Sep 14 2025 13:17;18.7;49.9;HT_3C71BF28FBD8
Sun, Sep 14 2025 13:27;18.7;50.1;HT_3C71BF28FBD8
Sun, Sep 14 2025 13:37;18.6;50.0;HT_3C71BF28FBD8
Sun, Sep 14 2025 13:47;18.6;49.9;HT_3C71BF28FBD8
Sun, Sep 14 2025 13:57;19.4;51.0;HT_3C71BF28FBD8
Sun, Sep 14 2025 14:07;18.7;50.0;HT_3C71BF28FBD8
Sun, Sep 14 2025 14:17;19.2;51.1;HT_3C71BF28FBD8
Sun, Sep 14 2025 14:27;18.8;50.5;HT_3C71BF28FBD8
Sun, Sep 14 2025 14:37;18.9;52.2;HT_3C71BF28FBD8
Sun, Sep 14 2025 14:47;19.0;52.7;HT_3C71BF28FBD8
Sun, Sep 14 2025 14:57;18.8;50.5;HT_3C71BF28FBD8
Sun, Sep 14 2025 15:07;18.6;50.4;HT_3C71BF28FBD8
Sun, Sep 14 2025 15:17;18.5;50.5;HT_3C71BF28FBD8
Sun, Sep 14 2025 15:27;19.6;57.3;HT_3C71BF28FBD8
Sun, Sep 14 2025 15:37;18.9;51.0;HT_3C71BF28FBD8
Sun, Sep 14 2025 15:47;18.6;50.3;HT_3C71BF28FBD8
Sun, Sep 14 2025 15:57;18.5;49.3;HT_3C71BF28FBD8
Sun, Sep 14 2025 16:07;19.1;52.5;HT_3C71BF28FBD8
Sun, Sep 14 2025 16:17;18.6;51.8;HT_3C71BF28FBD8
Sun, Sep 14 2025 16:27;19.4;53.2;HT_3C71BF28FBD8
Sun, Sep 14 2025 16:37;20.6;52.9;HT_3C71BF28FBD8
Sun, Sep 14 2025 16:47;22.0;53.9;HT_3C71BF28FBD8
Sun, Sep 14 2025 16:57;22.9;53.3;HT_3C71BF28FBD8
Sun, Sep 14 2025 17:07;23.4;53.6;HT_3C71BF28FBD8
Sun, Sep 14 2025 17:17;24.0;53.8;HT_3C71BF28FBD8
Sun, Sep 14 2025 17:27;24.5;54.2;HT_3C71BF28FBD8
Sun, Sep 14 2025 17:37;24.9;53.5;HT_3C71BF28FBD8
Sun, Sep 14 2025 17:47;25.2;54.3;HT_3C71BF28FBD8
Sun, Sep 14 2025 17:57;25.6;53.9;HT_3C71BF28FBD8
Sun, Sep 14 2025 18:07;25.9;53.5;HT_3C71BF28FBD8
Sun, Sep 14 2025 18:17;26.2;53.4;HT_3C71BF28FBD8
Sun, Sep 14 2025 18:27;26.5;52.8;HT_3C71BF28FBD8
Sun, Sep 14 2025 18:37;26.7;52.5;HT_3C71BF28FBD8
Sun, Sep 14 2025 18:47;27.0;52.5;HT_3C71BF28FBD8
Sun, Sep 14 2025 18:57;27.2;52.4;HT_3C71BF28FBD8
Sun, Sep 14 2025 19:07;27.4;52.1;HT_3C71BF28FBD8
Sun, Sep 14 2025 19:17;27.6;51.6;HT_3C71BF28FBD8
Sun, Sep 14 2025 19:27;27.8;51.3;HT_3C71BF28FBD8
Sun, Sep 14 2025 19:37;27.9;51.1;HT_3C71BF28FBD8
Sun, Sep 14 2025 19:47;28.1;50.8;HT_3C71BF28FBD8
Sun, Sep 14 2025 19:57;28.2;50.6;HT_3C71BF28FBD8
Sun, Sep 14 2025 20:07;28.3;50.4;HT_3C71BF28FBD8
Sun, Sep 14 2025 20:17;28.5;50.1;HT_3C71BF28FBD8
Sun, Sep 14 2025 20:27;28.6;50.0;HT_3C71BF28FBD8
Sun, Sep 14 2025 20:37;28.7;49.7;HT_3C71BF28FBD8
Sun, Sep 14 2025 20:47;28.8;49.5;HT_3C71BF28FBD8
Sun, Sep 14 2025 20:57;28.9;49.4;HT_3C71BF28FBD8
Sun, Sep 14 2025 21:07;28.9;49.1;HT_3C71BF28FBD8
Sun, Sep 14 2025 21:17;29.0;49.0;HT_3C71BF28FBD8
Sun, Sep 14 2025 21:27;29.1;48.8;HT_3C71BF28FBD8
Sun, Sep 14 2025 21:37;29.2;48.7;HT_3C71BF28FBD8
Sun, Sep 14 2025 21:47;29.2;48.5;HT_3C71BF28FBD8
Sun, Sep 14 2025 21:57;29.3;48.4;HT_3C71BF28FBD8
Sun, Sep 14 2025 22:07;29.4;48.3;HT_3C71BF28FBD8
Sun, Sep 14 2025 22:17;29.4;49.0;HT_3C71BF28FBD8
Sun, Sep 14 2025 22:27;29.5;48.6;HT_3C71BF28FBD8
Sun, Sep 14 2025 22:37;29.6;48.4;HT_3C71BF28FBD8
Sun, Sep 14 2025 22:47;29.6;48.3;HT_3C71BF28FBD8
Sun, Sep 14 2025 22:57;29.7;48.4;HT_3C71BF28FBD8
Sun, Sep 14 2025 23:07;29.7;49.2;HT_3C71BF28FBD8
Sun, Sep 14 2025 23:17;29.8;49.9;HT_3C71BF28FBD8
Sun, Sep 14 2025 23:27;29.8;49.8;HT_3C71BF28FBD8
Sun, Sep 14 2025 23:37;29.8;49.3;HT_3C71BF28FBD8
Sun, Sep 14 2025 23:47;29.9;49.0;HT_3C71BF28FBD8
Sun, Sep 14 2025 23:57;29.9;48.6;HT_3C71BF28FBD8
Mon, Sep 15 2025 00:07;29.9;48.4;HT_3C71BF28FBD8
Mon, Sep 15 2025 00:17;30.0;48.1;HT_3C71BF28FBD8
Mon, Sep 15 2025 00:27;30.0;48.0;HT_3C71BF28FBD8
Mon, Sep 15 2025 00:37;30.0;47.8;HT_3C71BF28FBD8
Mon, Sep 15 2025 00:47;30.1;47.6;HT_3C71BF28FBD8
Mon, Sep 15 2025 00:57;30.1;47.4;HT_3C71BF28FBD8
Mon, Sep 15 2025 01:07;30.1;47.2;HT_3C71BF28FBD8
Mon, Sep 15 2025 01:17;30.2;47.1;HT_3C71BF28FBD8
Mon, Sep 15 2025 01:27;30.2;46.9;HT_3C71BF28FBD8
Mon, Sep 15 2025 01:37;30.2;46.8;HT_3C71BF28FBD8
Mon, Sep 15 2025 01:47;30.2;46.7;HT_3C71BF28FBD8
Mon, Sep 15 2025 01:57;30.2;46.8;HT_3C71BF28FBD8
Mon, Sep 15 2025 02:07;30.3;46.8;HT_3C71BF28FBD8
Mon, Sep 15 2025 02:17;30.3;47.0;HT_3C71BF28FBD8
Mon, Sep 15 2025 02:27;30.3;46.9;HT_3C71BF28FBD8
Mon, Sep 15 2025 02:37;30.3;46.7;HT_3C71BF28FBD8
Mon, Sep 15 2025 02:47;30.3;46.7;HT_3C71BF28FBD8
Mon, Sep 15 2025 02:57;30.3;46.7;HT_3C71BF28FBD8
Mon, Sep 15 2025 03:07;30.3;46.8;HT_3C71BF28FBD8
Mon, Sep 15 2025 03:17;30.4;47.1;HT_3C71BF28FBD8
Mon, Sep 15 2025 03:27;30.4;47.2;HT_3C71BF28FBD8
Mon, Sep 15 2025 03:37;30.4;47.4;HT_3C71BF28FBD8
Mon, Sep 15 2025 03:47;30.4;47.7;HT_3C71BF28FBD8
Mon, Sep 15 2025 03:57;30.4;47.7;HT_3C71BF28FBD8
Mon, Sep 15 2025 04:07;30.4;47.6;HT_3C71BF28FBD8
Mon, Sep 15 2025 04:17;30.4;47.4;HT_3C71BF28FBD8
Mon, Sep 15 2025 04:27;30.4;47.7;HT_3C71BF28FBD8
Mon, Sep 15 2025 04:37;30.5;48.6;HT_3C71BF28FBD8
Mon, Sep 15 2025 04:47;30.4;48.1;HT_3C71BF28FBD8
Mon, Sep 15 2025 04:57;30.4;46.9;HT_3C71BF28FBD8
Mon, Sep 15 2025 05:07;30.3;45.7;HT_3C71BF28FBD8
Mon, Sep 15 2025 05:17;30.3;44.6;HT_3C71BF28FBD8
Mon, Sep 15 2025 05:27;30.3;44.3;HT_3C71BF28FBD8
Mon, Sep 15 2025 05:37;30.3;44.4;HT_3C71BF28FBD8
Mon, Sep 15 2025 05:47;30.3;44.7;HT_3C71BF28FBD8
Mon, Sep 15 2025 05:57;30.3;44.9;HT_3C71BF28FBD8
Mon, Sep 15 2025 06:07;30.3;45.0;HT_3C71BF28FBD8
Mon, Sep 15 2025 06:17;30.3;45.3;HT_3C71BF28FBD8
Mon, Sep 15 2025 06:27;30.2;44.9;HT_3C71BF28FBD8
Mon, Sep 15 2025 06:37;30.2;44.9;HT_3C71BF28FBD8
Mon, Sep 15 2025 06:47;27.6;45.1;HT_3C71BF28FBD8
Mon, Sep 15 2025 06:58;23.8;45.9;HT_3C71BF28FBD8
Mon, Sep 15 2025 07:08;22.6;45.1;HT_3C71BF28FBD8
Mon, Sep 15 2025 07:18;21.9;44.9;HT_3C71BF28FBD8
Mon, Sep 15 2025 07:28;21.5;46.1;HT_3C71BF28FBD8
Mon, Sep 15 2025 07:38;21.2;45.5;HT_3C71BF28FBD8
Mon, Sep 15 2025 07:48;21.0;46.6;HT_3C71BF28FBD8
Mon, Sep 15 2025 07:58;20.7;45.2;HT_3C71BF28FBD8
Mon, Sep 15 2025 08:08;20.6;45.4;HT_3C71BF28FBD8
Mon, Sep 15 2025 08:18;20.4;47.5;HT_3C71BF28FBD8
Mon, Sep 15 2025 08:28;20.3;48.0;HT_3C71BF28FBD8
Mon, Sep 15 2025 08:38;20.2;48.3;HT_3C71BF28FBD8
Mon, Sep 15 2025 08:48;20.1;50.5;HT_3C71BF28FBD8
Mon, Sep 15 2025 08:58;19.9;50.5;HT_3C71BF28FBD8
Mon, Sep 15 2025 09:08;19.8;49.6;HT_3C71BF28FBD8
Mon, Sep 15 2025 09:18;19.8;49.5;HT_3C71BF28FBD8
Mon, Sep 15 2025 09:28;19.5;49.5;HT_3C71BF28FBD8
Mon, Sep 15 2025 09:38;19.5;49.1;HT_3C71BF28FBD8
Mon, Sep 15 2025 09:48;19.3;48.4;HT_3C71BF28FBD8
Mon, Sep 15 2025 09:58;19.3;48.6;HT_3C71BF28FBD8
Mon, Sep 15 2025 10:08;19.2;50.0;HT_3C71BF28FBD8
Mon, Sep 15 2025 10:18;19.1;49.5;HT_3C71BF28FBD8
Mon, Sep 15 2025 10:28;19.1;49.5;HT_3C71BF28FBD8
Mon, Sep 15 2025 10:38;21.6;64.2;HT_3C71BF28FBD8
Mon, Sep 15 2025 10:48;22.8;69.2;HT_3C71BF28FBD8
Mon, Sep 15 2025 10:58;23.6;63.0;HT_3C71BF28FBD8
Mon, Sep 15 2025 11:08;23.0;61.7;HT_3C71BF28FBD8
Mon, Sep 15 2025 11:18;23.1;63.5;HT_3C71BF28FBD8
Mon, Sep 15 2025 11:28;23.1;61.7;HT_3C71BF28FBD8
Mon, Sep 15 2025 11:38;23.3;61.2;HT_3C71BF28FBD8
Mon, Sep 15 2025 11:48;23.3;55.7;HT_3C71BF28FBD8
Mon, Sep 15 2025 11:58;22.9;53.6;HT_3C71BF28FBD8
Mon, Sep 15 2025 12:08;22.8;57.7;HT_3C71BF28FBD8
Mon, Sep 15 2025 12:18;23.1;60.6;HT_3C71BF28FBD8
Mon, Sep 15 2025 12:28;23.3;59.9;HT_3C71BF28FBD8
Mon, Sep 15 2025 12:38;23.4;55.2;HT_3C71BF28FBD8
Mon, Sep 15 2025 12:48;23.0;51.7;HT_3C71BF28FBD8
Mon, Sep 15 2025 12:58;22.9;57.6;HT_3C71BF28FBD8
Mon, Sep 15 2025 13:08;23.1;59.4;HT_3C71BF28FBD8
Mon, Sep 15 2025 13:18;23.4;56.3;HT_3C71BF28FBD8
Mon, Sep 15 2025 13:28;23.1;50.9;HT_3C71BF28FBD8
Mon, Sep 15 2025 13:38;22.8;54.7;HT_3C71BF28FBD8
Mon, Sep 15 2025 13:48;23.0;55.4;HT_3C71BF28FBD8
Mon, Sep 15 2025 13:58;23.4;53.1;HT_3C71BF28FBD8
Mon, Sep 15 2025 14:08;22.9;48.9;HT_3C71BF28FBD8
Mon, Sep 15 2025 14:18;22.8;55.2;HT_3C71BF28FBD8
Mon, Sep 15 2025 14:28;23.2;55.4;HT_3C71BF28FBD8
Mon, Sep 15 2025 14:38;23.2;50.1;HT_3C71BF28FBD8
Mon, Sep 15 2025 14:48;22.8;54.4;HT_3C71BF28FBD8
Mon, Sep 15 2025 14:58;23.1;56.3;HT_3C71BF28FBD8
Mon, Sep 15 2025 15:08;23.2;50.6;HT_3C71BF28FBD8
Mon, Sep 15 2025 15:18;22.7;51.8;HT_3C71BF28FBD8
Mon, Sep 15 2025 15:28;22.9;55.4;HT_3C71BF28FBD8
Mon, Sep 15 2025 15:38;23.2;53.3;HT_3C71BF28FBD8
Mon, Sep 15 2025 15:48;22.7;49.0;HT_3C71BF28FBD8
Mon, Sep 15 2025 15:58;22.6;55.9;HT_3C71BF28FBD8
Mon, Sep 15 2025 16:08;23.1;54.2;HT_3C71BF28FBD8
Mon, Sep 15 2025 16:18;22.8;49.4;HT_3C71BF28FBD8
Mon, Sep 15 2025 16:28;24.1;51.3;HT_3C71BF28FBD8
Mon, Sep 15 2025 16:38;25.3;48.9;HT_3C71BF28FBD8
Mon, Sep 15 2025 16:48;25.9;48.9;HT_3C71BF28FBD8
Mon, Sep 15 2025 16:58;26.2;49.1;HT_3C71BF28FBD8
Mon, Sep 15 2025 17:08;26.5;48.4;HT_3C71BF28FBD8
Mon, Sep 15 2025 17:18;26.7;48.2;HT_3C71BF28FBD8
Mon, Sep 15 2025 17:28;26.9;48.3;HT_3C71BF28FBD8
Mon, Sep 15 2025 17:38;27.2;48.3;HT_3C71BF28FBD8
Mon, Sep 15 2025 17:48;27.3;48.4;HT_3C71BF28FBD8
Mon, Sep 15 2025 17:58;27.5;48.3;HT_3C71BF28FBD8
Mon, Sep 15 2025 18:08;27.6;48.3;HT_3C71BF28FBD8
Mon, Sep 15 2025 18:18;27.8;48.3;HT_3C71BF28FBD8
Mon, Sep 15 2025 18:28;28.0;48.4;HT_3C71BF28FBD8
Mon, Sep 15 2025 18:38;28.1;48.6;HT_3C71BF28FBD8
Mon, Sep 15 2025 18:48;28.2;48.8;HT_3C71BF28FBD8
Mon, Sep 15 2025 18:58;28.3;49.0;HT_3C71BF28FBD8
Mon, Sep 15 2025 19:08;28.4;49.2;HT_3C71BF28FBD8
Mon, Sep 15 2025 19:18;28.5;49.3;HT_3C71BF28FBD8
Mon, Sep 15 2025 19:28;28.6;49.5;HT_3C71BF28FBD8
Mon, Sep 15 2025 19:38;28.7;49.5;HT_3C71BF28FBD8
Mon, Sep 15 2025 19:48;28.7;49.6;HT_3C71BF28FBD8
Mon, Sep 15 2025 19:58;28.9;49.6;HT_3C71BF28FBD8
Mon, Sep 15 2025 20:08;28.9;49.6;HT_3C71BF28FBD8
Mon, Sep 15 2025 20:18;29.0;49.6;HT_3C71BF28FBD8
Mon, Sep 15 2025 20:28;29.1;49.7;HT_3C71BF28FBD8
Mon, Sep 15 2025 20:38;29.2;49.7;HT_3C71BF28FBD8
Mon, Sep 15 2025 20:48;29.3;49.5;HT_3C71BF28FBD8
Mon, Sep 15 2025 20:58;29.3;49.4;HT_3C71BF28FBD8
Mon, Sep 15 2025 21:08;29.4;49.3;HT_3C71BF28FBD8
Mon, Sep 15 2025 21:18;29.5;49.2;HT_3C71BF28FBD8
Mon, Sep 15 2025 21:28;29.5;49.0;HT_3C71BF28FBD8
Mon, Sep 15 2025 21:38;29.5;48.9;HT_3C71BF28FBD8
Mon, Sep 15 2025 21:48;29.6;48.8;HT_3C71BF28FBD8
Mon, Sep 15 2025 21:58;29.7;48.7;HT_3C71BF28FBD8
Mon, Sep 15 2025 22:08;29.7;48.7;HT_3C71BF28FBD8
Mon, Sep 15 2025 22:18;29.7;48.7;HT_3C71BF28FBD8
Mon, Sep 15 2025 22:28;29.8;48.7;HT_3C71BF28FBD8
Mon, Sep 15 2025 22:38;29.8;48.7;HT_3C71BF28FBD8
Mon, Sep 15 2025 22:48;29.8;48.6;HT_3C71BF28FBD8
Mon, Sep 15 2025 22:58;29.9;48.5;HT_3C71BF28FBD8
Mon, Sep 15 2025 23:08;29.9;48.6;HT_3C71BF28FBD8
Mon, Sep 15 2025 23:18;29.9;48.6;HT_3C71BF28FBD8
Mon, Sep 15 2025 23:28;30.0;48.6;HT_3C71BF28FBD8
Mon, Sep 15 2025 23:38;30.0;48.6;HT_3C71BF28FBD8
Mon, Sep 15 2025 23:48;30.0;48.5;HT_3C71BF28FBD8
Mon, Sep 15 2025 23:58;30.0;48.4;HT_3C71BF28FBD8
Tue, Sep 16 2025 00:08;30.1;48.3;HT_3C71BF28FBD8
Tue, Sep 16 2025 00:18;30.1;48.1;HT_3C71BF28FBD8
Tue, Sep 16 2025 00:28;30.1;48.0;HT_3C71BF28FBD8
Tue, Sep 16 2025 00:38;30.1;48.1;HT_3C71BF28FBD8
Tue, Sep 16 2025 00:48;30.1;48.0;HT_3C71BF28FBD8
Tue, Sep 16 2025 00:58;30.1;47.9;HT_3C71BF28FBD8
Tue, Sep 16 2025 01:08;30.1;47.9;HT_3C71BF28FBD8
Tue, Sep 16 2025 01:18;30.2;47.8;HT_3C71BF28FBD8
Tue, Sep 16 2025 01:28;30.2;47.8;HT_3C71BF28FBD8
Tue, Sep 16 2025 01:38;30.2;47.8;HT_3C71BF28FBD8
Tue, Sep 16 2025 01:48;30.2;47.7;HT_3C71BF28FBD8
Tue, Sep 16 2025 01:58;30.2;47.7;HT_3C71BF28FBD8
Tue, Sep 16 2025 02:08;30.2;47.7;HT_3C71BF28FBD8
Tue, Sep 16 2025 02:18;30.2;47.6;HT_3C71BF28FBD8
Tue, Sep 16 2025 02:28;30.2;47.5;HT_3C71BF28FBD8
Tue, Sep 16 2025 02:38;30.2;47.4;HT_3C71BF28FBD8
Tue, Sep 16 2025 02:48;30.2;47.4;HT_3C71BF28FBD8
Tue, Sep 16 2025 02:58;30.2;47.5;HT_3C71BF28FBD8
Tue, Sep 16 2025 03:08;30.2;47.3;HT_3C71BF28FBD8
Tue, Sep 16 2025 03:18;30.1;47.3;HT_3C71BF28FBD8
Tue, Sep 16 2025 03:28;30.2;47.2;HT_3C71BF28FBD8
Tue, Sep 16 2025 03:38;30.2;47.3;HT_3C71BF28FBD8
Tue, Sep 16 2025 03:48;30.1;47.2;HT_3C71BF28FBD8
Tue, Sep 16 2025 03:58;30.2;47.1;HT_3C71BF28FBD8
Tue, Sep 16 2025 04:08;30.2;47.1;HT_3C71BF28FBD8
Tue, Sep 16 2025 04:18;30.2;47.2;HT_3C71BF28FBD8
Tue, Sep 16 2025 04:28;30.2;47.4;HT_3C71BF28FBD8
Tue, Sep 16 2025 04:38;30.2;47.4;HT_3C71BF28FBD8
Tue, Sep 16 2025 04:48;30.1;47.1;HT_3C71BF28FBD8
Tue, Sep 16 2025 04:58;30.1;46.4;HT_3C71BF28FBD8
Tue, Sep 16 2025 05:08;30.1;45.9;HT_3C71BF28FBD8
Tue, Sep 16 2025 05:18;30.0;45.5;HT_3C71BF28FBD8
Tue, Sep 16 2025 05:28;30.0;45.0;HT_3C71BF28FBD8
Tue, Sep 16 2025 05:38;30.0;44.4;HT_3C71BF28FBD8
Tue, Sep 16 2025 05:48;29.9;43.9;HT_3C71BF28FBD8
Tue, Sep 16 2025 05:58;29.9;43.6;HT_3C71BF28FBD8
Tue, Sep 16 2025 06:08;29.9;43.4;HT_3C71BF28FBD8
Tue, Sep 16 2025 06:18;29.9;43.1;HT_3C71BF28FBD8
Tue, Sep 16 2025 06:28;29.8;43.0;HT_3C71BF28FBD8
Tue, Sep 16 2025 06:38;29.8;42.9;HT_3C71BF28FBD8
Tue, Sep 16 2025 06:48;26.2;47.0;HT_3C71BF28FBD8
Tue, Sep 16 2025 06:58;25.2;54.9;HT_3C71BF28FBD8
Tue, Sep 16 2025 07:08;24.3;54.9;HT_3C71BF28FBD8
Tue, Sep 16 2025 07:18;24.0;52.0;HT_3C71BF28FBD8
Tue, Sep 16 2025 07:28;24.1;57.6;HT_3C71BF28FBD8
Tue, Sep 16 2025 07:38;23.4;54.4;HT_3C71BF28FBD8
Tue, Sep 16 2025 07:48;23.8;57.1;HT_3C71BF28FBD8
Tue, Sep 16 2025 07:58;23.1;52.7;HT_3C71BF28FBD8
Tue, Sep 16 2025 08:08;23.5;58.7;HT_3C71BF28FBD8
Tue, Sep 16 2025 08:18;23.6;55.7;HT_3C71BF28FBD8
Tue, Sep 16 2025 08:28;23.1;57.5;HT_3C71BF28FBD8
Tue, Sep 16 2025 08:38;23.4;62.2;HT_3C71BF28FBD8
Tue, Sep 16 2025 08:48;23.7;60.0;HT_3C71BF28FBD8
Tue, Sep 16 2025 08:58;23.1;54.9;HT_3C71BF28FBD8
Tue, Sep 16 2025 09:08;23.3;61.3;HT_3C71BF28FBD8
Tue, Sep 16 2025 09:18;23.4;61.4;HT_3C71BF28FBD8
Tue, Sep 16 2025 09:28;23.3;55.8;HT_3C71BF28FBD8
Tue, Sep 16 2025 09:38;22.9;52.6;HT_3C71BF28FBD8
Tue, Sep 16 2025 09:48;22.9;58.4;HT_3C71BF28FBD8
Tue, Sep 16 2025 09:58;23.0;58.9;HT_3C71BF28FBD8
Tue, Sep 16 2025 10:08;23.3;56.9;HT_3C71BF28FBD8
Tue, Sep 16 2025 10:16;23.3;56.7;HT_3C71BF28FBD8
Tue, Sep 16 2025 10:18;23.1;51.8;HT_3C71BF28FBD8
Tue, Sep 16 2025 10:28;22.8;55.2;HT_3C71BF28FBD8
Tue, Sep 16 2025 10:38;22.8;57.4;HT_3C71BF28FBD8
Tue, Sep 16 2025 12:01;24.3;56.5;HT_3C71BF28FBD8
Tue, Sep 16 2025 12:03;24.5;51.6;HT_3C71BF28FBD8
Tue, Sep 16 2025 12:12;22.0;54.9;HT_3C71BF28FBD8
Tue, Sep 16 2025 12:22;21.7;63.2;HT_3C71BF28FBD8
Tue, Sep 16 2025 12:31;21.7;65.5;HT_3C71BF28FBD8
Tue, Sep 16 2025 12:41;21.9;64.0;HT_3C71BF28FBD8
Tue, Sep 16 2025 12:50;22.0;58.5;HT_3C71BF28FBD8
Tue, Sep 16 2025 13:00;21.6;55.5;HT_3C71BF28FBD8
Tue, Sep 16 2025 13:10;21.5;60.1;HT_3C71BF28FBD8
Tue, Sep 16 2025 13:19;21.5;62.0;HT_3C71BF28FBD8
Tue, Sep 16 2025 13:29;21.9;59.6;HT_3C71BF28FBD8
Tue, Sep 16 2025 13:39;21.9;53.9;HT_3C71BF28FBD8
Tue, Sep 16 2025 13:48;21.5;52.6;HT_3C71BF28FBD8
Tue, Sep 16 2025 13:58;21.5;60.0;HT_3C71BF28FBD8
Tue, Sep 16 2025 14:07;21.7;58.3;HT_3C71BF28FBD8
Tue, Sep 16 2025 14:17;22.0;53.8;HT_3C71BF28FBD8
Tue, Sep 16 2025 14:27;21.6;52.2;HT_3C71BF28FBD8
Tue, Sep 16 2025 14:36;21.4;59.1;HT_3C71BF28FBD8
Tue, Sep 16 2025 14:46;21.6;59.7;HT_3C71BF28FBD8
Tue, Sep 16 2025 14:56;21.9;57.4;HT_3C71BF28FBD8
Tue, Sep 16 2025 15:05;21.7;52.9;HT_3C71BF28FBD8
Tue, Sep 16 2025 15:15;21.4;56.1;HT_3C71BF28FBD8
Tue, Sep 16 2025 15:24;21.4;60.1;HT_3C71BF28FBD8
Tue, Sep 16 2025 15:34;21.7;58.6;HT_3C71BF28FBD8
Tue, Sep 16 2025 15:44;21.9;54.5;HT_3C71BF28FBD8
Tue, Sep 16 2025 15:53;21.5;51.9;HT_3C71BF28FBD8
Tue, Sep 16 2025 16:03;21.4;58.6;HT_3C71BF28FBD8
Tue, Sep 16 2025 16:12;21.5;58.2;HT_3C71BF28FBD8
Tue, Sep 16 2025 16:22;22.0;56.6;HT_3C71BF28FBD8
Tue, Sep 16 2025 16:32;22.1;54.2;HT_3C71BF28FBD8
Tue, Sep 16 2025 16:41;22.9;53.6;HT_3C71BF28FBD8
Tue, Sep 16 2025 16:51;23.4;54.7;HT_3C71BF28FBD8
Tue, Sep 16 2025 17:00;23.7;55.2;HT_3C71BF28FBD8
Tue, Sep 16 2025 17:10;24.0;56.3;HT_3C71BF28FBD8
Tue, Sep 16 2025 17:20;24.2;55.8;HT_3C71BF28FBD8
Tue, Sep 16 2025 17:29;24.3;55.9;HT_3C71BF28FBD8
Tue, Sep 16 2025 17:39;24.5;55.7;HT_3C71BF28FBD8
Tue, Sep 16 2025 17:49;24.6;55.6;HT_3C71BF28FBD8
Tue, Sep 16 2025 17:58;24.8;55.4;HT_3C71BF28FBD8
Tue, Sep 16 2025 18:08;24.9;55.4;HT_3C71BF28FBD8
Tue, Sep 16 2025 18:17;25.0;55.5;HT_3C71BF28FBD8
Tue, Sep 16 2025 18:27;25.2;55.5;HT_3C71BF28FBD8
Tue, Sep 16 2025 18:37;25.3;55.7;HT_3C71BF28FBD8
Tue, Sep 16 2025 18:46;25.4;55.9;HT_3C71BF28FBD8
Tue, Sep 16 2025 18:56;25.5;55.9;HT_3C71BF28FBD8
Tue, Sep 16 2025 19:06;25.6;56.0;HT_3C71BF28FBD8
Tue, Sep 16 2025 19:15;25.7;55.9;HT_3C71BF28FBD8
Tue, Sep 16 2025 19:25;25.7;55.9;HT_3C71BF28FBD8
Tue, Sep 16 2025 19:34;25.8;55.8;HT_3C71BF28FBD8
Tue, Sep 16 2025 19:44;25.9;55.8;HT_3C71BF28FBD8
Tue, Sep 16 2025 19:54;26.0;55.8;HT_3C71BF28FBD8
Tue, Sep 16 2025 20:03;26.1;55.8;HT_3C71BF28FBD8
Tue, Sep 16 2025 20:13;26.1;55.8;HT_3C71BF28FBD8
Tue, Sep 16 2025 20:22;26.2;55.8;HT_3C71BF28FBD8
Tue, Sep 16 2025 20:32;26.2;55.8;HT_3C71BF28FBD8
Tue, Sep 16 2025 20:42;26.3;55.7;HT_3C71BF28FBD8
Tue, Sep 16 2025 20:51;26.3;55.5;HT_3C71BF28FBD8
Tue, Sep 16 2025 21:01;26.4;55.4;HT_3C71BF28FBD8
Tue, Sep 16 2025 21:11;26.4;55.3;HT_3C71BF28FBD8
Tue, Sep 16 2025 21:20;26.5;55.2;HT_3C71BF28FBD8
Tue, Sep 16 2025 21:30;26.5;55.1;HT_3C71BF28FBD8
Tue, Sep 16 2025 21:39;26.6;55.0;HT_3C71BF28FBD8
Tue, Sep 16 2025 21:49;26.6;54.9;HT_3C71BF28FBD8
Tue, Sep 16 2025 21:59;26.6;54.8;HT_3C71BF28FBD8
Tue, Sep 16 2025 22:08;26.7;54.8;HT_3C71BF28FBD8
Tue, Sep 16 2025 22:18;26.7;54.6;HT_3C71BF28FBD8
Tue, Sep 16 2025 22:27;26.7;54.6;HT_3C71BF28FBD8
Tue, Sep 16 2025 22:37;26.8;54.5;HT_3C71BF28FBD8
Tue, Sep 16 2025 22:47;26.8;54.4;HT_3C71BF28FBD8
Tue, Sep 16 2025 22:56;26.8;54.3;HT_3C71BF28FBD8
Tue, Sep 16 2025 23:06;26.9;54.2;HT_3C71BF28FBD8
Tue, Sep 16 2025 23:15;26.9;54.0;HT_3C71BF28FBD8
Tue, Sep 16 2025 23:25;26.9;54.0;HT_3C71BF28FBD8
Tue, Sep 16 2025 23:35;27.0;53.9;HT_3C71BF28FBD8
Tue, Sep 16 2025 23:44;26.9;53.8;HT_3C71BF28FBD8
Tue, Sep 16 2025 23:54;27.0;53.7;HT_3C71BF28FBD8
Wed, Sep 17 2025 00:04;27.0;53.7;HT_3C71BF28FBD8
Wed, Sep 17 2025 00:13;27.0;53.5;HT_3C71BF28FBD8
Wed, Sep 17 2025 00:23;27.0;53.5;HT_3C71BF28FBD8
Wed, Sep 17 2025 00:32;27.0;53.3;HT_3C71BF28FBD8
Wed, Sep 17 2025 00:42;27.1;53.2;HT_3C71BF28FBD8
Wed, Sep 17 2025 00:52;27.1;53.1;HT_3C71BF28FBD8
Wed, Sep 17 2025 01:01;27.1;53.1;HT_3C71BF28FBD8
Wed, Sep 17 2025 01:11;27.1;52.9;HT_3C71BF28FBD8
Wed, Sep 17 2025 01:20;27.1;52.7;HT_3C71BF28FBD8
Wed, Sep 17 2025 01:30;27.1;52.7;HT_3C71BF28FBD8
Wed, Sep 17 2025 01:40;27.1;52.7;HT_3C71BF28FBD8
Wed, Sep 17 2025 01:49;27.1;52.6;HT_3C71BF28FBD8
Wed, Sep 17 2025 01:59;27.1;52.4;HT_3C71BF28FBD8
Wed, Sep 17 2025 02:08;27.1;52.3;HT_3C71BF28FBD8
Wed, Sep 17 2025 02:18;27.2;52.2;HT_3C71BF28FBD8
Wed, Sep 17 2025 02:28;27.2;52.1;HT_3C71BF28FBD8
Wed, Sep 17 2025 02:37;27.2;52.1;HT_3C71BF28FBD8
Wed, Sep 17 2025 02:47;27.2;52.1;HT_3C71BF28FBD8
Wed, Sep 17 2025 02:56;27.2;51.9;HT_3C71BF28FBD8
Wed, Sep 17 2025 03:06;27.2;51.8;HT_3C71BF28FBD8
Wed, Sep 17 2025 03:16;27.1;51.8;HT_3C71BF28FBD8
Wed, Sep 17 2025 03:25;27.2;51.8;HT_3C71BF28FBD8
Wed, Sep 17 2025 03:35;27.2;51.8;HT_3C71BF28FBD8
Wed, Sep 17 2025 03:45;27.2;51.9;HT_3C71BF28FBD8
Wed, Sep 17 2025 03:54;27.2;51.8;HT_3C71BF28FBD8
Wed, Sep 17 2025 04:04;27.2;51.9;HT_3C71BF28FBD8
Wed, Sep 17 2025 04:13;27.2;51.9;HT_3C71BF28FBD8
Wed, Sep 17 2025 04:23;27.2;51.7;HT_3C71BF28FBD8
Wed, Sep 17 2025 04:33;27.2;51.9;HT_3C71BF28FBD8
Wed, Sep 17 2025 04:42;27.2;51.5;HT_3C71BF28FBD8
Wed, Sep 17 2025 04:52;27.2;50.8;HT_3C71BF28FBD8
Wed, Sep 17 2025 05:01;27.2;50.3;HT_3C71BF28FBD8
Wed, Sep 17 2025 05:11;27.1;49.6;HT_3C71BF28FBD8
Wed, Sep 17 2025 05:21;27.1;49.2;HT_3C71BF28FBD8
Wed, Sep 17 2025 05:30;27.1;49.1;HT_3C71BF28FBD8
Wed, Sep 17 2025 05:40;27.1;48.8;HT_3C71BF28FBD8
Wed, Sep 17 2025 05:49;27.1;48.6;HT_3C71BF28FBD8
Wed, Sep 17 2025 05:59;27.1;48.1;HT_3C71BF28FBD8
Wed, Sep 17 2025 06:09;27.0;47.9;HT_3C71BF28FBD8
Wed, Sep 17 2025 06:18;27.0;48.0;HT_3C71BF28FBD8
Wed, Sep 17 2025 06:28;27.0;47.8;HT_3C71BF28FBD8
Wed, Sep 17 2025 06:37;27.0;47.4;HT_3C71BF28FBD8
Wed, Sep 17 2025 06:47;24.5;49.7;HT_3C71BF28FBD8
Wed, Sep 17 2025 06:57;23.6;59.0;HT_3C71BF28FBD8
Wed, Sep 17 2025 07:06;22.7;55.5;HT_3C71BF28FBD8
Wed, Sep 17 2025 07:16;22.9;60.8;HT_3C71BF28FBD8
Wed, Sep 17 2025 07:25;22.2;55.9;HT_3C71BF28FBD8
Wed, Sep 17 2025 07:35;22.5;62.8;HT_3C71BF28FBD8
Wed, Sep 17 2025 07:45;22.5;57.3;HT_3C71BF28FBD8
Wed, Sep 17 2025 07:54;22.0;52.8;HT_3C71BF28FBD8
Wed, Sep 17 2025 08:04;22.0;60.1;HT_3C71BF28FBD8
Wed, Sep 17 2025 08:13;22.2;63.6;HT_3C71BF28FBD8
Wed, Sep 17 2025 08:23;22.3;59.0;HT_3C71BF28FBD8
Wed, Sep 17 2025 08:33;22.0;55.7;HT_3C71BF28FBD8
Wed, Sep 17 2025 08:42;21.8;58.6;HT_3C71BF28FBD8
Wed, Sep 17 2025 08:52;21.8;61.1;HT_3C71BF28FBD8
Wed, Sep 17 2025 09:01;22.0;63.6;HT_3C71BF28FBD8
Wed, Sep 17 2025 09:11;22.2;64.4;HT_3C71BF28FBD8
Wed, Sep 17 2025 09:21;22.1;60.1;HT_3C71BF28FBD8
Wed, Sep 17 2025 09:30;21.8;56.9;HT_3C71BF28FBD8
Wed, Sep 17 2025 09:40;21.6;58.6;HT_3C71BF28FBD8
Wed, Sep 17 2025 09:49;21.7;62.9;HT_3C71BF28FBD8
Wed, Sep 17 2025 09:59;21.9;64.9;HT_3C71BF28FBD8
Wed, Sep 17 2025 10:09;22.2;62.3;HT_3C71BF28FBD8
Wed, Sep 17 2025 10:18;21.9;56.5;HT_3C71BF28FBD8
Wed, Sep 17 2025 10:28;21.5;55.0;HT_3C71BF28FBD8
Wed, Sep 17 2025 10:37;21.5;60.0;HT_3C71BF28FBD8
Wed, Sep 17 2025 10:47;21.6;61.8;HT_3C71BF28FBD8
Wed, Sep 17 2025 10:57;21.9;60.7;HT_3C71BF28FBD8
Wed, Sep 17 2025 11:06;22.1;56.7;HT_3C71BF28FBD8
Wed, Sep 17 2025 11:16;21.8;53.7;HT_3C71BF28FBD8
Wed, Sep 17 2025 11:25;21.5;57.9;HT_3C71BF28FBD8
Wed, Sep 17 2025 11:35;21.5;61.1;HT_3C71BF28FBD8
Wed, Sep 17 2025 11:45;21.7;61.4;HT_3C71BF28FBD8
Wed, Sep 17 2025 11:54;22.0;60.7;HT_3C71BF28FBD8
Wed, Sep 17 2025 12:04;21.8;56.3;HT_3C71BF28FBD8
Wed, Sep 17 2025 12:14;22.6;57.4;HT_3C71BF28FBD8
Wed, Sep 17 2025 12:23;23.2;53.9;HT_3C71BF28FBD8
Wed, Sep 17 2025 12:33;23.5;51.4;HT_3C71BF28FBD8
Wed, Sep 17 2025 12:42;23.8;49.2;HT_3C71BF28FBD8
Wed, Sep 17 2025 12:52;24.0;47.6;HT_3C71BF28FBD8
Wed, Sep 17 2025 13:02;24.1;46.3;HT_3C71BF28FBD8
Wed, Sep 17 2025 13:11;24.2;46.1;HT_3C71BF28FBD8
Wed, Sep 17 2025 13:21;24.3;46.2;HT_3C71BF28FBD8
Wed, Sep 17 2025 13:30;24.4;46.4;HT_3C71BF28FBD8
Wed, Sep 17 2025 13:40;24.6;45.4;HT_3C71BF28FBD8
Wed, Sep 17 2025 13:50;24.8;46.0;HT_3C71BF28FBD8
Wed, Sep 17 2025 13:59;24.8;45.5;HT_3C71BF28FBD8
Wed, Sep 17 2025 14:09;24.9;45.8;HT_3C71BF28FBD8
Wed, Sep 17 2025 14:19;25.0;45.1;HT_3C71BF28FBD8
Wed, Sep 17 2025 14:28;25.0;44.3;HT_3C71BF28FBD8
Wed, Sep 17 2025 14:38;24.4;44.0;HT_3C71BF28FBD8
Wed, Sep 17 2025 14:47;22.9;53.5;HT_3C71BF28FBD8
Wed, Sep 17 2025 14:57;22.9;53.3;HT_3C71BF28FBD8
Wed, Sep 17 2025 15:07;23.2;52.1;HT_3C71BF28FBD8
Wed, Sep 17 2025 15:16;22.8;50.0;HT_3C71BF28FBD8
Wed, Sep 17 2025 15:26;22.5;55.6;HT_3C71BF28FBD8
Wed, Sep 17 2025 15:35;22.5;57.9;HT_3C71BF28FBD8
Wed, Sep 17 2025 15:45;22.6;57.0;HT_3C71BF28FBD8
Wed, Sep 17 2025 15:55;22.8;56.0;HT_3C71BF28FBD8
Wed, Sep 17 2025 16:04;22.9;53.2;HT_3C71BF28FBD8
Wed, Sep 17 2025 16:14;22.6;51.4;HT_3C71BF28FBD8
Wed, Sep 17 2025 16:23;23.1;54.8;HT_3C71BF28FBD8
Wed, Sep 17 2025 16:33;23.6;52.9;HT_3C71BF28FBD8
Wed, Sep 17 2025 16:43;23.9;51.4;HT_3C71BF28FBD8
Wed, Sep 17 2025 16:52;24.2;51.6;HT_3C71BF28FBD8
Wed, Sep 17 2025 17:02;24.4;51.6;HT_3C71BF28FBD8
Wed, Sep 17 2025 17:11;24.6;51.8;HT_3C71BF28FBD8
Wed, Sep 17 2025 17:21;24.7;51.9;HT_3C71BF28FBD8
Wed, Sep 17 2025 17:31;24.9;51.7;HT_3C71BF28FBD8
Wed, Sep 17 2025 17:40;25.0;52.1;HT_3C71BF28FBD8
Wed, Sep 17 2025 17:50;25.1;51.9;HT_3C71BF28FBD8
Wed, Sep 17 2025 18:00;25.2;52.1;HT_3C71BF28FBD8
Wed, Sep 17 2025 18:09;25.3;51.9;HT_3C71BF28FBD8
Wed, Sep 17 2025 18:19;25.4;51.8;HT_3C71BF28FBD8
Wed, Sep 17 2025 18:28;25.5;51.8;HT_3C71BF28FBD8
Wed, Sep 17 2025 18:38;25.6;51.7;HT_3C71BF28FBD8
Wed, Sep 17 2025 18:48;25.7;51.4;HT_3C71BF28FBD8
Wed, Sep 17 2025 18:57;25.8;51.2;HT_3C71BF28FBD8
Wed, Sep 17 2025 19:07;25.8;51.0;HT_3C71BF28FBD8
Wed, Sep 17 2025 19:17;25.9;50.8;HT_3C71BF28FBD8
Wed, Sep 17 2025 19:26;25.9;50.7;HT_3C71BF28FBD8
Wed, Sep 17 2025 19:36;26.0;50.5;HT_3C71BF28FBD8
Wed, Sep 17 2025 19:45;26.0;50.4;HT_3C71BF28FBD8
Wed, Sep 17 2025 19:55;26.1;50.3;HT_3C71BF28FBD8
Wed, Sep 17 2025 20:05;26.1;50.2;HT_3C71BF28FBD8
Wed, Sep 17 2025 20:14;26.2;50.1;HT_3C71BF28FBD8
Wed, Sep 17 2025 20:24;26.2;50.0;HT_3C71BF28FBD8
Wed, Sep 17 2025 20:33;26.3;49.9;HT_3C71BF28FBD8
Wed, Sep 17 2025 20:43;26.3;49.8;HT_3C71BF28FBD8
Wed, Sep 17 2025 20:53;26.4;49.6;HT_3C71BF28FBD8
Wed, Sep 17 2025 21:02;26.4;49.6;HT_3C71BF28FBD8
Wed, Sep 17 2025 21:12;26.5;49.5;HT_3C71BF28FBD8
Wed, Sep 17 2025 21:22;26.5;49.5;HT_3C71BF28FBD8
Wed, Sep 17 2025 21:31;26.5;49.4;HT_3C71BF28FBD8
Wed, Sep 17 2025 21:41;26.6;49.2;HT_3C71BF28FBD8
Wed, Sep 17 2025 21:50;26.5;49.2;HT_3C71BF28FBD8
Wed, Sep 17 2025 22:00;26.6;49.0;HT_3C71BF28FBD8
Wed, Sep 17 2025 22:10;26.6;49.1;HT_3C71BF28FBD8
Wed, Sep 17 2025 22:19;26.7;49.0;HT_3C71BF28FBD8
Wed, Sep 17 2025 22:29;26.7;48.9;HT_3C71BF28FBD8
Wed, Sep 17 2025 22:38;26.7;48.9;HT_3C71BF28FBD8
Wed, Sep 17 2025 22:48;26.7;48.7;HT_3C71BF28FBD8
Wed, Sep 17 2025 22:58;26.7;48.6;HT_3C71BF28FBD8
Wed, Sep 17 2025 23:07;26.8;48.7;HT_3C71BF28FBD8
Wed, Sep 17 2025 23:17;26.8;48.7;HT_3C71BF28FBD8
Wed, Sep 17 2025 23:27;26.8;48.6;HT_3C71BF28FBD8
Wed, Sep 17 2025 23:36;26.8;48.5;HT_3C71BF28FBD8
Wed, Sep 17 2025 23:46;26.8;48.5;HT_3C71BF28FBD8
Wed, Sep 17 2025 23:55;26.8;48.4;HT_3C71BF28FBD8
Thu, Sep 18 2025 00:05;26.8;48.3;HT_3C71BF28FBD8
Thu, Sep 18 2025 00:15;26.9;48.3;HT_3C71BF28FBD8
Thu, Sep 18 2025 00:24;26.9;48.3;HT_3C71BF28FBD8
Thu, Sep 18 2025 00:34;26.9;48.2;HT_3C71BF28FBD8
Thu, Sep 18 2025 00:43;26.9;48.2;HT_3C71BF28FBD8
Thu, Sep 18 2025 00:53;26.9;48.1;HT_3C71BF28FBD8
Thu, Sep 18 2025 01:03;26.9;48.0;HT_3C71BF28FBD8
Thu, Sep 18 2025 01:12;26.9;48.4;HT_3C71BF28FBD8
Thu, Sep 18 2025 01:22;26.9;48.2;HT_3C71BF28FBD8
Thu, Sep 18 2025 01:31;26.9;49.3;HT_3C71BF28FBD8
Thu, Sep 18 2025 01:41;26.9;49.0;HT_3C71BF28FBD8
Thu, Sep 18 2025 01:51;27.0;49.0;HT_3C71BF28FBD8
Thu, Sep 18 2025 02:00;26.9;49.1;HT_3C71BF28FBD8
Thu, Sep 18 2025 02:10;26.9;48.7;HT_3C71BF28FBD8
Thu, Sep 18 2025 06:49;25.2;58.5;HT_3C71BF28FBD8
Thu, Sep 18 2025 06:58;24.2;57.9;HT_3C71BF28FBD8
Thu, Sep 18 2025 07:08;23.4;54.9;HT_3C71BF28FBD8
Thu, Sep 18 2025 07:17;23.2;54.0;HT_3C71BF28FBD8
Thu, Sep 18 2025 07:27;22.8;55.6;HT_3C71BF28FBD8
Thu, Sep 18 2025 07:36;22.7;63.0;HT_3C71BF28FBD8
Thu, Sep 18 2025 07:46;22.6;56.5;HT_3C71BF28FBD8
Thu, Sep 18 2025 07:56;22.0;54.3;HT_3C71BF28FBD8
Thu, Sep 18 2025 08:05;22.1;61.7;HT_3C71BF28FBD8
Thu, Sep 18 2025 08:15;22.2;63.4;HT_3C71BF28FBD8
Thu, Sep 18 2025 08:24;22.5;62.5;HT_3C71BF28FBD8
Thu, Sep 18 2025 08:34;22.2;57.2;HT_3C71BF28FBD8
Thu, Sep 18 2025 08:44;21.9;59.4;HT_3C71BF28FBD8
Thu, Sep 18 2025 08:53;22.0;64.1;HT_3C71BF28FBD8
Thu, Sep 18 2025 09:03;22.1;67.0;HT_3C71BF28FBD8
Thu, Sep 18 2025 09:12;22.2;66.9;HT_3C71BF28FBD8
Thu, Sep 18 2025 09:22;22.4;65.0;HT_3C71BF28FBD8
Thu, Sep 18 2025 09:32;22.3;61.2;HT_3C71BF28FBD8
Thu, Sep 18 2025 09:41;22.0;58.8;HT_3C71BF28FBD8
Thu, Sep 18 2025 09:51;21.7;60.2;HT_3C71BF28FBD8
Thu, Sep 18 2025 10:00;21.7;62.3;HT_3C71BF28FBD8
Thu, Sep 18 2025 10:10;21.7;63.3;HT_3C71BF28FBD8
Thu, Sep 18 2025 10:20;21.9;65.8;HT_3C71BF28FBD8
Thu, Sep 18 2025 10:29;22.0;62.8;HT_3C71BF28FBD8
Thu, Sep 18 2025 10:39;22.1;59.4;HT_3C71BF28FBD8
Thu, Sep 18 2025 10:48;21.8;56.7;HT_3C71BF28FBD8
Thu, Sep 18 2025 10:58;21.7;62.7;HT_3C71BF28FBD8
Thu, Sep 18 2025 11:08;21.7;64.7;HT_3C71BF28FBD8
Thu, Sep 18 2025 11:17;21.9;64.5;HT_3C71BF28FBD8
Thu, Sep 18 2025 11:27;22.1;63.1;HT_3C71BF28FBD8
Thu, Sep 18 2025 11:36;22.1;58.9;HT_3C71BF28FBD8
Thu, Sep 18 2025 11:46;21.9;57.5;HT_3C71BF28FBD8
Thu, Sep 18 2025 11:56;21.7;61.5;HT_3C71BF28FBD8
Thu, Sep 18 2025 12:05;21.8;66.3;HT_3C71BF28FBD8
Thu, Sep 18 2025 12:15;22.1;68.8;HT_3C71BF28FBD8
Thu, Sep 18 2025 12:24;22.1;63.3;HT_3C71BF28FBD8
Thu, Sep 18 2025 12:34;21.9;58.9;HT_3C71BF28FBD8
Thu, Sep 18 2025 12:44;21.7;64.4;HT_3C71BF28FBD8
Thu, Sep 18 2025 12:53;21.8;66.2;HT_3C71BF28FBD8
Thu, Sep 18 2025 13:03;21.9;65.8;HT_3C71BF28FBD8
Thu, Sep 18 2025 13:12;22.2;64.2;HT_3C71BF28FBD8
Thu, Sep 18 2025 13:22;22.0;59.4;HT_3C71BF28FBD8
Thu, Sep 18 2025 13:32;21.7;63.4;HT_3C71BF28FBD8
Thu, Sep 18 2025 13:41;21.8;67.5;HT_3C71BF28FBD8
Thu, Sep 18 2025 13:51;21.9;69.1;HT_3C71BF28FBD8
Thu, Sep 18 2025 14:01;22.2;68.5;HT_3C71BF28FBD8
Thu, Sep 18 2025 14:10;22.2;63.7;HT_3C71BF28FBD8
Thu, Sep 18 2025 14:20;21.8;59.3;HT_3C71BF28FBD8
Thu, Sep 18 2025 14:29;21.8;63.7;HT_3C71BF28FBD8
Thu, Sep 18 2025 14:39;22.2;67.0;HT_3C71BF28FBD8
Thu, Sep 18 2025 14:49;22.9;65.8;HT_3C71BF28FBD8
Thu, Sep 18 2025 14:58;23.4;65.2;HT_3C71BF28FBD8
Thu, Sep 18 2025 15:08;23.8;63.3;HT_3C71BF28FBD8
Thu, Sep 18 2025 15:17;24.1;64.4;HT_3C71BF28FBD8
Thu, Sep 18 2025 15:27;24.3;64.2;HT_3C71BF28FBD8
Thu, Sep 18 2025 15:37;24.5;65.3;HT_3C71BF28FBD8
Thu, Sep 18 2025 15:46;24.7;65.6;HT_3C71BF28FBD8
Thu, Sep 18 2025 15:56;24.9;64.7;HT_3C71BF28FBD8
Thu, Sep 18 2025 16:06;25.0;63.7;HT_3C71BF28FBD8
Thu, Sep 18 2025 16:15;25.2;63.2;HT_3C71BF28FBD8
Thu, Sep 18 2025 16:25;25.3;61.8;HT_3C71BF28FBD8
Thu, Sep 18 2025 16:34;25.4;60.5;HT_3C71BF28FBD8
Thu, Sep 18 2025 16:44;25.5;59.4;HT_3C71BF28FBD8
Thu, Sep 18 2025 16:54;25.6;58.1;HT_3C71BF28FBD8
Thu, Sep 18 2025 17:03;25.7;58.0;HT_3C71BF28FBD8
Thu, Sep 18 2025 17:13;25.8;58.1;HT_3C71BF28FBD8
Thu, Sep 18 2025 17:23;25.8;57.8;HT_3C71BF28FBD8
Thu, Sep 18 2025 17:32;25.9;57.4;HT_3C71BF28FBD8
Thu, Sep 18 2025 17:42;26.0;57.1;HT_3C71BF28FBD8
Thu, Sep 18 2025 17:51;26.0;57.2;HT_3C71BF28FBD8
Thu, Sep 18 2025 18:01;26.1;57.1;HT_3C71BF28FBD8
Thu, Sep 18 2025 18:11;26.1;57.2;HT_3C71BF28FBD8
Thu, Sep 18 2025 18:20;26.2;57.2;HT_3C71BF28FBD8
Thu, Sep 18 2025 18:30;26.2;56.8;HT_3C71BF28FBD8
Thu, Sep 18 2025 18:39;26.3;56.8;HT_3C71BF28FBD8
Thu, Sep 18 2025 18:49;26.4;56.5;HT_3C71BF28FBD8
Thu, Sep 18 2025 18:59;26.4;56.4;HT_3C71BF28FBD8
Thu, Sep 18 2025 19:08;26.4;56.8;HT_3C71BF28FBD8
Thu, Sep 18 2025 19:18;26.5;56.4;HT_3C71BF28FBD8
Thu, Sep 18 2025 19:28;26.5;56.1;HT_3C71BF28FBD8
Thu, Sep 18 2025 19:37;26.5;56.1;HT_3C71BF28FBD8
Thu, Sep 18 2025 19:47;26.6;55.9;HT_3C71BF28FBD8
Thu, Sep 18 2025 19:56;26.7;56.3;HT_3C71BF28FBD8
Thu, Sep 18 2025 20:06;26.7;56.5;HT_3C71BF28FBD8
Thu, Sep 18 2025 20:16;26.7;56.5;HT_3C71BF28FBD8
Thu, Sep 18 2025 20:25;26.7;55.8;HT_3C71BF28FBD8
Thu, Sep 18 2025 20:35;26.8;55.8;HT_3C71BF28FBD8
Thu, Sep 18 2025 20:44;26.8;55.6;HT_3C71BF28FBD8
Thu, Sep 18 2025 20:54;26.8;55.8;HT_3C71BF28FBD8
Thu, Sep 18 2025 21:04;26.9;55.6;HT_3C71BF28FBD8
Thu, Sep 18 2025 21:13;26.9;55.6;HT_3C71BF28FBD8
Thu, Sep 18 2025 21:23;26.9;55.3;HT_3C71BF28FBD8
Thu, Sep 18 2025 21:32;26.9;55.4;HT_3C71BF28FBD8
Thu, Sep 18 2025 21:42;27.0;55.9;HT_3C71BF28FBD8
Thu, Sep 18 2025 21:52;27.0;55.7;HT_3C71BF28FBD8
Thu, Sep 18 2025 22:01;27.0;55.4;HT_3C71BF28FBD8
Thu, Sep 18 2025 22:11;27.0;55.2;HT_3C71BF28FBD8
Thu, Sep 18 2025 22:21;27.1;55.5;HT_3C71BF28FBD8
Thu, Sep 18 2025 22:30;27.1;55.5;HT_3C71BF28FBD8
Thu, Sep 18 2025 22:40;27.1;55.2;HT_3C71BF28FBD8
Thu, Sep 18 2025 22:49;27.1;55.1;HT_3C71BF28FBD8
Thu, Sep 18 2025 22:59;27.1;55.2;HT_3C71BF28FBD8
Thu, Sep 18 2025 23:09;27.1;55.2;HT_3C71BF28FBD8
Thu, Sep 18 2025 23:18;27.1;55.5;HT_3C71BF28FBD8
Thu, Sep 18 2025 23:28;27.2;55.2;HT_3C71BF28FBD8
Thu, Sep 18 2025 23:37;27.2;55.2;HT_3C71BF28FBD8
Thu, Sep 18 2025 23:47;27.2;55.2;HT_3C71BF28FBD8
Thu, Sep 18 2025 23:57;27.2;55.4;HT_3C71BF28FBD8
Fri, Sep 19 2025 00:06;27.2;55.5;HT_3C71BF28FBD8
Fri, Sep 19 2025 00:16;27.2;55.4;HT_3C71BF28FBD8
Fri, Sep 19 2025 00:25;27.2;55.5;HT_3C71BF28FBD8
Fri, Sep 19 2025 00:35;27.2;56.0;HT_3C71BF28FBD8
Fri, Sep 19 2025 00:45;27.2;55.7;HT_3C71BF28FBD8
Fri, Sep 19 2025 00:54;27.3;55.9;HT_3C71BF28FBD8
Fri, Sep 19 2025 01:04;27.3;55.9;HT_3C71BF28FBD8
Fri, Sep 19 2025 01:13;27.3;56.0;HT_3C71BF28FBD8
Fri, Sep 19 2025 01:23;27.3;55.9;HT_3C71BF28FBD8
Fri, Sep 19 2025 01:33;27.3;55.7;HT_3C71BF28FBD8
Fri, Sep 19 2025 01:42;27.3;55.8;HT_3C71BF28FBD8
Fri, Sep 19 2025 01:52;27.3;55.5;HT_3C71BF28FBD8
Fri, Sep 19 2025 02:02;27.3;55.5;HT_3C71BF28FBD8
Fri, Sep 19 2025 02:11;27.3;55.6;HT_3C71BF28FBD8
Fri, Sep 19 2025 02:21;27.3;55.4;HT_3C71BF28FBD8
Fri, Sep 19 2025 02:30;27.3;55.2;HT_3C71BF28FBD8
Fri, Sep 19 2025 02:40;27.3;55.2;HT_3C71BF28FBD8
Fri, Sep 19 2025 02:50;27.3;55.6;HT_3C71BF28FBD8
Fri, Sep 19 2025 02:59;27.4;55.1;HT_3C71BF28FBD8
Fri, Sep 19 2025 03:09;27.3;55.6;HT_3C71BF28FBD8
Fri, Sep 19 2025 03:18;27.4;55.7;HT_3C71BF28FBD8
Fri, Sep 19 2025 03:28;27.4;55.5;HT_3C71BF28FBD8
Fri, Sep 19 2025 03:38;27.4;55.2;HT_3C71BF28FBD8
Fri, Sep 19 2025 03:47;27.4;56.4;HT_3C71BF28FBD8
Fri, Sep 19 2025 03:57;27.4;55.6;HT_3C71BF28FBD8
Fri, Sep 19 2025 04:07;27.4;55.5;HT_3C71BF28FBD8
Fri, Sep 19 2025 04:16;27.4;55.7;HT_3C71BF28FBD8
Fri, Sep 19 2025 04:26;27.4;56.9;HT_3C71BF28FBD8
Fri, Sep 19 2025 04:35;27.4;56.8;HT_3C71BF28FBD8
Fri, Sep 19 2025 04:45;27.3;56.4;HT_3C71BF28FBD8
Fri, Sep 19 2025 04:55;27.4;56.3;HT_3C71BF28FBD8
Fri, Sep 19 2025 05:04;27.4;56.1;HT_3C71BF28FBD8
Fri, Sep 19 2025 05:14;27.3;56.6;HT_3C71BF28FBD8
Fri, Sep 19 2025 05:23;27.3;55.8;HT_3C71BF28FBD8
Fri, Sep 19 2025 05:33;27.3;56.6;HT_3C71BF28FBD8
Fri, Sep 19 2025 05:43;27.3;55.7;HT_3C71BF28FBD8
Fri, Sep 19 2025 05:52;27.3;55.4;HT_3C71BF28FBD8
Fri, Sep 19 2025 06:02;27.3;55.7;HT_3C71BF28FBD8
Fri, Sep 19 2025 06:12;27.3;55.8;HT_3C71BF28FBD8
Fri, Sep 19 2025 06:21;27.3;55.8;HT_3C71BF28FBD8
Fri, Sep 19 2025 06:31;27.3;55.6;HT_3C71BF28FBD8
Fri, Sep 19 2025 06:40;27.3;56.1;HT_3C71BF28FBD8
Fri, Sep 19 2025 06:50;27.3;55.6;HT_3C71BF28FBD8
Fri, Sep 19 2025 07:00;27.3;55.9;HT_3C71BF28FBD8
Fri, Sep 19 2025 07:09;27.3;56.3;HT_3C71BF28FBD8
Fri, Sep 19 2025 07:19;27.3;56.7;HT_3C71BF28FBD8
Fri, Sep 19 2025 07:28;27.3;57.1;HT_3C71BF28FBD8
Fri, Sep 19 2025 07:38;27.4;57.5;HT_3C71BF28FBD8
Fri, Sep 19 2025 07:48;27.4;58.8;HT_3C71BF28FBD8
Fri, Sep 19 2025 07:57;27.4;58.8;HT_3C71BF28FBD8
Fri, Sep 19 2025 08:07;27.4;57.5;HT_3C71BF28FBD8
Fri, Sep 19 2025 08:17;27.5;58.4;HT_3C71BF28FBD8
Fri, Sep 19 2025 08:26;27.5;57.6;HT_3C71BF28FBD8
Fri, Sep 19 2025 08:36;27.5;57.3;HT_3C71BF28FBD8
Fri, Sep 19 2025 08:45;27.5;57.3;HT_3C71BF28FBD8
Fri, Sep 19 2025 08:55;27.5;57.6;HT_3C71BF28FBD8
Fri, Sep 19 2025 09:05;27.6;57.3;HT_3C71BF28FBD8
Fri, Sep 19 2025 09:14;27.6;57.5;HT_3C71BF28FBD8
Fri, Sep 19 2025 09:24;27.6;57.7;HT_3C71BF28FBD8
Fri, Sep 19 2025 09:33;27.7;57.6;HT_3C71BF28FBD8
Fri, Sep 19 2025 09:43;27.7;58.2;HT_3C71BF28FBD8
Fri, Sep 19 2025 09:53;27.7;57.6;HT_3C71BF28FBD8
Fri, Sep 19 2025 10:02;27.7;57.7;HT_3C71BF28FBD8
Fri, Sep 19 2025 10:12;27.8;57.4;HT_3C71BF28FBD8
Fri, Sep 19 2025 10:22;27.8;57.3;HT_3C71BF28FBD8
Fri, Sep 19 2025 10:31;27.8;57.5;HT_3C71BF28FBD8
Fri, Sep 19 2025 10:41;27.9;57.6;HT_3C71BF28FBD8
Fri, Sep 19 2025 10:50;27.9;57.5;HT_3C71BF28FBD8
Fri, Sep 19 2025 11:00;27.9;57.5;HT_3C71BF28FBD8
Fri, Sep 19 2025 11:10;27.9;57.2;HT_3C71BF28FBD8
Fri, Sep 19 2025 11:19;28.0;57.1;HT_3C71BF28FBD8
Fri, Sep 19 2025 11:29;28.0;57.1;HT_3C71BF28FBD8
Fri, Sep 19 2025 11:39;28.0;57.1;HT_3C71BF28FBD8
Fri, Sep 19 2025 11:48;28.0;57.2;HT_3C71BF28FBD8
Fri, Sep 19 2025 11:58;28.0;57.1;HT_3C71BF28FBD8
Fri, Sep 19 2025 12:07;28.1;57.0;HT_3C71BF28FBD8
Fri, Sep 19 2025 12:17;28.1;57.0;HT_3C71BF28FBD8
Fri, Sep 19 2025 12:27;28.1;57.0;HT_3C71BF28FBD8
Fri, Sep 19 2025 12:36;28.2;56.5;HT_3C71BF28FBD8
Fri, Sep 19 2025 12:46;28.2;55.1;HT_3C71BF28FBD8
Fri, Sep 19 2025 12:55;28.2;54.5;HT_3C71BF28FBD8
Fri, Sep 19 2025 13:05;28.2;54.4;HT_3C71BF28FBD8
Fri, Sep 19 2025 13:15;28.2;54.0;HT_3C71BF28FBD8
Fri, Sep 19 2025 13:24;28.2;54.2;HT_3C71BF28FBD8
Fri, Sep 19 2025 13:34;28.2;54.5;HT_3C71BF28FBD8
Fri, Sep 19 2025 13:44;28.2;54.4;HT_3C71BF28FBD8
Fri, Sep 19 2025 13:53;28.3;54.4;HT_3C71BF28FBD8
Fri, Sep 19 2025 14:03;28.3;54.1;HT_3C71BF28FBD8
Fri, Sep 19 2025 14:12;28.3;54.0;HT_3C71BF28FBD8
Fri, Sep 19 2025 14:22;28.3;53.9;HT_3C71BF28FBD8
Fri, Sep 19 2025 14:32;28.3;54.1;HT_3C71BF28FBD8
Fri, Sep 19 2025 14:41;28.3;54.0;HT_3C71BF28FBD8
Fri, Sep 19 2025 14:51;28.3;54.0;HT_3C71BF28FBD8
Fri, Sep 19 2025 15:00;28.4;54.0;HT_3C71BF28FBD8
Fri, Sep 19 2025 15:10;28.4;54.0;HT_3C71BF28FBD8
Fri, Sep 19 2025 15:20;28.4;53.7;HT_3C71BF28FBD8
Fri, Sep 19 2025 15:29;28.4;53.7;HT_3C71BF28FBD8
Fri, Sep 19 2025 15:39;28.4;53.5;HT_3C71BF28FBD8
Fri, Sep 19 2025 15:48;28.4;53.5;HT_3C71BF28FBD8
Fri, Sep 19 2025 15:58;28.5;53.4;HT_3C71BF28FBD8
Fri, Sep 19 2025 16:08;28.5;53.3;HT_3C71BF28FBD8
Fri, Sep 19 2025 16:17;28.5;53.4;HT_3C71BF28FBD8
Fri, Sep 19 2025 16:27;28.5;53.1;HT_3C71BF28FBD8
Fri, Sep 19 2025 16:36;28.5;52.9;HT_3C71BF28FBD8
Fri, Sep 19 2025 16:46;28.5;52.7;HT_3C71BF28FBD8
Fri, Sep 19 2025 16:56;28.5;52.5;HT_3C71BF28FBD8
Fri, Sep 19 2025 17:05;28.5;52.4;HT_3C71BF28FBD8
Fri, Sep 19 2025 17:15;28.6;52.4;HT_3C71BF28FBD8
Fri, Sep 19 2025 17:25;28.6;52.5;HT_3C71BF28FBD8
Fri, Sep 19 2025 17:34;28.6;52.5;HT_3C71BF28FBD8
Fri, Sep 19 2025 17:44;28.6;52.2;HT_3C71BF28FBD8
Fri, Sep 19 2025 17:53;28.6;52.0;HT_3C71BF28FBD8
Fri, Sep 19 2025 18:03;28.6;51.9;HT_3C71BF28FBD8
Fri, Sep 19 2025 18:13;28.6;51.8;HT_3C71BF28FBD8
Fri, Sep 19 2025 18:22;28.6;51.5;HT_3C71BF28FBD8
Fri, Sep 19 2025 18:32;28.6;51.4;HT_3C71BF28FBD8
Fri, Sep 19 2025 18:41;28.6;51.3;HT_3C71BF28FBD8
Fri, Sep 19 2025 18:51;28.6;51.0;HT_3C71BF28FBD8
Fri, Sep 19 2025 19:01;28.6;51.0;HT_3C71BF28FBD8
Fri, Sep 19 2025 19:10;28.6;50.8;HT_3C71BF28FBD8
Fri, Sep 19 2025 19:20;28.6;50.6;HT_3C71BF28FBD8
Fri, Sep 19 2025 19:29;28.6;50.4;HT_3C71BF28FBD8
Fri, Sep 19 2025 19:39;28.6;50.4;HT_3C71BF28FBD8
Fri, Sep 19 2025 19:49;28.6;50.2;HT_3C71BF28FBD8
Fri, Sep 19 2025 19:58;28.6;50.2;HT_3C71BF28FBD8
Fri, Sep 19 2025 20:08;28.6;50.0;HT_3C71BF28FBD8
Fri, Sep 19 2025 20:18;28.6;49.8;HT_3C71BF28FBD8
Fri, Sep 19 2025 20:27;28.6;49.7;HT_3C71BF28FBD8
Fri, Sep 19 2025 20:37;28.6;49.6;HT_3C71BF28FBD8
Fri, Sep 19 2025 20:46;28.6;49.5;HT_3C71BF28FBD8
Fri, Sep 19 2025 20:56;28.6;49.4;HT_3C71BF28FBD8
Fri, Sep 19 2025 21:06;28.6;49.3;HT_3C71BF28FBD8
Fri, Sep 19 2025 21:15;28.6;48.9;HT_3C71BF28FBD8
Fri, Sep 19 2025 21:25;28.6;48.7;HT_3C71BF28FBD8
Fri, Sep 19 2025 21:35;28.6;48.8;HT_3C71BF28FBD8
Fri, Sep 19 2025 21:44;28.6;48.6;HT_3C71BF28FBD8
Fri, Sep 19 2025 21:54;28.6;48.5;HT_3C71BF28FBD8
Fri, Sep 19 2025 22:03;28.6;48.3;HT_3C71BF28FBD8
Fri, Sep 19 2025 22:13;28.6;48.4;HT_3C71BF28FBD8
Fri, Sep 19 2025 22:23;28.6;48.0;HT_3C71BF28FBD8
Fri, Sep 19 2025 22:32;28.5;48.1;HT_3C71BF28FBD8
Fri, Sep 19 2025 22:42;28.5;47.9;HT_3C71BF28FBD8
Fri, Sep 19 2025 22:51;28.5;47.8;HT_3C71BF28FBD8
Fri, Sep 19 2025 23:01;28.5;47.6;HT_3C71BF28FBD8
Fri, Sep 19 2025 23:11;28.5;47.5;HT_3C71BF28FBD8
Fri, Sep 19 2025 23:20;28.5;47.4;HT_3C71BF28FBD8
Fri, Sep 19 2025 23:30;28.5;47.4;HT_3C71BF28FBD8
Fri, Sep 19 2025 23:39;28.5;47.0;HT_3C71BF28FBD8
Fri, Sep 19 2025 23:49;28.5;46.9;HT_3C71BF28FBD8
Fri, Sep 19 2025 23:59;28.5;46.8;HT_3C71BF28FBD8
Sat, Sep 20 2025 00:08;28.5;46.9;HT_3C71BF28FBD8
Sat, Sep 20 2025 00:18;28.4;46.8;HT_3C71BF28FBD8
Sat, Sep 20 2025 00:28;28.4;46.6;HT_3C71BF28FBD8
Sat, Sep 20 2025 00:37;28.5;46.5;HT_3C71BF28FBD8
Sat, Sep 20 2025 00:47;28.4;46.4;HT_3C71BF28FBD8
Sat, Sep 20 2025 00:56;28.4;46.3;HT_3C71BF28FBD8
Sat, Sep 20 2025 01:06;28.4;46.2;HT_3C71BF28FBD8
Sat, Sep 20 2025 01:16;28.4;46.1;HT_3C71BF28FBD8
Sat, Sep 20 2025 01:25;28.4;46.2;HT_3C71BF28FBD8
Sat, Sep 20 2025 01:35;28.4;46.0;HT_3C71BF28FBD8
Sat, Sep 20 2025 01:45;28.4;45.9;HT_3C71BF28FBD8
Sat, Sep 20 2025 01:54;28.4;45.8;HT_3C71BF28FBD8
Sat, Sep 20 2025 02:04;28.4;46.0;HT_3C71BF28FBD8
Sat, Sep 20 2025 02:13;28.3;45.9;HT_3C71BF28FBD8
Sat, Sep 20 2025 02:23;28.3;45.8;HT_3C71BF28FBD8
Sat, Sep 20 2025 02:33;28.3;45.7;HT_3C71BF28FBD8
Sat, Sep 20 2025 02:42;28.3;45.7;HT_3C71BF28FBD8
Sat, Sep 20 2025 02:52;28.3;45.7;HT_3C71BF28FBD8
Sat, Sep 20 2025 03:01;28.2;45.6;HT_3C71BF28FBD8
Sat, Sep 20 2025 03:11;28.2;45.6;HT_3C71BF28FBD8
Sat, Sep 20 2025 03:21;28.2;45.5;HT_3C71BF28FBD8
Sat, Sep 20 2025 03:30;28.2;45.4;HT_3C71BF28FBD8
Sat, Sep 20 2025 03:40;28.2;45.3;HT_3C71BF28FBD8
Sat, Sep 20 2025 03:49;28.2;45.2;HT_3C71BF28FBD8
Sat, Sep 20 2025 03:59;28.2;45.2;HT_3C71BF28FBD8
Sat, Sep 20 2025 04:09;28.2;45.1;HT_3C71BF28FBD8
Sat, Sep 20 2025 04:18;28.2;45.0;HT_3C71BF28FBD8
Sat, Sep 20 2025 04:28;28.1;44.8;HT_3C71BF28FBD8
Sat, Sep 20 2025 04:38;28.1;45.0;HT_3C71BF28FBD8
Sat, Sep 20 2025 04:47;28.1;44.8;HT_3C71BF28FBD8
Sat, Sep 20 2025 04:57;28.1;44.8;HT_3C71BF28FBD8
Sat, Sep 20 2025 05:06;28.1;44.8;HT_3C71BF28FBD8
Sat, Sep 20 2025 05:16;28.1;44.7;HT_3C71BF28FBD8
Sat, Sep 20 2025 05:26;28.0;44.7;HT_3C71BF28FBD8
Sat, Sep 20 2025 05:35;28.0;44.5;HT_3C71BF28FBD8
Sat, Sep 20 2025 05:45;28.0;44.4;HT_3C71BF28FBD8
Sat, Sep 20 2025 05:54;28.0;44.4;HT_3C71BF28FBD8
Sat, Sep 20 2025 06:04;28.0;44.4;HT_3C71BF28FBD8
Sat, Sep 20 2025 06:14;28.0;44.5;HT_3C71BF28FBD8
Sat, Sep 20 2025 06:23;28.0;44.5;HT_3C71BF28FBD8
Sat, Sep 20 2025 06:33;27.9;44.3;HT_3C71BF28FBD8
Sat, Sep 20 2025 06:42;27.9;44.2;HT_3C71BF28FBD8
Sat, Sep 20 2025 06:52;27.9;44.3;HT_3C71BF28FBD8
Sat, Sep 20 2025 07:02;27.9;44.3;HT_3C71BF28FBD8
Sat, Sep 20 2025 07:11;27.9;44.2;HT_3C71BF28FBD8
Sat, Sep 20 2025 07:21;27.9;44.1;HT_3C71BF28FBD8
Sat, Sep 20 2025 07:31;27.9;44.2;HT_3C71BF28FBD8
Sat, Sep 20 2025 07:40;27.9;44.4;HT_3C71BF28FBD8
Sat, Sep 20 2025 07:50;27.9;44.6;HT_3C71BF28FBD8
Sat, Sep 20 2025 07:59;27.9;44.7;HT_3C71BF28FBD8
Sat, Sep 20 2025 08:09;27.9;44.7;HT_3C71BF28FBD8
Sat, Sep 20 2025 08:19;27.8;44.9;HT_3C71BF28FBD8
Sat, Sep 20 2025 08:28;27.8;44.7;HT_3C71BF28FBD8
Sat, Sep 20 2025 08:38;27.8;44.7;HT_3C71BF28FBD8
Sat, Sep 20 2025 08:47;27.8;44.5;HT_3C71BF28FBD8
Sat, Sep 20 2025 08:57;27.8;44.4;HT_3C71BF28FBD8
Sat, Sep 20 2025 09:07;27.9;44.5;HT_3C71BF28FBD8
Sat, Sep 20 2025 09:16;27.9;44.1;HT_3C71BF28FBD8
Sat, Sep 20 2025 09:26;27.9;44.0;HT_3C71BF28FBD8
Sat, Sep 20 2025 09:35;27.9;43.9;HT_3C71BF28FBD8
Sat, Sep 20 2025 09:45;27.9;43.9;HT_3C71BF28FBD8
Sat, Sep 20 2025 09:55;27.9;44.0;HT_3C71BF28FBD8
Sat, Sep 20 2025 10:04;27.9;43.8;HT_3C71BF28FBD8
Sat, Sep 20 2025 10:14;27.9;43.8;HT_3C71BF28FBD8
Sat, Sep 20 2025 10:24;27.9;43.9;HT_3C71BF28FBD8
Sat, Sep 20 2025 10:33;27.9;43.8;HT_3C71BF28FBD8
Sat, Sep 20 2025 10:43;27.9;44.1;HT_3C71BF28FBD8
Sat, Sep 20 2025 10:52;28.0;44.4;HT_3C71BF28FBD8
Sat, Sep 20 2025 11:02;28.0;44.4;HT_3C71BF28FBD8
Sat, Sep 20 2025 11:12;28.0;44.4;HT_3C71BF28FBD8
Sat, Sep 20 2025 11:21;28.0;44.8;HT_3C71BF28FBD8
Sat, Sep 20 2025 11:31;28.1;45.0;HT_3C71BF28FBD8
Sat, Sep 20 2025 11:41;28.1;45.3;HT_3C71BF28FBD8
Sat, Sep 20 2025 11:50;28.1;45.9;HT_3C71BF28FBD8
Sat, Sep 20 2025 12:00;28.1;46.3;HT_3C71BF28FBD8
Sat, Sep 20 2025 12:09;28.1;46.5;HT_3C71BF28FBD8
Sat, Sep 20 2025 12:19;28.2;47.0;HT_3C71BF28FBD8
Sat, Sep 20 2025 12:29;28.2;46.6;HT_3C71BF28FBD8
Sat, Sep 20 2025 12:38;28.2;46.5;HT_3C71BF28FBD8
Sat, Sep 20 2025 12:48;28.2;46.5;HT_3C71BF28FBD8
Sat, Sep 20 2025 12:57;28.2;46.9;HT_3C71BF28FBD8
Sat, Sep 20 2025 13:07;28.2;47.0;HT_3C71BF28FBD8
Sat, Sep 20 2025 13:17;28.3;46.7;HT_3C71BF28FBD8
Sat, Sep 20 2025 13:26;28.3;46.7;HT_3C71BF28FBD8
Sat, Sep 20 2025 13:36;28.3;46.7;HT_3C71BF28FBD8
Sat, Sep 20 2025 13:46;28.3;46.6;HT_3C71BF28FBD8
Sat, Sep 20 2025 13:55;28.4;46.5;HT_3C71BF28FBD8
Sat, Sep 20 2025 14:05;28.4;46.5;HT_3C71BF28FBD8
Sat, Sep 20 2025 14:14;28.4;46.4;HT_3C71BF28FBD8
Sat, Sep 20 2025 14:24;28.4;46.3;HT_3C71BF28FBD8
Sat, Sep 20 2025 14:34;28.4;46.6;HT_3C71BF28FBD8
Sat, Sep 20 2025 14:43;28.4;46.6;HT_3C71BF28FBD8
Sat, Sep 20 2025 14:53;28.5;46.7;HT_3C71BF28FBD8
Sat, Sep 20 2025 15:02;28.5;46.8;HT_3C71BF28FBD8
Sat, Sep 20 2025 15:12;28.5;46.7;HT_3C71BF28FBD8
Sat, Sep 20 2025 15:22;28.5;46.8;HT_3C71BF28FBD8
Sat, Sep 20 2025 15:31;28.6;46.9;HT_3C71BF28FBD8
Sat, Sep 20 2025 15:41;28.6;46.6;HT_3C71BF28FBD8
Sat, Sep 20 2025 15:51;28.6;46.4;HT_3C71BF28FBD8
Sat, Sep 20 2025 16:00;28.6;46.4;HT_3C71BF28FBD8
Sat, Sep 20 2025 16:10;28.7;46.3;HT_3C71BF28FBD8
Sat, Sep 20 2025 16:19;28.7;46.1;HT_3C71BF28FBD8
Sat, Sep 20 2025 16:29;28.7;46.1;HT_3C71BF28FBD8
Sat, Sep 20 2025 16:39;28.7;46.1;HT_3C71BF28FBD8
Sat, Sep 20 2025 16:48;28.7;46.3;HT_3C71BF28FBD8
Sat, Sep 20 2025 16:58;28.7;46.3;HT_3C71BF28FBD8
Sat, Sep 20 2025 17:07;28.7;46.4;HT_3C71BF28FBD8
Sat, Sep 20 2025 17:17;28.7;46.2;HT_3C71BF28FBD8
Sat, Sep 20 2025 17:27;28.8;46.0;HT_3C71BF28FBD8
Sat, Sep 20 2025 17:36;28.8;45.9;HT_3C71BF28FBD8
Sat, Sep 20 2025 17:46;28.8;45.8;HT_3C71BF28FBD8
Sat, Sep 20 2025 17:56;28.8;45.7;HT_3C71BF28FBD8
Sat, Sep 20 2025 18:05;28.8;45.5;HT_3C71BF28FBD8
Sat, Sep 20 2025 18:15;28.8;45.5;HT_3C71BF28FBD8
Sat, Sep 20 2025 18:24;28.8;45.4;HT_3C71BF28FBD8
Sat, Sep 20 2025 18:34;28.8;45.2;HT_3C71BF28FBD8
Sat, Sep 20 2025 18:44;28.9;45.1;HT_3C71BF28FBD8
Sat, Sep 20 2025 18:53;28.9;45.0;HT_3C71BF28FBD8
Sat, Sep 20 2025 19:03;28.9;44.9;HT_3C71BF28FBD8
Sat, Sep 20 2025 19:12;28.8;44.9;HT_3C71BF28FBD8
Sat, Sep 20 2025 19:22;28.8;44.7;HT_3C71BF28FBD8
Sat, Sep 20 2025 19:32;28.8;44.6;HT_3C71BF28FBD8
Sat, Sep 20 2025 19:41;28.9;44.5;HT_3C71BF28FBD8
Sat, Sep 20 2025 19:51;28.8;44.5;HT_3C71BF28FBD8
Sat, Sep 20 2025 20:00;28.8;44.4;HT_3C71BF28FBD8
Sat, Sep 20 2025 20:10;28.9;44.3;HT_3C71BF28FBD8
Sat, Sep 20 2025 20:20;28.9;44.3;HT_3C71BF28FBD8
Sat, Sep 20 2025 20:29;28.8;44.1;HT_3C71BF28FBD8
Sat, Sep 20 2025 20:39;28.9;44.0;HT_3C71BF28FBD8
Sat, Sep 20 2025 20:48;28.9;44.1;HT_3C71BF28FBD8
Sat, Sep 20 2025 20:58;28.9;44.0;HT_3C71BF28FBD8
Sat, Sep 20 2025 21:08;28.9;43.9;HT_3C71BF28FBD8
Sat, Sep 20 2025 21:17;28.8;43.9;HT_3C71BF28FBD8
Sat, Sep 20 2025 21:27;28.8;43.8;HT_3C71BF28FBD8
Sat, Sep 20 2025 21:37;28.8;43.7;HT_3C71BF28FBD8
Sat, Sep 20 2025 21:46;28.8;43.7;HT_3C71BF28FBD8
Sat, Sep 20 2025 21:56;28.8;43.6;HT_3C71BF28FBD8
Sat, Sep 20 2025 22:05;28.8;43.6;HT_3C71BF28FBD8
Sat, Sep 20 2025 22:15;28.8;43.5;HT_3C71BF28FBD8
Sat, Sep 20 2025 22:25;28.8;43.5;HT_3C71BF28FBD8
Sat, Sep 20 2025 22:34;28.8;43.5;HT_3C71BF28FBD8
Sat, Sep 20 2025 22:44;28.8;43.5;HT_3C71BF28FBD8
Sat, Sep 20 2025 22:53;28.8;43.5;HT_3C71BF28FBD8
Sat, Sep 20 2025 23:03;28.8;43.4;HT_3C71BF28FBD8
Sat, Sep 20 2025 23:13;28.8;43.4;HT_3C71BF28FBD8
Sat, Sep 20 2025 23:22;28.8;43.5;HT_3C71BF28FBD8
Sat, Sep 20 2025 23:32;28.8;43.4;HT_3C71BF28FBD8
Sat, Sep 20 2025 23:41;28.7;43.5;HT_3C71BF28FBD8
Sat, Sep 20 2025 23:51;28.7;43.5;HT_3C71BF28FBD8
Sun, Sep 21 2025 00:01;28.7;43.7;HT_3C71BF28FBD8
Sun, Sep 21 2025 00:10;28.7;43.7;HT_3C71BF28FBD8
Sun, Sep 21 2025 00:20;28.8;43.6;HT_3C71BF28FBD8
Sun, Sep 21 2025 00:30;28.7;43.5;HT_3C71BF28FBD8
Sun, Sep 21 2025 00:39;28.7;43.6;HT_3C71BF28FBD8
Sun, Sep 21 2025 00:49;28.7;43.8;HT_3C71BF28FBD8
Sun, Sep 21 2025 00:58;28.7;43.9;HT_3C71BF28FBD8
Sun, Sep 21 2025 01:08;28.7;43.8;HT_3C71BF28FBD8
Sun, Sep 21 2025 01:18;28.7;43.7;HT_3C71BF28FBD8
Sun, Sep 21 2025 01:27;28.7;43.6;HT_3C71BF28FBD8
Sun, Sep 21 2025 01:37;28.7;43.5;HT_3C71BF28FBD8
Sun, Sep 21 2025 01:46;28.7;43.6;HT_3C71BF28FBD8
Sun, Sep 21 2025 01:56;28.6;43.6;HT_3C71BF28FBD8
Sun, Sep 21 2025 02:06;28.7;43.5;HT_3C71BF28FBD8
Sun, Sep 21 2025 02:15;28.6;43.4;HT_3C71BF28FBD8
Sun, Sep 21 2025 02:25;28.6;43.4;HT_3C71BF28FBD8
Sun, Sep 21 2025 02:35;28.6;43.2;HT_3C71BF28FBD8
Sun, Sep 21 2025 02:44;28.6;43.1;HT_3C71BF28FBD8
Sun, Sep 21 2025 02:54;28.6;43.1;HT_3C71BF28FBD8
Sun, Sep 21 2025 03:03;28.5;43.1;HT_3C71BF28FBD8
Sun, Sep 21 2025 03:13;28.6;43.0;HT_3C71BF28FBD8
Sun, Sep 21 2025 03:23;28.5;42.9;HT_3C71BF28FBD8
Sun, Sep 21 2025 03:32;28.5;42.8;HT_3C71BF28FBD8
Sun, Sep 21 2025 03:42;28.5;42.8;HT_3C71BF28FBD8
Sun, Sep 21 2025 03:51;28.5;42.8;HT_3C71BF28FBD8
Sun, Sep 21 2025 04:01;28.5;42.6;HT_3C71BF28FBD8
Sun, Sep 21 2025 04:11;28.5;42.7;HT_3C71BF28FBD8
Sun, Sep 21 2025 04:20;28.4;42.6;HT_3C71BF28FBD8
Sun, Sep 21 2025 04:30;28.4;42.4;HT_3C71BF28FBD8
Sun, Sep 21 2025 04:39;28.4;42.1;HT_3C71BF28FBD8
Sun, Sep 21 2025 04:49;28.4;41.2;HT_3C71BF28FBD8
Sun, Sep 21 2025 04:59;28.4;40.8;HT_3C71BF28FBD8
Sun, Sep 21 2025 05:08;28.4;40.4;HT_3C71BF28FBD8
Sun, Sep 21 2025 05:18;28.3;40.0;HT_3C71BF28FBD8
Sun, Sep 21 2025 05:27;28.3;39.6;HT_3C71BF28FBD8
Sun, Sep 21 2025 05:37;28.3;39.5;HT_3C71BF28FBD8
Sun, Sep 21 2025 05:47;28.3;39.2;HT_3C71BF28FBD8
Sun, Sep 21 2025 05:56;28.2;38.9;HT_3C71BF28FBD8
Sun, Sep 21 2025 06:06;28.2;38.8;HT_3C71BF28FBD8
Sun, Sep 21 2025 06:15;28.2;38.5;HT_3C71BF28FBD8
Sun, Sep 21 2025 06:25;28.1;39.6;HT_3C71BF28FBD8
Sun, Sep 21 2025 06:35;28.1;42.9;HT_3C71BF28FBD8
Sun, Sep 21 2025 06:44;26.7;41.4;HT_3C71BF28FBD8
Sun, Sep 21 2025 06:54;24.8;50.9;HT_3C71BF28FBD8
Sun, Sep 21 2025 07:03;23.6;47.5;HT_3C71BF28FBD8
Sun, Sep 21 2025 07:13;23.5;48.5;HT_3C71BF28FBD8
Sun, Sep 21 2025 07:23;23.0;52.1;HT_3C71BF28FBD8
Sun, Sep 21 2025 07:32;22.8;47.0;HT_3C71BF28FBD8
Sun, Sep 21 2025 07:52;22.4;46.7;HT_3C71BF28FBD8
Sun, Sep 21 2025 08:01;22.5;53.3;HT_3C71BF28FBD8
Sun, Sep 21 2025 08:11;22.2;47.4;HT_3C71BF28FBD8
Sun, Sep 21 2025 08:21;22.3;54.6;HT_3C71BF28FBD8
Sun, Sep 21 2025 08:30;22.3;49.2;HT_3C71BF28FBD8
Sun, Sep 21 2025 08:40;22.1;55.6;HT_3C71BF28FBD8
Sun, Sep 21 2025 08:49;22.3;51.8;HT_3C71BF28FBD8
Sun, Sep 21 2025 08:59;22.0;54.9;HT_3C71BF28FBD8
Sun, Sep 21 2025 09:09;22.3;55.7;HT_3C71BF28FBD8
Sun, Sep 21 2025 09:18;21.9;49.2;HT_3C71BF28FBD8
Sun, Sep 21 2025 09:28;22.1;55.6;HT_3C71BF28FBD8
Sun, Sep 21 2025 09:37;22.2;50.2;HT_3C71BF28FBD8
Sun, Sep 21 2025 09:47;22.0;55.6;HT_3C71BF28FBD8
Sun, Sep 21 2025 09:57;22.2;50.3;HT_3C71BF28FBD8
Sun, Sep 21 2025 10:06;21.9;55.6;HT_3C71BF28FBD8
